order_id,order_date,customer_id,customer_age,gender,region,category,product,quantity,unit_price,discount_pct,payment_method,customer_rating,sales,month,age_group
ORD102680,2025-01-01,CUST1125,32.0,Male,North,Home & Kitchen,Cookware Set,1.0,63.13,5.0,UPI,4.0,59.97,2025-01-01,26-35
ORD101715,2025-01-01,CUST1899,36.0,Female,North,Beauty,Lipstick Set,2.0,21.29,5.0,UPI,4.0,40.45,2025-01-01,36-45
ORD101760,2025-01-01,CUST1421,51.0,Male,North,Clothing,Jeans,1.0,60.73,20.0,Cash on Delivery,5.0,48.58,2025-01-01,46-55
ORD100912,2025-01-01,CUST1374,34.0,Male,North,Sports,Dumbbell Set,4.0,41.23,0.0,Debit Card,3.0,164.92,2025-01-01,26-35
ORD101061,2025-01-01,CUST1496,18.0,Male,North,Electronics,Tablet,4.0,112.75,0.0,Credit Card,4.0,451.0,2025-01-01,18-25
ORD102939,2025-01-01,CUST1417,55.0,Male,East,Clothing,Jeans,4.0,49.23,15.0,Credit Card,5.0,167.38,2025-01-01,46-55
ORD102953,2025-01-01,CUST1593,37.0,Male,South,Sports,Yoga Mat,3.0,38.41,10.0,Cash on Delivery,4.0,103.71,2025-01-01,36-45
ORD100108,2025-01-02,CUST1810,43.0,Female,West,Clothing,Jeans,3.0,79.0,0.0,Cash on Delivery,5.0,237.0,2025-01-01,36-45
ORD102674,2025-01-02,CUST1445,40.0,Female,West,Home & Kitchen,Cookware Set,1.0,78.93,0.0,UPI,3.0,78.93,2025-01-01,36-45
ORD100624,2025-01-02,CUST1868,29.0,Female,North,Clothing,Jacket,1.0,36.51,0.0,UPI,3.0,36.51,2025-01-01,26-35
ORD101818,2025-01-02,CUST1653,41.0,Male,West,Clothing,Jacket,1.0,84.82,0.0,Net Banking,4.0,84.82,2025-01-01,36-45
ORD101037,2025-01-02,CUST1114,36.0,Male,South,Clothing,Sneakers,3.0,59.8,15.0,Cash on Delivery,4.0,152.49,2025-01-01,36-45
ORD100268,2025-01-02,CUST1965,34.0,Male,South,Electronics,Headphones,2.0,151.38,10.0,Credit Card,3.0,272.48,2025-01-01,26-35
ORD102045,2025-01-02,CUST1403,38.0,Female,West,Sports,Water Bottle,1.0,52.26,0.0,Debit Card,3.0,52.26,2025-01-01,36-45
ORD100651,2025-01-02,CUST1129,28.0,Male,North,Home & Kitchen,Bedsheet Set,1.0,10.06,10.0,UPI,5.0,9.05,2025-01-01,26-35
ORD102809,2025-01-02,CUST1269,42.0,Male,West,Sports,Yoga Mat,3.0,51.9,5.0,Cash on Delivery,3.0,147.92,2025-01-01,36-45
ORD102387,2025-01-03,CUST1919,25.0,Male,East,Electronics,Bluetooth Speaker,4.0,5.0,20.0,Net Banking,4.0,16.0,2025-01-01,18-25
ORD101866,2025-01-03,CUST1024,42.0,Female,West,Sports,Dumbbell Set,3.0,32.64,25.0,Credit Card,5.0,73.44,2025-01-01,36-45
ORD101457,2025-01-03,CUST1515,35.0,Female,West,Clothing,Sneakers,1.0,40.61,5.0,Credit Card,4.0,38.58,2025-01-01,26-35
ORD102768,2025-01-03,CUST1602,33.0,Male,North,Beauty,Lipstick Set,1.0,47.98,0.0,Net Banking,4.0,47.98,2025-01-01,26-35
ORD100573,2025-01-03,CUST1596,22.0,Female,South,Sports,Running Shoes,3.0,49.33,10.0,Credit Card,5.0,133.19,2025-01-01,18-25
ORD100483,2025-01-03,CUST1322,41.0,Female,East,Electronics,Headphones,1.0,224.06,0.0,UPI,5.0,224.06,2025-01-01,36-45
ORD102076,2025-01-03,CUST1457,30.0,Male,South,Clothing,Sneakers,2.0,61.74,0.0,Debit Card,4.0,123.48,2025-01-01,26-35
ORD101408,2025-01-03,CUST1018,39.0,Female,West,Home & Kitchen,Cookware Set,1.0,52.0,0.0,Credit Card,4.0,52.0,2025-01-01,36-45
ORD100298,2025-01-03,CUST1101,37.0,Male,West,Sports,Running Shoes,2.0,54.85,0.0,Cash on Delivery,4.0,109.7,2025-01-01,36-45
ORD101419,2025-01-03,CUST2027,33.0,Male,East,Clothing,Sneakers,2.0,17.79,10.0,UPI,4.0,32.02,2025-01-01,26-35
ORD101330,2025-01-04,CUST2054,41.0,Male,East,Clothing,Jacket,4.0,62.56,20.0,UPI,3.0,200.19,2025-01-01,36-45
ORD101821,2025-01-04,CUST1800,25.0,Male,South,Electronics,Smartwatch,1.0,145.32,10.0,Net Banking,3.0,130.79,2025-01-01,18-25
ORD101469,2025-01-04,CUST1619,51.0,Female,North,Sports,Dumbbell Set,1.0,39.13,10.0,UPI,3.0,35.22,2025-01-01,46-55
ORD102095,2025-01-04,CUST1869,31.0,Female,West,Beauty,Lipstick Set,1.0,42.64,5.0,Cash on Delivery,5.0,40.51,2025-01-01,26-35
ORD100219,2025-01-04,CUST1145,54.0,Female,South,Beauty,Face Cream,1.0,50.66,10.0,UPI,2.0,45.59,2025-01-01,46-55
ORD101071,2025-01-04,CUST1843,47.0,Male,South,Clothing,Jacket,1.0,59.09,5.0,Cash on Delivery,4.0,56.14,2025-01-01,46-55
ORD100190,2025-01-05,CUST1987,36.0,Male,West,Clothing,Jacket,5.0,54.54,15.0,UPI,4.0,231.8,2025-01-01,36-45
ORD101396,2025-01-05,CUST1644,37.0,Male,West,Clothing,T-Shirt,1.0,70.19,10.0,UPI,5.0,63.17,2025-01-01,36-45
ORD101200,2025-01-05,CUST2191,29.0,Female,South,Sports,Running Shoes,1.0,60.9,20.0,Credit Card,4.0,48.72,2025-01-01,26-35
ORD101175,2025-01-05,CUST1027,34.0,Male,West,Beauty,Lipstick Set,3.0,36.22,15.0,Cash on Delivery,5.0,92.36,2025-01-01,26-35
ORD100648,2025-01-06,CUST1293,41.0,Male,South,Electronics,Headphones,2.0,162.88,10.0,Debit Card,5.0,293.18,2025-01-01,36-45
ORD102827,2025-01-06,CUST1667,34.0,Female,South,Sports,Yoga Mat,1.0,84.01,10.0,Debit Card,3.0,75.61,2025-01-01,26-35
ORD101605,2025-01-06,CUST1699,34.0,Female,North,Clothing,Jacket,5.0,66.62,15.0,Cash on Delivery,4.0,283.14,2025-01-01,26-35
ORD100535,2025-01-06,CUST1574,48.0,Female,South,Clothing,Jeans,4.0,26.87,10.0,Credit Card,4.0,96.73,2025-01-01,46-55
ORD100020,2025-01-06,CUST1399,53.0,Female,South,Clothing,Sneakers,4.0,52.68,10.0,Credit Card,3.0,189.65,2025-01-01,46-55
ORD101696,2025-01-06,CUST1111,40.0,Female,West,Clothing,T-Shirt,1.0,57.54,0.0,Net Banking,5.0,57.54,2025-01-01,36-45
ORD101143,2025-01-06,CUST2138,20.0,Male,West,Electronics,Tablet,1.0,189.04,0.0,Credit Card,4.0,189.04,2025-01-01,18-25
ORD100399,2025-01-06,CUST1109,35.0,Male,Unknown,Home & Kitchen,Cookware Set,2.0,81.91,5.0,Credit Card,4.0,155.63,2025-01-01,26-35
ORD101153,2025-01-06,CUST1639,27.0,Female,North,Clothing,Jeans,2.0,18.68,20.0,UPI,4.0,29.89,2025-01-01,26-35
ORD101591,2025-01-06,CUST2157,37.0,Female,North,Electronics,Tablet,1.0,173.52,15.0,Net Banking,3.0,147.49,2025-01-01,36-45
ORD102391,2025-01-06,CUST1803,19.0,Female,West,Electronics,Bluetooth Speaker,2.0,342.42,5.0,UPI,4.0,650.6,2025-01-01,18-25
ORD102882,2025-01-07,CUST1135,36.0,Male,West,Clothing,Sneakers,1.0,62.42,15.0,UPI,4.0,53.06,2025-01-01,36-45
ORD102907,2025-01-07,CUST1393,32.0,Male,South,Electronics,Bluetooth Speaker,1.0,246.0,10.0,Net Banking,4.0,221.4,2025-01-01,26-35
ORD101251,2025-01-07,CUST1084,42.0,Male,North,Sports,Yoga Mat,2.0,45.82,20.0,Cash on Delivery,5.0,73.31,2025-01-01,36-45
ORD100777,2025-01-07,CUST1885,35.0,Female,East,Electronics,Tablet,1.0,194.37,0.0,Debit Card,4.0,194.37,2025-01-01,26-35
ORD101535,2025-01-07,CUST1815,30.0,Female,West,Home & Kitchen,Desk Lamp,3.0,79.77,15.0,UPI,5.0,203.41,2025-01-01,26-35
ORD101611,2025-01-07,CUST2166,21.0,Male,East,Clothing,Jacket,1.0,52.7,10.0,Credit Card,5.0,47.43,2025-01-01,18-25
ORD101775,2025-01-08,CUST1203,57.0,Female,North,Clothing,T-Shirt,1.0,19.95,5.0,Credit Card,3.0,18.95,2025-01-01,56+
ORD101997,2025-01-08,CUST1977,38.0,Female,West,Electronics,Bluetooth Speaker,2.0,210.38,20.0,Cash on Delivery,4.0,336.61,2025-01-01,36-45
ORD100454,2025-01-08,CUST1763,32.0,Female,Unknown,Sports,Dumbbell Set,1.0,49.67,5.0,Cash on Delivery,4.0,47.19,2025-01-01,26-35
ORD101690,2025-01-08,CUST1949,18.0,Male,South,Electronics,Bluetooth Speaker,4.0,120.51,15.0,Credit Card,4.0,409.73,2025-01-01,18-25
ORD102341,2025-01-08,CUST1640,37.0,Female,West,Home & Kitchen,Bedsheet Set,3.0,62.22,20.0,Credit Card,4.0,149.33,2025-01-01,36-45
ORD102613,2025-01-08,CUST1607,26.0,Female,South,Home & Kitchen,Air Fryer,1.0,56.13,10.0,UPI,4.0,50.52,2025-01-01,26-35
ORD102149,2025-01-09,CUST1981,50.0,Female,East,Clothing,T-Shirt,2.0,50.23,5.0,Credit Card,5.0,95.44,2025-01-01,46-55
ORD102203,2025-01-09,CUST1588,43.0,Male,South,Home & Kitchen,Air Fryer,5.0,40.21,20.0,Net Banking,3.0,160.84,2025-01-01,36-45
ORD100730,2025-01-09,CUST1858,47.0,Male,South,Clothing,Jacket,1.0,53.37,0.0,Credit Card,4.0,53.37,2025-01-01,46-55
ORD102141,2025-01-09,CUST1843,44.0,Female,East,Clothing,Jacket,1.0,80.6,0.0,UPI,5.0,80.6,2025-01-01,36-45
ORD102059,2025-01-09,CUST2066,25.0,Male,West,Home & Kitchen,Desk Lamp,2.0,43.04,25.0,Credit Card,4.0,64.56,2025-01-01,18-25
ORD100200,2025-01-09,CUST1771,36.0,Male,West,Clothing,T-Shirt,1.0,77.82,5.0,Net Banking,4.0,73.93,2025-01-01,36-45
ORD102686,2025-01-10,CUST2190,38.0,Female,South,Beauty,Perfume,1.0,50.95,0.0,UPI,4.0,50.95,2025-01-01,36-45
ORD101614,2025-01-10,CUST1146,51.0,Female,East,Home & Kitchen,Bedsheet Set,1.0,79.91,10.0,Credit Card,4.0,71.92,2025-01-01,46-55
ORD101624,2025-01-10,CUST2189,46.0,Male,West,Beauty,Perfume,2.0,15.2,0.0,Cash on Delivery,4.0,30.4,2025-01-01,46-55
ORD101940,2025-01-10,CUST2124,37.0,Female,South,Beauty,Hair Dryer,4.0,38.43,0.0,Credit Card,4.0,153.72,2025-01-01,36-45
ORD102938,2025-01-10,CUST1724,50.0,Female,North,Electronics,Smartwatch,5.0,229.63,10.0,Debit Card,4.0,1033.34,2025-01-01,46-55
ORD100885,2025-01-10,CUST1313,39.0,Male,South,Clothing,Sneakers,1.0,72.22,0.0,Cash on Delivery,5.0,72.22,2025-01-01,36-45
ORD101672,2025-01-10,CUST1227,58.0,Male,Unknown,Clothing,Jeans,4.0,59.47,10.0,UPI,4.0,214.09,2025-01-01,56+
ORD102464,2025-01-10,CUST1505,37.0,Male,South,Clothing,Jeans,1.0,68.88,5.0,Debit Card,4.0,65.44,2025-01-01,36-45
ORD100634,2025-01-11,CUST1648,45.0,Female,South,Home & Kitchen,Cookware Set,1.0,118.44,5.0,UPI,4.0,112.52,2025-01-01,36-45
ORD101249,2025-01-11,CUST1350,39.0,Male,South,Clothing,T-Shirt,1.0,48.05,0.0,Credit Card,3.0,48.05,2025-01-01,36-45
ORD100706,2025-01-11,CUST1914,36.0,Female,North,Home & Kitchen,Cookware Set,2.0,134.6575,10.0,Credit Card,4.0,242.38,2025-01-01,36-45
ORD101515,2025-01-11,CUST1072,30.0,Female,South,Sports,Yoga Mat,1.0,48.98,5.0,UPI,5.0,46.53,2025-01-01,26-35
ORD100468,2025-01-11,CUST2104,29.0,Male,North,Home & Kitchen,Air Fryer,1.0,96.56,5.0,Credit Card,5.0,91.73,2025-01-01,26-35
ORD102121,2025-01-11,CUST1796,39.0,Male,West,Beauty,Lipstick Set,2.0,34.3,10.0,UPI,5.0,61.74,2025-01-01,36-45
ORD100853,2025-01-11,CUST1423,36.0,Male,West,Sports,Yoga Mat,5.0,53.04,0.0,Credit Card,4.0,265.2,2025-01-01,36-45
ORD102802,2025-01-11,CUST1059,36.0,Male,North,Home & Kitchen,Air Fryer,1.0,64.64,0.0,UPI,4.0,64.64,2025-01-01,36-45
ORD101680,2025-01-11,CUST1919,45.0,Female,South,Home & Kitchen,Air Fryer,2.0,29.77,0.0,Cash on Delivery,3.0,59.54,2025-01-01,36-45
ORD102293,2025-01-12,CUST1387,33.0,Female,North,Clothing,Sneakers,1.0,21.89,10.0,UPI,4.0,19.7,2025-01-01,26-35
ORD101112,2025-01-12,CUST2026,36.0,Female,North,Sports,Running Shoes,2.0,44.07,5.0,Credit Card,4.0,83.73,2025-01-01,36-45
ORD101560,2025-01-12,CUST1629,21.0,Male,South,Electronics,Tablet,1.0,65.75,0.0,Credit Card,4.0,65.75,2025-01-01,18-25
ORD101816,2025-01-12,CUST1001,53.0,Male,West,Home & Kitchen,Air Fryer,2.0,106.9,15.0,Credit Card,2.0,181.73,2025-01-01,46-55
ORD102868,2025-01-12,CUST1411,57.0,Male,West,Home & Kitchen,Desk Lamp,3.0,50.26,15.0,Net Banking,5.0,128.16,2025-01-01,56+
ORD100407,2025-01-12,CUST1375,46.0,Female,East,Sports,Water Bottle,2.0,65.67,0.0,Debit Card,4.0,131.34,2025-01-01,46-55
ORD101975,2025-01-12,CUST1531,18.0,Male,South,Clothing,Jacket,1.0,54.54,0.0,Debit Card,4.0,54.54,2025-01-01,18-25
ORD101182,2025-01-12,CUST1659,30.0,Female,North,Clothing,Jacket,3.0,42.69,15.0,UPI,4.0,108.86,2025-01-01,26-35
ORD101122,2025-01-12,CUST1116,42.0,Male,North,Electronics,Tablet,1.0,194.04,0.0,UPI,4.0,194.04,2025-01-01,36-45
ORD101438,2025-01-13,CUST2127,49.0,Female,East,Sports,Water Bottle,2.0,41.56,0.0,UPI,5.0,83.12,2025-01-01,46-55
ORD101449,2025-01-13,CUST1630,46.0,Female,East,Beauty,Perfume,5.0,44.59,15.0,UPI,4.0,189.51,2025-01-01,46-55
ORD100870,2025-01-13,CUST1968,60.0,Male,East,Electronics,Tablet,3.0,84.5,0.0,UPI,5.0,253.5,2025-01-01,56+
ORD102729,2025-01-13,CUST1427,50.0,Female,South,Sports,Dumbbell Set,1.0,46.26,10.0,UPI,5.0,41.63,2025-01-01,46-55
ORD100347,2025-01-13,CUST2074,44.0,Male,West,Clothing,Jacket,1.0,71.06,10.0,Credit Card,3.0,63.95,2025-01-01,36-45
ORD100782,2025-01-13,CUST1049,55.0,Male,East,Home & Kitchen,Bedsheet Set,2.0,88.93,0.0,Debit Card,4.0,177.86,2025-01-01,46-55
ORD102102,2025-01-14,CUST1140,19.0,Female,North,Electronics,Tablet,1.0,113.38,0.0,UPI,5.0,113.38,2025-01-01,18-25
ORD101786,2025-01-14,CUST1262,34.0,Male,East,Beauty,Face Cream,2.0,30.53,15.0,UPI,4.0,51.9,2025-01-01,26-35
ORD100252,2025-01-14,CUST1269,30.0,Female,East,Beauty,Face Cream,2.0,5.0,5.0,Net Banking,3.0,9.5,2025-01-01,26-35
ORD102743,2025-01-15,CUST1891,36.0,Female,West,Sports,Dumbbell Set,2.0,52.31,0.0,UPI,5.0,104.62,2025-01-01,36-45
ORD102894,2025-01-15,CUST1990,36.0,Male,West,Home & Kitchen,Bedsheet Set,3.0,73.82,10.0,Cash on Delivery,4.0,199.31,2025-01-01,36-45
ORD102207,2025-01-15,CUST1350,45.0,Female,South,Home & Kitchen,Air Fryer,2.0,92.22,5.0,Credit Card,4.0,175.22,2025-01-01,36-45
ORD101882,2025-01-15,CUST1890,50.0,Female,South,Electronics,Tablet,1.0,251.69,20.0,Cash on Delivery,4.0,201.35,2025-01-01,46-55
ORD101397,2025-01-15,CUST1196,20.0,Female,North,Electronics,Smartwatch,1.0,253.85,25.0,Credit Card,4.0,190.39,2025-01-01,18-25
ORD100555,2025-01-15,CUST1452,40.0,Male,East,Electronics,Headphones,4.0,160.96,5.0,UPI,4.0,611.65,2025-01-01,36-45
ORD102232,2025-01-15,CUST1012,18.0,Female,West,Clothing,T-Shirt,3.0,55.76,20.0,Credit Card,4.0,133.82,2025-01-01,18-25
ORD102580,2025-01-15,CUST1339,40.0,Male,South,Electronics,Headphones,2.0,113.69,5.0,Debit Card,5.0,216.01,2025-01-01,36-45
ORD100857,2025-01-16,CUST1253,39.0,Male,South,Sports,Yoga Mat,1.0,58.55,0.0,UPI,3.0,58.55,2025-01-01,36-45
ORD100571,2025-01-16,CUST1779,38.0,Male,North,Clothing,T-Shirt,2.0,25.67,15.0,Cash on Delivery,3.0,43.64,2025-01-01,36-45
ORD100114,2025-01-16,CUST2104,26.0,Male,North,Clothing,T-Shirt,1.0,78.29,0.0,Credit Card,4.0,78.29,2025-01-01,26-35
ORD102466,2025-01-16,CUST1148,36.0,Male,South,Clothing,Sneakers,1.0,43.77,0.0,Debit Card,4.0,43.77,2025-01-01,36-45
ORD102431,2025-01-16,CUST1652,36.0,Male,East,Clothing,Jacket,1.0,54.84,0.0,UPI,5.0,54.84,2025-01-01,36-45
ORD102108,2025-01-16,CUST1974,30.0,Male,South,Sports,Yoga Mat,2.0,21.94,0.0,UPI,3.0,43.88,2025-01-01,26-35
ORD102301,2025-01-16,CUST1455,45.0,Female,East,Sports,Yoga Mat,1.0,92.89875,0.0,Cash on Delivery,3.0,92.9,2025-01-01,36-45
ORD100568,2025-01-16,CUST1584,30.0,Female,West,Beauty,Face Cream,2.0,54.86,10.0,Net Banking,3.0,98.75,2025-01-01,26-35
ORD101010,2025-01-16,CUST1946,36.0,Male,South,Home & Kitchen,Bedsheet Set,1.0,46.4,10.0,Credit Card,5.0,41.76,2025-01-01,36-45
ORD102402,2025-01-16,CUST1105,23.0,Male,South,Beauty,Perfume,1.0,26.58,10.0,Credit Card,5.0,23.92,2025-01-01,18-25
ORD100489,2025-01-16,CUST1359,35.0,Female,East,Home & Kitchen,Cookware Set,1.0,49.39,0.0,Credit Card,4.0,49.39,2025-01-01,26-35
ORD102968,2025-01-16,CUST2110,56.0,Male,West,Clothing,T-Shirt,1.0,65.82,5.0,Credit Card,5.0,62.53,2025-01-01,56+
ORD100558,2025-01-16,CUST1723,55.0,Female,North,Clothing,Jacket,1.0,48.52,0.0,UPI,3.0,48.52,2025-01-01,46-55
ORD102380,2025-01-17,CUST1306,45.0,Male,West,Sports,Dumbbell Set,2.0,47.49,5.0,UPI,4.0,90.23,2025-01-01,36-45
ORD101098,2025-01-17,CUST1973,34.0,Female,South,Beauty,Hair Dryer,1.0,45.04,20.0,UPI,4.0,36.03,2025-01-01,26-35
ORD102111,2025-01-17,CUST1487,33.0,Female,North,Clothing,Sneakers,1.0,15.15,5.0,UPI,3.0,14.39,2025-01-01,26-35
ORD100449,2025-01-17,CUST1246,34.0,Female,West,Clothing,Sneakers,1.0,68.01,15.0,UPI,4.0,57.81,2025-01-01,26-35
ORD101583,2025-01-17,CUST1270,41.0,Male,East,Sports,Dumbbell Set,1.0,44.04,0.0,Cash on Delivery,5.0,44.04,2025-01-01,36-45
ORD102710,2025-01-18,CUST1563,46.0,Female,West,Electronics,Tablet,4.0,196.11,0.0,Net Banking,5.0,784.44,2025-01-01,46-55
ORD101146,2025-01-18,CUST1508,26.0,Male,East,Clothing,Sneakers,1.0,70.57,0.0,UPI,4.0,70.57,2025-01-01,26-35
ORD101296,2025-01-18,CUST1752,35.0,Male,South,Electronics,Smartwatch,1.0,167.19,5.0,UPI,5.0,158.83,2025-01-01,26-35
ORD101987,2025-01-18,CUST2048,26.0,Female,North,Electronics,Bluetooth Speaker,1.0,130.69,0.0,Credit Card,5.0,130.69,2025-01-01,26-35
ORD102703,2025-01-18,CUST2131,36.0,Male,Unknown,Sports,Water Bottle,1.0,68.37,5.0,Credit Card,5.0,64.95,2025-01-01,36-45
ORD101309,2025-01-18,CUST1459,43.0,Male,North,Electronics,Headphones,2.0,110.79,0.0,UPI,4.0,221.58,2025-01-01,36-45
ORD101985,2025-01-19,CUST1933,25.0,Female,South,Clothing,Jacket,1.0,17.38,10.0,Credit Card,4.0,15.64,2025-01-01,18-25
ORD102421,2025-01-19,CUST1684,41.0,Male,South,Beauty,Perfume,1.0,35.88,10.0,Credit Card,4.0,32.29,2025-01-01,36-45
ORD100552,2025-01-19,CUST1905,29.0,Male,West,Electronics,Smartwatch,1.0,349.39,0.0,Net Banking,4.0,349.39,2025-01-01,26-35
ORD102311,2025-01-19,CUST1024,37.0,Female,North,Clothing,T-Shirt,2.0,44.58,0.0,Credit Card,3.0,89.16,2025-01-01,36-45
ORD101467,2025-01-19,CUST1725,36.0,Female,North,Clothing,T-Shirt,1.0,68.14,20.0,UPI,5.0,54.51,2025-01-01,36-45
ORD100396,2025-01-19,CUST2101,35.0,Female,South,Electronics,Headphones,2.0,234.71,0.0,Credit Card,4.0,469.42,2025-01-01,26-35
ORD102940,2025-01-20,CUST2061,37.0,Male,West,Home & Kitchen,Desk Lamp,1.0,58.33,25.0,Debit Card,4.0,43.75,2025-01-01,36-45
ORD101026,2025-01-20,CUST1749,47.0,Female,East,Electronics,Tablet,2.0,215.16,0.0,Credit Card,2.0,430.32,2025-01-01,46-55
ORD101058,2025-01-20,CUST1192,31.0,Male,West,Sports,Water Bottle,4.0,65.58,15.0,Net Banking,4.0,222.97,2025-01-01,26-35
ORD101354,2025-01-20,CUST1763,41.0,Female,North,Electronics,Smartwatch,1.0,43.09,0.0,UPI,4.0,43.09,2025-01-01,36-45
ORD101281,2025-01-20,CUST1377,46.0,Male,Unknown,Home & Kitchen,Cookware Set,1.0,100.78,15.0,Cash on Delivery,5.0,85.66,2025-01-01,46-55
ORD100166,2025-01-20,CUST1173,41.0,Male,East,Electronics,Smartwatch,1.0,173.18,0.0,UPI,3.0,173.18,2025-01-01,36-45
ORD102320,2025-01-20,CUST1403,52.0,Male,West,Clothing,Jacket,4.0,40.73,20.0,Credit Card,4.0,130.34,2025-01-01,46-55
ORD100485,2025-01-20,CUST2139,45.0,Female,North,Sports,Dumbbell Set,1.0,19.9,0.0,UPI,4.0,19.9,2025-01-01,36-45
ORD100456,2025-01-20,CUST2057,48.0,Female,North,Sports,Dumbbell Set,1.0,35.34,0.0,UPI,4.0,35.34,2025-01-01,46-55
ORD101630,2025-01-20,CUST2126,43.0,Male,East,Clothing,Jacket,1.0,46.96,5.0,Credit Card,5.0,44.61,2025-01-01,36-45
ORD100038,2025-01-21,CUST2067,19.0,Female,South,Sports,Dumbbell Set,1.0,61.08,0.0,UPI,3.0,61.08,2025-01-01,18-25
ORD102871,2025-01-21,CUST1475,19.0,Male,South,Clothing,T-Shirt,3.0,53.22,0.0,Net Banking,3.0,159.66,2025-01-01,18-25
ORD101348,2025-01-21,CUST1571,30.0,Male,North,Electronics,Bluetooth Speaker,3.0,311.25,25.0,Credit Card,4.0,700.31,2025-01-01,26-35
ORD100746,2025-01-21,CUST1661,36.0,Male,Unknown,Home & Kitchen,Bedsheet Set,1.0,72.79,5.0,Credit Card,4.0,69.15,2025-01-01,36-45
ORD101110,2025-01-21,CUST2172,28.0,Female,South,Sports,Yoga Mat,1.0,46.24,10.0,Net Banking,5.0,41.62,2025-01-01,26-35
ORD101719,2025-01-21,CUST1571,39.0,Female,West,Home & Kitchen,Bedsheet Set,1.0,82.53,5.0,Net Banking,4.0,78.4,2025-01-01,36-45
ORD101482,2025-01-21,CUST1098,32.0,Male,West,Beauty,Face Cream,1.0,19.98,25.0,Credit Card,4.0,14.98,2025-01-01,26-35
ORD101486,2025-01-21,CUST1578,42.0,Female,East,Sports,Yoga Mat,1.0,53.51,0.0,Credit Card,4.0,53.51,2025-01-01,36-45
ORD101000,2025-01-21,CUST2067,41.0,Male,South,Home & Kitchen,Cookware Set,2.0,54.79,0.0,Debit Card,5.0,109.58,2025-01-01,36-45
ORD102889,2025-01-21,CUST1901,58.0,Female,North,Beauty,Face Cream,1.0,31.92,0.0,Cash on Delivery,5.0,31.92,2025-01-01,56+
ORD101893,2025-01-21,CUST1322,18.0,Male,West,Clothing,T-Shirt,1.0,87.77,25.0,Debit Card,3.0,65.83,2025-01-01,18-25
ORD100327,2025-01-22,CUST1342,38.0,Male,South,Sports,Yoga Mat,1.0,92.89875,10.0,UPI,3.0,83.61,2025-01-01,36-45
ORD102317,2025-01-22,CUST1963,38.0,Female,West,Clothing,T-Shirt,5.0,48.87,5.0,UPI,4.0,232.13,2025-01-01,36-45
ORD100532,2025-01-22,CUST1324,56.0,Female,East,Electronics,Bluetooth Speaker,2.0,128.78,10.0,Credit Card,4.0,231.8,2025-01-01,56+
ORD100956,2025-01-22,CUST1029,36.0,Female,West,Electronics,Tablet,1.0,174.62,0.0,Credit Card,5.0,174.62,2025-01-01,36-45
ORD101586,2025-01-22,CUST1668,21.0,Male,South,Electronics,Smartwatch,2.0,348.9,10.0,Credit Card,3.0,628.02,2025-01-01,18-25
ORD102230,2025-01-22,CUST1118,37.0,Female,South,Beauty,Hair Dryer,4.0,46.94,0.0,Credit Card,5.0,187.76,2025-01-01,36-45
ORD101157,2025-01-22,CUST1222,41.0,Male,West,Clothing,Jeans,1.0,67.82,15.0,Net Banking,5.0,57.65,2025-01-01,36-45
ORD102685,2025-01-22,CUST1546,30.0,Female,North,Home & Kitchen,Desk Lamp,2.0,40.36,25.0,Cash on Delivery,3.0,60.54,2025-01-01,26-35
ORD101067,2025-01-22,CUST2063,18.0,Male,South,Beauty,Hair Dryer,1.0,40.14,15.0,Net Banking,5.0,34.12,2025-01-01,18-25
ORD102002,2025-01-22,CUST2187,37.0,Male,North,Sports,Dumbbell Set,1.0,48.97,0.0,Net Banking,4.0,48.97,2025-01-01,36-45
ORD101100,2025-01-23,CUST1656,27.0,Male,West,Electronics,Bluetooth Speaker,2.0,288.06,5.0,Cash on Delivery,4.0,547.31,2025-01-01,26-35
ORD101675,2025-01-23,CUST1361,29.0,Male,South,Clothing,T-Shirt,1.0,41.29,10.0,Credit Card,5.0,37.16,2025-01-01,26-35
ORD100819,2025-01-23,CUST1972,26.0,Female,East,Beauty,Hair Dryer,1.0,6.43,0.0,Credit Card,4.0,6.43,2025-01-01,26-35
ORD101342,2025-01-23,CUST1450,38.0,Female,South,Sports,Running Shoes,1.0,10.55,0.0,Net Banking,4.0,10.55,2025-01-01,36-45
ORD100181,2025-01-23,CUST1344,41.0,Female,West,Home & Kitchen,Desk Lamp,1.0,18.26,0.0,Debit Card,4.0,18.26,2025-01-01,36-45
ORD101950,2025-01-23,CUST1215,18.0,Female,East,Beauty,Lipstick Set,5.0,28.67,5.0,Credit Card,4.0,136.18,2025-01-01,18-25
ORD101033,2025-01-23,CUST1183,52.0,Female,South,Home & Kitchen,Cookware Set,3.0,59.45,5.0,Credit Card,4.0,169.43,2025-01-01,46-55
ORD100141,2025-01-23,CUST1766,41.0,Female,West,Sports,Dumbbell Set,4.0,32.28,10.0,Credit Card,3.0,116.21,2025-01-01,36-45
ORD102160,2025-01-23,CUST1545,48.0,Female,West,Home & Kitchen,Desk Lamp,3.0,61.06,10.0,Credit Card,4.0,164.86,2025-01-01,46-55
ORD100980,2025-01-23,CUST1506,36.0,Female,South,Clothing,Sneakers,2.0,73.86,0.0,Net Banking,4.0,147.72,2025-01-01,36-45
ORD102113,2025-01-23,CUST1642,18.0,Female,East,Home & Kitchen,Air Fryer,2.0,61.03,0.0,UPI,5.0,122.06,2025-01-01,18-25
ORD100296,2025-01-23,CUST2167,37.0,Female,North,Electronics,Smartwatch,2.0,150.3,10.0,UPI,3.0,270.54,2025-01-01,36-45
ORD100497,2025-01-24,CUST1909,23.0,Female,West,Home & Kitchen,Bedsheet Set,3.0,43.94,20.0,Net Banking,4.0,105.46,2025-01-01,18-25
ORD102327,2025-01-24,CUST1885,43.0,Female,West,Electronics,Headphones,2.0,171.79000000000002,5.0,UPI,4.0,326.4,2025-01-01,36-45
ORD100283,2025-01-24,CUST1177,32.0,Male,North,Sports,Water Bottle,2.0,71.91,0.0,Net Banking,5.0,143.82,2025-01-01,26-35
ORD101259,2025-01-24,CUST1261,38.0,Male,South,Electronics,Headphones,1.0,121.85,10.0,Cash on Delivery,4.0,109.66,2025-01-01,36-45
ORD101632,2025-01-24,CUST2147,41.0,Male,South,Sports,Water Bottle,3.0,40.31,5.0,Credit Card,5.0,114.88,2025-01-01,36-45
ORD100033,2025-01-24,CUST1832,35.0,Female,West,Clothing,Sneakers,3.0,40.89,5.0,Debit Card,3.0,116.54,2025-01-01,26-35
ORD102657,2025-01-24,CUST1099,30.0,Female,West,Electronics,Headphones,1.0,215.2,5.0,Debit Card,3.0,204.44,2025-01-01,26-35
ORD102993,2025-01-24,CUST2053,23.0,Female,Unknown,Sports,Water Bottle,3.0,68.6,25.0,UPI,3.0,154.35,2025-01-01,18-25
ORD100923,2025-01-24,CUST1998,32.0,Female,South,Clothing,Sneakers,3.0,66.5,10.0,UPI,4.0,179.55,2025-01-01,26-35
ORD100070,2025-01-24,CUST1955,21.0,Female,South,Sports,Running Shoes,1.0,41.32,10.0,UPI,4.0,37.19,2025-01-01,18-25
ORD101461,2025-01-24,CUST1692,32.0,Male,West,Home & Kitchen,Cookware Set,1.0,78.76,0.0,Credit Card,5.0,78.76,2025-01-01,26-35
ORD100243,2025-01-24,CUST1049,28.0,Female,South,Sports,Water Bottle,1.0,37.66,0.0,Cash on Delivery,4.0,37.66,2025-01-01,26-35
ORD100402,2025-01-25,CUST1358,28.0,Female,South,Clothing,T-Shirt,1.0,63.74,0.0,UPI,5.0,63.74,2025-01-01,26-35
ORD102544,2025-01-25,CUST1907,49.0,Female,East,Clothing,T-Shirt,2.0,53.17,10.0,Credit Card,5.0,95.71,2025-01-01,46-55
ORD101979,2025-01-25,CUST2174,34.0,Male,South,Beauty,Hair Dryer,2.0,43.8,15.0,UPI,4.0,74.46,2025-01-01,26-35
ORD102199,2025-01-25,CUST1360,32.0,Female,East,Clothing,Sneakers,3.0,12.64,5.0,Credit Card,3.0,36.02,2025-01-01,26-35
ORD100433,2025-01-25,CUST2073,34.0,Male,North,Home & Kitchen,Bedsheet Set,2.0,78.19,5.0,Credit Card,4.0,148.56,2025-01-01,26-35
ORD102128,2025-01-25,CUST2158,36.0,Female,West,Electronics,Smartwatch,1.0,176.4,20.0,Cash on Delivery,4.0,141.12,2025-01-01,36-45
ORD102376,2025-01-25,CUST1326,36.0,Male,South,Sports,Running Shoes,1.0,66.09,10.0,Credit Card,4.0,59.48,2025-01-01,36-45
ORD102206,2025-01-25,CUST1113,33.0,Female,West,Home & Kitchen,Air Fryer,4.0,30.57,5.0,UPI,3.0,116.17,2025-01-01,26-35
ORD100419,2025-01-25,CUST1276,36.0,Male,West,Home & Kitchen,Bedsheet Set,1.0,71.04,15.0,Credit Card,4.0,60.38,2025-01-01,36-45
ORD100696,2025-01-25,CUST1647,38.0,Male,South,Beauty,Lipstick Set,3.0,41.97,25.0,Credit Card,5.0,94.43,2025-01-01,36-45
ORD100210,2025-01-25,CUST2157,31.0,Male,South,Beauty,Lipstick Set,2.0,28.19,20.0,UPI,5.0,45.1,2025-01-01,26-35
ORD102812,2025-01-26,CUST1653,29.0,Male,North,Sports,Water Bottle,4.0,24.85,0.0,Credit Card,5.0,99.4,2025-01-01,26-35
ORD102010,2025-01-26,CUST1566,42.0,Male,East,Beauty,Hair Dryer,2.0,24.46,0.0,Debit Card,3.0,48.92,2025-01-01,36-45
ORD102610,2025-01-26,CUST1919,34.0,Female,South,Clothing,T-Shirt,1.0,30.96,15.0,UPI,4.0,26.32,2025-01-01,26-35
ORD101195,2025-01-26,CUST1744,32.0,Male,East,Beauty,Lipstick Set,1.0,53.0,0.0,Credit Card,4.0,53.0,2025-01-01,26-35
ORD102453,2025-01-27,CUST1645,25.0,Male,West,Beauty,Lipstick Set,2.0,32.57,5.0,Cash on Delivery,5.0,61.88,2025-01-01,18-25
ORD101803,2025-01-27,CUST1859,28.0,Male,West,Sports,Yoga Mat,1.0,49.63,0.0,Credit Card,5.0,49.63,2025-01-01,26-35
ORD101514,2025-01-27,CUST1268,31.0,Female,West,Electronics,Headphones,1.0,194.25,0.0,Debit Card,4.0,194.25,2025-01-01,26-35
ORD101921,2025-01-27,CUST1659,39.0,Female,South,Beauty,Perfume,4.0,29.09,15.0,Debit Card,3.0,98.91,2025-01-01,36-45
ORD102675,2025-01-27,CUST1369,27.0,Female,North,Beauty,Lipstick Set,1.0,37.18,10.0,Credit Card,5.0,33.46,2025-01-01,26-35
ORD102013,2025-01-27,CUST1174,36.0,Female,South,Electronics,Headphones,2.0,176.15,0.0,Credit Card,4.0,352.3,2025-01-01,36-45
ORD101125,2025-01-27,CUST1929,40.0,Male,North,Clothing,T-Shirt,1.0,90.07,15.0,Cash on Delivery,4.0,76.56,2025-01-01,36-45
ORD101147,2025-01-27,CUST1396,39.0,Male,West,Sports,Yoga Mat,1.0,71.74,20.0,Credit Card,5.0,57.39,2025-01-01,36-45
ORD101826,2025-01-27,CUST2034,44.0,Female,West,Electronics,Bluetooth Speaker,1.0,121.32,0.0,Net Banking,5.0,121.32,2025-01-01,36-45
ORD100150,2025-01-28,CUST1495,52.0,Female,East,Clothing,Jacket,3.0,30.56,0.0,Cash on Delivery,4.0,91.68,2025-01-01,46-55
ORD102448,2025-01-28,CUST1149,40.0,Female,East,Clothing,Sneakers,3.0,72.47,0.0,UPI,5.0,217.41,2025-01-01,36-45
ORD101120,2025-01-28,CUST1320,18.0,Male,South,Home & Kitchen,Air Fryer,3.0,90.33,10.0,Credit Card,4.0,243.89,2025-01-01,18-25
ORD101387,2025-01-28,CUST2084,49.0,Male,South,Sports,Yoga Mat,2.0,29.92,10.0,Credit Card,3.0,53.86,2025-01-01,46-55
ORD102190,2025-01-28,CUST2131,18.0,Female,East,Electronics,Headphones,2.0,82.24,0.0,Net Banking,5.0,164.48,2025-01-01,18-25
ORD102518,2025-01-28,CUST1912,26.0,Male,West,Clothing,Jeans,4.0,64.4,0.0,Credit Card,2.0,257.6,2025-01-01,26-35
ORD102910,2025-01-28,CUST1834,36.0,Male,South,Clothing,Jeans,1.0,39.09,10.0,Cash on Delivery,3.0,35.18,2025-01-01,36-45
ORD101173,2025-01-28,CUST1506,32.0,Female,South,Clothing,Jacket,1.0,53.39,0.0,UPI,3.0,53.39,2025-01-01,26-35
ORD101795,2025-01-29,CUST1949,34.0,Male,North,Home & Kitchen,Desk Lamp,1.0,27.01,0.0,Credit Card,3.0,27.01,2025-01-01,26-35
ORD100569,2025-01-29,CUST2003,44.0,Male,South,Sports,Water Bottle,1.0,62.52,10.0,Net Banking,3.0,56.27,2025-01-01,36-45
ORD102619,2025-01-29,CUST1205,22.0,Female,Unknown,Electronics,Bluetooth Speaker,1.0,240.71,0.0,Credit Card,3.0,240.71,2025-01-01,18-25
ORD101346,2025-01-29,CUST1817,40.0,Female,West,Sports,Yoga Mat,2.0,46.6,10.0,Credit Card,4.0,83.88,2025-01-01,36-45
ORD102210,2025-01-29,CUST1345,48.0,Female,North,Beauty,Perfume,3.0,45.4,0.0,UPI,4.0,136.2,2025-01-01,46-55
ORD102863,2025-01-29,CUST2157,38.0,Male,West,Home & Kitchen,Cookware Set,1.0,83.54,25.0,Debit Card,3.0,62.66,2025-01-01,36-45
ORD100011,2025-01-29,CUST1780,37.0,Female,Unknown,Clothing,Jeans,1.0,54.18,0.0,UPI,5.0,54.18,2025-01-01,36-45
ORD100260,2025-01-29,CUST1237,36.0,Female,West,Home & Kitchen,Cookware Set,1.0,58.62,5.0,UPI,4.0,55.69,2025-01-01,36-45
ORD101201,2025-01-29,CUST1282,39.0,Male,East,Home & Kitchen,Air Fryer,1.0,26.59,0.0,Credit Card,4.0,26.59,2025-01-01,36-45
ORD101133,2025-01-30,CUST1139,47.0,Male,North,Sports,Water Bottle,1.0,55.73,0.0,Debit Card,4.0,55.73,2025-01-01,46-55
ORD101163,2025-01-30,CUST2179,43.0,Male,North,Sports,Water Bottle,3.0,31.19,15.0,Credit Card,4.0,79.53,2025-01-01,36-45
ORD101872,2025-01-30,CUST1230,50.0,Male,South,Home & Kitchen,Cookware Set,4.0,49.14,10.0,Cash on Delivery,4.0,176.9,2025-01-01,46-55
ORD102109,2025-01-30,CUST1585,54.0,Male,West,Sports,Yoga Mat,2.0,37.78,0.0,UPI,3.0,75.56,2025-01-01,46-55
ORD102103,2025-01-30,CUST1698,28.0,Male,East,Beauty,Hair Dryer,2.0,49.9,15.0,Cash on Delivery,4.0,84.83,2025-01-01,26-35
ORD102537,2025-01-30,CUST1654,34.0,Male,East,Clothing,Sneakers,1.0,65.78,10.0,Credit Card,3.0,59.2,2025-01-01,26-35
ORD102302,2025-01-30,CUST1695,43.0,Male,North,Sports,Water Bottle,1.0,49.27,0.0,UPI,4.0,49.27,2025-01-01,36-45
ORD100894,2025-01-31,CUST1577,31.0,Male,South,Home & Kitchen,Air Fryer,5.0,71.95,20.0,Net Banking,4.0,287.8,2025-01-01,26-35
ORD100722,2025-01-31,CUST1845,37.0,Female,North,Electronics,Tablet,4.0,71.69,0.0,UPI,4.0,286.76,2025-01-01,36-45
ORD100775,2025-01-31,CUST1511,44.0,Female,South,Electronics,Tablet,1.0,258.46,10.0,Credit Card,5.0,232.61,2025-01-01,36-45
ORD100186,2025-01-31,CUST1832,35.0,Female,West,Sports,Running Shoes,3.0,41.4,10.0,UPI,5.0,111.78,2025-01-01,26-35
ORD102853,2025-01-31,CUST1361,35.0,Male,South,Clothing,Jeans,2.0,41.26,15.0,Credit Card,5.0,70.14,2025-01-01,26-35
ORD102165,2025-01-31,CUST1377,20.0,Male,West,Clothing,Sneakers,2.0,12.57,10.0,UPI,3.0,22.63,2025-01-01,18-25
ORD100750,2025-01-31,CUST1754,22.0,Male,South,Home & Kitchen,Air Fryer,2.0,51.14,10.0,Cash on Delivery,4.0,92.05,2025-01-01,18-25
ORD102181,2025-01-31,CUST1564,25.0,Male,North,Clothing,Jeans,1.0,41.38,25.0,Debit Card,3.0,31.04,2025-01-01,18-25
ORD101420,2025-01-31,CUST1013,21.0,Male,South,Electronics,Bluetooth Speaker,3.0,221.42,0.0,Debit Card,5.0,664.26,2025-01-01,18-25
ORD101761,2025-01-31,CUST1603,45.0,Male,East,Sports,Dumbbell Set,1.0,79.91,25.0,Credit Card,5.0,59.93,2025-01-01,36-45
ORD100143,2025-01-31,CUST1041,42.0,Male,Unknown,Sports,Dumbbell Set,1.0,57.5,25.0,Debit Card,5.0,43.12,2025-01-01,36-45
ORD100294,2025-02-01,CUST2190,45.0,Male,East,Sports,Water Bottle,3.0,61.01,25.0,Credit Card,4.0,137.27,2025-02-01,36-45
ORD101104,2025-02-01,CUST2076,58.0,Female,Unknown,Beauty,Lipstick Set,4.0,15.93,0.0,Debit Card,5.0,63.72,2025-02-01,56+
ORD100822,2025-02-01,CUST1048,60.0,Male,South,Home & Kitchen,Cookware Set,1.0,111.53,20.0,Credit Card,4.0,89.22,2025-02-01,56+
ORD101617,2025-02-01,CUST2044,40.0,Female,South,Clothing,Jeans,2.0,83.02,10.0,Credit Card,4.0,149.44,2025-02-01,36-45
ORD101884,2025-02-01,CUST1068,18.0,Female,Unknown,Home & Kitchen,Bedsheet Set,3.0,90.6,0.0,Credit Card,3.0,271.8,2025-02-01,18-25
ORD100546,2025-02-02,CUST1107,28.0,Female,East,Beauty,Hair Dryer,2.0,30.2,10.0,Credit Card,4.0,54.36,2025-02-01,26-35
ORD100627,2025-02-02,CUST1395,42.0,Female,East,Clothing,Jacket,3.0,57.3,5.0,Cash on Delivery,3.0,163.3,2025-02-01,36-45
ORD100678,2025-02-02,CUST1438,33.0,Female,North,Beauty,Lipstick Set,2.0,39.62,0.0,UPI,4.0,79.24,2025-02-01,26-35
ORD102637,2025-02-02,CUST1786,34.0,Male,North,Beauty,Hair Dryer,4.0,54.25,15.0,Credit Card,5.0,184.45,2025-02-01,26-35
ORD102167,2025-02-02,CUST1174,28.0,Male,North,Home & Kitchen,Bedsheet Set,1.0,91.06,20.0,UPI,5.0,72.85,2025-02-01,26-35
ORD102848,2025-02-02,CUST2164,32.0,Female,North,Sports,Yoga Mat,1.0,41.47,0.0,UPI,4.0,41.47,2025-02-01,26-35
ORD100385,2025-02-02,CUST1115,28.0,Male,West,Beauty,Hair Dryer,2.0,40.62,5.0,UPI,5.0,77.18,2025-02-01,26-35
ORD102373,2025-02-02,CUST1638,46.0,Female,East,Sports,Water Bottle,2.0,47.54,0.0,UPI,5.0,95.08,2025-02-01,46-55
ORD102162,2025-02-02,CUST1591,40.0,Female,South,Electronics,Bluetooth Speaker,4.0,109.56,0.0,Credit Card,5.0,438.24,2025-02-01,36-45
ORD102389,2025-02-03,CUST1785,36.0,Male,West,Electronics,Bluetooth Speaker,4.0,230.61,10.0,UPI,4.0,830.2,2025-02-01,36-45
ORD101360,2025-02-03,CUST1853,45.0,Male,East,Electronics,Smartwatch,5.0,192.82,10.0,Credit Card,4.0,867.69,2025-02-01,36-45
ORD101964,2025-02-03,CUST1016,21.0,Male,Unknown,Electronics,Headphones,3.0,187.67,10.0,Credit Card,4.0,506.71,2025-02-01,18-25
ORD102941,2025-02-03,CUST2069,36.0,Male,West,Home & Kitchen,Bedsheet Set,4.0,66.91,15.0,UPI,4.0,227.49,2025-02-01,36-45
ORD101639,2025-02-03,CUST1527,49.0,Male,Unknown,Electronics,Smartwatch,2.0,237.6,0.0,Credit Card,5.0,475.2,2025-02-01,46-55
ORD100826,2025-02-03,CUST1672,40.0,Female,East,Home & Kitchen,Air Fryer,1.0,40.16,0.0,Credit Card,4.0,40.16,2025-02-01,36-45
ORD100916,2025-02-04,CUST2075,42.0,Female,North,Home & Kitchen,Air Fryer,4.0,111.83,15.0,Credit Card,4.0,380.22,2025-02-01,36-45
ORD101403,2025-02-04,CUST1320,52.0,Male,West,Sports,Yoga Mat,3.0,27.66,10.0,UPI,4.0,74.68,2025-02-01,46-55
ORD100242,2025-02-04,CUST1840,45.0,Male,South,Beauty,Face Cream,1.0,29.46,0.0,Credit Card,4.0,29.46,2025-02-01,36-45
ORD100304,2025-02-04,CUST1328,40.0,Female,South,Sports,Running Shoes,3.0,39.89,5.0,UPI,4.0,113.69,2025-02-01,36-45
ORD102912,2025-02-04,CUST1606,31.0,Male,South,Clothing,Jeans,1.0,58.89,0.0,UPI,4.0,58.89,2025-02-01,26-35
ORD101724,2025-02-04,CUST1147,36.0,Female,West,Clothing,Jeans,2.0,63.33,0.0,UPI,4.0,126.66,2025-02-01,36-45
ORD100540,2025-02-04,CUST1271,26.0,Female,South,Sports,Running Shoes,2.0,34.3,0.0,UPI,5.0,68.6,2025-02-01,26-35
ORD100727,2025-02-04,CUST1958,38.0,Male,East,Clothing,Sneakers,1.0,67.81,0.0,UPI,5.0,67.81,2025-02-01,36-45
ORD102927,2025-02-04,CUST2132,41.0,Female,East,Clothing,T-Shirt,2.0,62.21,0.0,Credit Card,4.0,124.42,2025-02-01,36-45
ORD102296,2025-02-04,CUST2197,18.0,Male,North,Electronics,Headphones,1.0,184.43,5.0,UPI,5.0,175.21,2025-02-01,18-25
ORD101518,2025-02-05,CUST2020,18.0,Male,West,Beauty,Perfume,4.0,18.77,25.0,UPI,4.0,56.31,2025-02-01,18-25
ORD101297,2025-02-05,CUST1813,35.0,Male,East,Clothing,Jeans,3.0,41.97,5.0,Credit Card,4.0,119.61,2025-02-01,26-35
ORD100700,2025-02-05,CUST1997,36.0,Male,South,Sports,Running Shoes,4.0,28.33,25.0,Cash on Delivery,4.0,84.99,2025-02-01,36-45
ORD102405,2025-02-05,CUST1015,23.0,Male,South,Beauty,Perfume,3.0,48.5,10.0,Credit Card,4.0,130.95,2025-02-01,18-25
ORD100984,2025-02-05,CUST2083,53.0,Female,Unknown,Beauty,Lipstick Set,1.0,26.58,5.0,Cash on Delivery,4.0,25.25,2025-02-01,46-55
ORD100488,2025-02-05,CUST1351,36.0,Male,Unknown,Sports,Running Shoes,4.0,55.04,5.0,UPI,4.0,209.15,2025-02-01,36-45
ORD100265,2025-02-06,CUST1080,20.0,Male,East,Home & Kitchen,Desk Lamp,1.0,61.16,15.0,UPI,5.0,51.99,2025-02-01,18-25
ORD102364,2025-02-06,CUST1310,43.0,Male,East,Sports,Dumbbell Set,2.0,10.64,25.0,Debit Card,4.0,15.96,2025-02-01,36-45
ORD102898,2025-02-06,CUST1459,22.0,Male,West,Clothing,Sneakers,3.0,50.25,20.0,Credit Card,3.0,120.6,2025-02-01,18-25
ORD101088,2025-02-06,CUST1584,19.0,Male,West,Beauty,Perfume,1.0,14.97,10.0,Credit Card,5.0,13.47,2025-02-01,18-25
ORD101463,2025-02-06,CUST1266,35.0,Female,North,Clothing,Jacket,2.0,66.57,5.0,Debit Card,5.0,126.48,2025-02-01,26-35
ORD100309,2025-02-06,CUST1243,23.0,Male,West,Electronics,Bluetooth Speaker,1.0,156.62,10.0,UPI,3.0,140.96,2025-02-01,18-25
ORD102830,2025-02-07,CUST1980,57.0,Male,South,Beauty,Perfume,3.0,60.95,0.0,Cash on Delivery,4.0,182.85,2025-02-01,56+
ORD102616,2025-02-07,CUST1926,39.0,Female,North,Electronics,Bluetooth Speaker,1.0,242.75,10.0,Credit Card,4.0,218.48,2025-02-01,36-45
ORD101578,2025-02-07,CUST1187,35.0,Male,South,Beauty,Lipstick Set,1.0,24.76,25.0,UPI,4.0,18.57,2025-02-01,26-35
ORD100732,2025-02-07,CUST1392,36.0,Female,East,Clothing,Jacket,5.0,85.82,5.0,Credit Card,4.0,407.64,2025-02-01,36-45
ORD102349,2025-02-07,CUST1730,36.0,Female,South,Clothing,Jeans,3.0,51.81,5.0,Debit Card,4.0,147.66,2025-02-01,36-45
ORD101142,2025-02-07,CUST1087,45.0,Female,Unknown,Clothing,T-Shirt,4.0,37.21,20.0,Credit Card,4.0,119.07,2025-02-01,36-45
ORD101519,2025-02-07,CUST2103,46.0,Male,South,Beauty,Perfume,1.0,26.89,25.0,Credit Card,5.0,20.17,2025-02-01,46-55
ORD100201,2025-02-07,CUST1887,18.0,Female,North,Electronics,Smartwatch,3.0,171.23,5.0,Debit Card,4.0,488.01,2025-02-01,18-25
ORD100511,2025-02-07,CUST1567,58.0,Male,West,Clothing,Jacket,1.0,26.83,0.0,Credit Card,3.0,26.83,2025-02-01,56+
ORD101720,2025-02-07,CUST1173,36.0,Female,South,Electronics,Smartwatch,1.0,305.29,0.0,UPI,5.0,305.29,2025-02-01,36-45
ORD101476,2025-02-07,CUST1075,36.0,Male,East,Clothing,Sneakers,3.0,57.92,0.0,Cash on Delivery,5.0,173.76,2025-02-01,36-45
ORD102720,2025-02-07,CUST1823,45.0,Female,East,Home & Kitchen,Cookware Set,4.0,81.58,0.0,UPI,4.0,326.32,2025-02-01,36-45
ORD100444,2025-02-07,CUST1507,36.0,Male,North,Clothing,Jeans,3.0,14.97,10.0,UPI,5.0,40.42,2025-02-01,36-45
ORD102211,2025-02-08,CUST1738,37.0,Male,East,Electronics,Smartwatch,1.0,156.06,0.0,UPI,3.0,156.06,2025-02-01,36-45
ORD102878,2025-02-08,CUST2133,30.0,Male,West,Beauty,Perfume,1.0,34.96,0.0,UPI,5.0,34.96,2025-02-01,26-35
ORD102715,2025-02-08,CUST1905,33.0,Male,North,Beauty,Perfume,1.0,49.14,25.0,UPI,4.0,36.86,2025-02-01,26-35
ORD101260,2025-02-08,CUST1585,25.0,Male,North,Electronics,Tablet,1.0,35.64,20.0,Cash on Delivery,5.0,28.51,2025-02-01,18-25
ORD102471,2025-02-08,CUST1461,26.0,Male,South,Home & Kitchen,Desk Lamp,2.0,43.08,10.0,Credit Card,5.0,77.54,2025-02-01,26-35
ORD102738,2025-02-08,CUST1953,45.0,Female,East,Home & Kitchen,Cookware Set,2.0,44.41,10.0,Cash on Delivery,5.0,79.94,2025-02-01,36-45
ORD102964,2025-02-08,CUST2175,32.0,Male,West,Home & Kitchen,Bedsheet Set,1.0,95.94,5.0,Credit Card,5.0,91.14,2025-02-01,26-35
ORD101388,2025-02-08,CUST1641,36.0,Female,North,Clothing,Jeans,3.0,50.52,0.0,UPI,4.0,151.56,2025-02-01,36-45
ORD101373,2025-02-09,CUST2055,41.0,Male,West,Clothing,Jacket,1.0,83.76,10.0,Credit Card,4.0,75.38,2025-02-01,36-45
ORD101714,2025-02-09,CUST1861,46.0,Female,West,Electronics,Headphones,2.0,167.47,25.0,Credit Card,4.0,251.2,2025-02-01,46-55
ORD102839,2025-02-09,CUST1506,21.0,Female,East,Electronics,Smartwatch,1.0,296.53,5.0,Cash on Delivery,4.0,281.7,2025-02-01,18-25
ORD100665,2025-02-09,CUST1957,36.0,Male,South,Clothing,T-Shirt,2.0,40.53,5.0,UPI,3.0,77.01,2025-02-01,36-45
ORD102352,2025-02-09,CUST1116,41.0,Female,South,Beauty,Lipstick Set,1.0,46.53,5.0,Credit Card,4.0,44.2,2025-02-01,36-45
ORD101894,2025-02-09,CUST2185,32.0,Male,South,Clothing,T-Shirt,1.0,67.7,0.0,UPI,4.0,67.7,2025-02-01,26-35
ORD101219,2025-02-09,CUST2068,21.0,Male,East,Electronics,Tablet,1.0,60.94,5.0,UPI,5.0,57.89,2025-02-01,18-25
ORD102110,2025-02-09,CUST1890,18.0,Male,West,Electronics,Bluetooth Speaker,1.0,265.36,10.0,Credit Card,4.0,238.82,2025-02-01,18-25
ORD100395,2025-02-09,CUST1694,36.0,Male,West,Beauty,Perfume,1.0,33.09,5.0,UPI,4.0,31.44,2025-02-01,36-45
ORD100798,2025-02-09,CUST1692,19.0,Male,West,Electronics,Tablet,3.0,172.31,0.0,Debit Card,5.0,516.93,2025-02-01,18-25
ORD101983,2025-02-09,CUST1148,18.0,Female,West,Sports,Running Shoes,5.0,13.7,0.0,UPI,4.0,68.5,2025-02-01,18-25
ORD100408,2025-02-09,CUST1225,23.0,Male,Unknown,Clothing,Jeans,5.0,61.29,0.0,Cash on Delivery,3.0,306.45,2025-02-01,18-25
ORD101812,2025-02-10,CUST1010,36.0,Male,South,Home & Kitchen,Bedsheet Set,3.0,90.22,0.0,UPI,4.0,270.66,2025-02-01,36-45
ORD101726,2025-02-10,CUST1411,31.0,Female,West,Clothing,Sneakers,3.0,84.69,0.0,Credit Card,5.0,254.07,2025-02-01,26-35
ORD101693,2025-02-10,CUST2000,25.0,Female,South,Electronics,Tablet,1.0,174.62,5.0,Cash on Delivery,5.0,165.89,2025-02-01,18-25
ORD101465,2025-02-10,CUST2112,33.0,Male,South,Electronics,Bluetooth Speaker,1.0,257.52,0.0,UPI,3.0,257.52,2025-02-01,26-35
ORD100133,2025-02-10,CUST1257,48.0,Female,North,Home & Kitchen,Air Fryer,1.0,73.46,10.0,Credit Card,4.0,66.11,2025-02-01,46-55
ORD100049,2025-02-10,CUST2181,29.0,Male,East,Beauty,Perfume,1.0,21.89,0.0,Credit Card,4.0,21.89,2025-02-01,26-35
ORD100646,2025-02-10,CUST2183,21.0,Female,East,Sports,Dumbbell Set,2.0,22.67,20.0,UPI,5.0,36.27,2025-02-01,18-25
ORD102649,2025-02-11,CUST1122,37.0,Male,Unknown,Clothing,T-Shirt,4.0,35.65,10.0,UPI,3.0,128.34,2025-02-01,36-45
ORD102525,2025-02-11,CUST1135,38.0,Female,North,Clothing,Jacket,1.0,75.22,10.0,UPI,4.0,67.7,2025-02-01,36-45
ORD100068,2025-02-11,CUST1727,42.0,Male,North,Electronics,Tablet,5.0,206.64,0.0,Credit Card,5.0,1033.2,2025-02-01,36-45
ORD100597,2025-02-11,CUST1296,36.0,Female,South,Home & Kitchen,Bedsheet Set,1.0,131.96,0.0,UPI,5.0,131.96,2025-02-01,36-45
ORD101236,2025-02-11,CUST1323,37.0,Female,South,Beauty,Hair Dryer,1.0,29.06,5.0,Net Banking,4.0,27.61,2025-02-01,36-45
ORD100044,2025-02-11,CUST1472,26.0,Female,East,Electronics,Tablet,2.0,262.53,10.0,Credit Card,4.0,472.55,2025-02-01,26-35
ORD100780,2025-02-11,CUST1147,35.0,Female,West,Clothing,Jacket,4.0,61.03,0.0,Cash on Delivery,4.0,244.12,2025-02-01,26-35
ORD101801,2025-02-11,CUST2144,21.0,Female,Unknown,Electronics,Smartwatch,1.0,197.62,0.0,Cash on Delivery,4.0,197.62,2025-02-01,18-25
ORD101051,2025-02-11,CUST1424,33.0,Female,South,Sports,Running Shoes,2.0,41.53,5.0,UPI,5.0,78.91,2025-02-01,26-35
ORD100921,2025-02-11,CUST1101,28.0,Female,South,Home & Kitchen,Desk Lamp,1.0,91.62,20.0,UPI,3.0,73.3,2025-02-01,26-35
ORD102896,2025-02-11,CUST1601,41.0,Female,South,Electronics,Smartwatch,1.0,247.18,0.0,UPI,4.0,247.18,2025-02-01,36-45
ORD102760,2025-02-12,CUST2086,59.0,Male,East,Home & Kitchen,Cookware Set,1.0,122.78,10.0,Debit Card,4.0,110.5,2025-02-01,56+
ORD100383,2025-02-12,CUST1749,43.0,Female,West,Beauty,Lipstick Set,1.0,34.63,5.0,UPI,5.0,32.9,2025-02-01,36-45
ORD100561,2025-02-12,CUST1900,39.0,Female,East,Clothing,Sneakers,1.0,63.22,0.0,Credit Card,4.0,63.22,2025-02-01,36-45
ORD101655,2025-02-12,CUST1565,44.0,Female,South,Electronics,Smartwatch,2.0,230.96,25.0,UPI,4.0,346.44,2025-02-01,36-45
ORD100948,2025-02-12,CUST1739,37.0,Female,East,Sports,Running Shoes,1.0,34.15,0.0,UPI,3.0,34.15,2025-02-01,36-45
ORD101412,2025-02-13,CUST1882,34.0,Female,North,Home & Kitchen,Desk Lamp,3.0,45.72,25.0,Debit Card,4.0,102.87,2025-02-01,26-35
ORD102356,2025-02-13,CUST1590,28.0,Male,West,Sports,Yoga Mat,2.0,42.16,10.0,UPI,4.0,75.89,2025-02-01,26-35
ORD101381,2025-02-13,CUST1445,18.0,Female,West,Beauty,Lipstick Set,2.0,31.9,10.0,Credit Card,3.0,57.42,2025-02-01,18-25
ORD102549,2025-02-13,CUST1241,34.0,Female,South,Clothing,Sneakers,1.0,66.64,0.0,Credit Card,5.0,66.64,2025-02-01,26-35
ORD101927,2025-02-13,CUST1390,36.0,Male,East,Sports,Water Bottle,4.0,31.75,5.0,UPI,5.0,120.65,2025-02-01,36-45
ORD102020,2025-02-13,CUST2120,22.0,Female,South,Home & Kitchen,Bedsheet Set,1.0,50.6,10.0,Net Banking,4.0,45.54,2025-02-01,18-25
ORD101960,2025-02-13,CUST1307,34.0,Male,South,Clothing,T-Shirt,1.0,68.99,0.0,Credit Card,5.0,68.99,2025-02-01,26-35
ORD102834,2025-02-13,CUST2150,30.0,Female,South,Clothing,Sneakers,1.0,72.47,25.0,Cash on Delivery,4.0,54.35,2025-02-01,26-35
ORD101667,2025-02-14,CUST1024,41.0,Male,West,Clothing,Jacket,4.0,49.97,15.0,Debit Card,5.0,169.9,2025-02-01,36-45
ORD101988,2025-02-14,CUST1106,36.0,Male,South,Clothing,T-Shirt,3.0,90.44,10.0,Net Banking,3.0,244.19,2025-02-01,36-45
ORD100957,2025-02-14,CUST2014,22.0,Female,East,Sports,Yoga Mat,5.0,38.54,5.0,UPI,4.0,183.06,2025-02-01,18-25
ORD102173,2025-02-14,CUST1192,48.0,Male,Unknown,Sports,Dumbbell Set,1.0,33.68,0.0,Credit Card,3.0,33.68,2025-02-01,46-55
ORD102994,2025-02-14,CUST1318,36.0,Female,West,Electronics,Headphones,3.0,16.68,10.0,UPI,5.0,45.04,2025-02-01,36-45
ORD100544,2025-02-14,CUST1969,36.0,Male,West,Clothing,Jeans,1.0,77.71,10.0,Debit Card,4.0,69.94,2025-02-01,36-45
ORD100362,2025-02-14,CUST1504,45.0,Male,South,Clothing,Jacket,2.0,50.14,20.0,Credit Card,2.0,80.22,2025-02-01,36-45
ORD102712,2025-02-14,CUST1037,55.0,Male,North,Beauty,Lipstick Set,4.0,55.78,10.0,Cash on Delivery,4.0,200.81,2025-02-01,46-55
ORD100156,2025-02-14,CUST1520,42.0,Male,South,Beauty,Perfume,1.0,33.73,15.0,Credit Card,4.0,28.67,2025-02-01,36-45
ORD101447,2025-02-14,CUST1053,36.0,Male,North,Home & Kitchen,Desk Lamp,2.0,68.28,15.0,Debit Card,4.0,116.08,2025-02-01,36-45
ORD102726,2025-02-14,CUST1822,41.0,Female,Unknown,Beauty,Face Cream,1.0,44.97,10.0,Cash on Delivery,3.0,40.47,2025-02-01,36-45
ORD100425,2025-02-15,CUST2135,34.0,Female,West,Clothing,Sneakers,1.0,52.09,5.0,Debit Card,4.0,49.49,2025-02-01,26-35
ORD100197,2025-02-15,CUST1008,34.0,Female,West,Sports,Dumbbell Set,2.0,68.14,5.0,Debit Card,5.0,129.47,2025-02-01,26-35
ORD101332,2025-02-15,CUST1831,18.0,Male,West,Electronics,Smartwatch,1.0,192.74,0.0,Debit Card,5.0,192.74,2025-02-01,18-25
ORD101845,2025-02-15,CUST1840,19.0,Male,East,Beauty,Perfume,1.0,8.12,0.0,UPI,5.0,8.12,2025-02-01,18-25
ORD100821,2025-02-15,CUST1112,34.0,Female,East,Home & Kitchen,Cookware Set,2.0,47.15,0.0,Net Banking,4.0,94.3,2025-02-01,26-35
ORD100854,2025-02-15,CUST1573,57.0,Male,West,Clothing,Jeans,1.0,77.08,0.0,Credit Card,4.0,77.08,2025-02-01,56+
ORD101646,2025-02-16,CUST1191,36.0,Male,East,Clothing,Jacket,2.0,56.89,10.0,UPI,4.0,102.4,2025-02-01,36-45
ORD102976,2025-02-16,CUST2171,43.0,Male,North,Sports,Water Bottle,2.0,60.93,0.0,UPI,3.0,121.86,2025-02-01,36-45
ORD102950,2025-02-16,CUST1491,29.0,Female,Unknown,Clothing,Jeans,5.0,81.12,10.0,Credit Card,5.0,365.04,2025-02-01,26-35
ORD101621,2025-02-16,CUST1172,36.0,Female,West,Home & Kitchen,Desk Lamp,1.0,61.72,0.0,UPI,5.0,61.72,2025-02-01,36-45
ORD101563,2025-02-16,CUST1456,45.0,Female,East,Home & Kitchen,Desk Lamp,1.0,15.84,5.0,UPI,4.0,15.05,2025-02-01,36-45
ORD100484,2025-02-16,CUST2183,18.0,Female,West,Beauty,Hair Dryer,4.0,10.54,5.0,Debit Card,5.0,40.05,2025-02-01,18-25
ORD101504,2025-02-16,CUST1199,39.0,Male,South,Beauty,Perfume,1.0,27.8,15.0,Credit Card,5.0,23.63,2025-02-01,36-45
ORD100371,2025-02-17,CUST2161,24.0,Female,East,Home & Kitchen,Cookware Set,4.0,55.53,5.0,Credit Card,5.0,211.01,2025-02-01,18-25
ORD100843,2025-02-17,CUST2142,37.0,Male,East,Home & Kitchen,Bedsheet Set,1.0,119.1,10.0,Debit Card,4.0,107.19,2025-02-01,36-45
ORD102262,2025-02-17,CUST1982,61.0,Female,North,Electronics,Headphones,1.0,171.79000000000002,0.0,Credit Card,4.0,171.79,2025-02-01,56+
ORD102757,2025-02-17,CUST1436,33.0,Male,West,Electronics,Bluetooth Speaker,1.0,221.93,25.0,Cash on Delivery,4.0,166.45,2025-02-01,26-35
ORD101021,2025-02-17,CUST1382,40.0,Female,West,Beauty,Hair Dryer,1.0,42.46,0.0,Cash on Delivery,4.0,42.46,2025-02-01,36-45
ORD101879,2025-02-18,CUST1696,56.0,Male,North,Home & Kitchen,Bedsheet Set,1.0,36.59,5.0,UPI,4.0,34.76,2025-02-01,56+
ORD100412,2025-02-18,CUST1910,31.0,Female,West,Electronics,Headphones,1.0,318.09,10.0,Cash on Delivery,4.0,286.28,2025-02-01,26-35
ORD102658,2025-02-18,CUST2141,18.0,Male,South,Beauty,Face Cream,1.0,26.66,0.0,Credit Card,5.0,26.66,2025-02-01,18-25
ORD101436,2025-02-18,CUST1848,38.0,Male,South,Home & Kitchen,Air Fryer,3.0,47.63,5.0,Credit Card,3.0,135.75,2025-02-01,36-45
ORD102913,2025-02-18,CUST1995,38.0,Male,East,Home & Kitchen,Cookware Set,2.0,73.13,5.0,Debit Card,4.0,138.95,2025-02-01,36-45
ORD100202,2025-02-18,CUST2165,42.0,Male,North,Home & Kitchen,Bedsheet Set,2.0,93.47,15.0,Credit Card,3.0,158.9,2025-02-01,36-45
ORD100626,2025-02-18,CUST1526,31.0,Female,East,Clothing,Jeans,2.0,32.98,0.0,Credit Card,5.0,65.96,2025-02-01,26-35
ORD101934,2025-02-18,CUST2065,34.0,Male,South,Clothing,Jacket,1.0,73.08,20.0,Debit Card,3.0,58.46,2025-02-01,26-35
ORD100688,2025-02-18,CUST1441,24.0,Female,East,Home & Kitchen,Air Fryer,2.0,33.02,20.0,Net Banking,4.0,52.83,2025-02-01,18-25
ORD101706,2025-02-19,CUST1620,49.0,Female,East,Clothing,Sneakers,3.0,41.42,0.0,Net Banking,5.0,124.26,2025-02-01,46-55
ORD101244,2025-02-19,CUST1472,45.0,Male,North,Clothing,Sneakers,1.0,70.44,10.0,UPI,4.0,63.4,2025-02-01,36-45
ORD101006,2025-02-19,CUST1923,23.0,Female,West,Beauty,Perfume,1.0,20.64,20.0,UPI,2.0,16.51,2025-02-01,18-25
ORD101483,2025-02-19,CUST1278,39.0,Female,South,Electronics,Smartwatch,4.0,204.16,25.0,Credit Card,5.0,612.48,2025-02-01,36-45
ORD100452,2025-02-19,CUST1536,32.0,Male,West,Electronics,Tablet,1.0,165.24,5.0,Credit Card,3.0,156.98,2025-02-01,26-35
ORD102813,2025-02-19,CUST1297,18.0,Male,South,Electronics,Tablet,2.0,275.02,0.0,Credit Card,3.0,550.04,2025-02-01,18-25
ORD100481,2025-02-19,CUST1615,18.0,Male,East,Electronics,Headphones,1.0,292.37,0.0,UPI,4.0,292.37,2025-02-01,18-25
ORD102602,2025-02-19,CUST2144,41.0,Female,East,Sports,Water Bottle,2.0,50.07,5.0,Credit Card,3.0,95.13,2025-02-01,36-45
ORD100270,2025-02-19,CUST1161,37.0,Female,West,Home & Kitchen,Air Fryer,1.0,59.33,20.0,UPI,3.0,47.46,2025-02-01,36-45
ORD102587,2025-02-19,CUST1466,30.0,Male,Unknown,Beauty,Perfume,2.0,17.32,20.0,Credit Card,5.0,27.71,2025-02-01,26-35
ORD100397,2025-02-19,CUST1537,50.0,Male,South,Home & Kitchen,Bedsheet Set,2.0,78.61,0.0,Cash on Delivery,4.0,157.22,2025-02-01,46-55
ORD102312,2025-02-19,CUST1708,36.0,Male,East,Clothing,T-Shirt,4.0,38.85,10.0,UPI,4.0,139.86,2025-02-01,36-45
ORD102838,2025-02-20,CUST1251,28.0,Female,North,Home & Kitchen,Bedsheet Set,2.0,51.52,5.0,UPI,4.0,97.89,2025-02-01,26-35
ORD102522,2025-02-20,CUST1742,38.0,Male,South,Sports,Yoga Mat,3.0,42.04,15.0,Credit Card,5.0,107.2,2025-02-01,36-45
ORD100683,2025-02-20,CUST1591,28.0,Male,South,Home & Kitchen,Bedsheet Set,2.0,89.61,0.0,Debit Card,5.0,179.22,2025-02-01,26-35
ORD101115,2025-02-20,CUST2100,42.0,Male,South,Electronics,Tablet,1.0,38.84,0.0,Debit Card,2.0,38.84,2025-02-01,36-45
ORD100040,2025-02-20,CUST1925,53.0,Male,East,Home & Kitchen,Cookware Set,4.0,98.95,0.0,Credit Card,4.0,395.8,2025-02-01,46-55
ORD102952,2025-02-20,CUST1491,34.0,Male,South,Clothing,Jacket,1.0,20.97,0.0,Debit Card,3.0,20.97,2025-02-01,26-35
ORD100314,2025-02-20,CUST1665,49.0,Male,East,Electronics,Headphones,2.0,220.73,5.0,UPI,5.0,419.39,2025-02-01,46-55
ORD100656,2025-02-20,CUST2022,36.0,Male,East,Sports,Running Shoes,2.0,63.65,0.0,Debit Card,4.0,127.3,2025-02-01,36-45
ORD100559,2025-02-21,CUST1886,27.0,Male,South,Beauty,Hair Dryer,1.0,45.2,10.0,Credit Card,4.0,40.68,2025-02-01,26-35
ORD101045,2025-02-21,CUST2056,27.0,Male,North,Home & Kitchen,Air Fryer,4.0,78.59,0.0,Debit Card,3.0,314.36,2025-02-01,26-35
ORD101240,2025-02-21,CUST1789,40.0,Female,North,Home & Kitchen,Air Fryer,1.0,76.07,0.0,Credit Card,4.0,76.07,2025-02-01,36-45
ORD101794,2025-02-21,CUST1767,46.0,Female,West,Electronics,Headphones,1.0,106.16,5.0,Net Banking,3.0,100.85,2025-02-01,46-55
ORD100123,2025-02-21,CUST1433,32.0,Female,West,Beauty,Face Cream,1.0,13.76,5.0,UPI,4.0,13.07,2025-02-01,26-35
ORD100096,2025-02-21,CUST2059,41.0,Female,South,Home & Kitchen,Air Fryer,1.0,58.31,10.0,Credit Card,3.0,52.48,2025-02-01,36-45
ORD101422,2025-02-21,CUST1230,36.0,Female,East,Electronics,Tablet,1.0,72.87,15.0,Debit Card,5.0,61.94,2025-02-01,36-45
ORD102344,2025-02-21,CUST1456,40.0,Male,North,Clothing,Sneakers,1.0,30.66,5.0,UPI,4.0,29.13,2025-02-01,36-45
ORD102478,2025-02-21,CUST1861,50.0,Male,West,Home & Kitchen,Air Fryer,1.0,51.24,10.0,Credit Card,4.0,46.12,2025-02-01,46-55
ORD100786,2025-02-21,CUST2043,40.0,Male,West,Home & Kitchen,Bedsheet Set,2.0,67.52,5.0,UPI,5.0,128.29,2025-02-01,36-45
ORD102177,2025-02-21,CUST1701,23.0,Female,North,Beauty,Perfume,1.0,41.1,0.0,Cash on Delivery,3.0,41.1,2025-02-01,18-25
ORD100840,2025-02-21,CUST1037,37.0,Male,West,Electronics,Tablet,2.0,204.48,10.0,Credit Card,3.0,368.06,2025-02-01,36-45
ORD102011,2025-02-21,CUST2138,39.0,Male,West,Home & Kitchen,Air Fryer,1.0,86.24,0.0,UPI,3.0,86.24,2025-02-01,36-45
ORD102803,2025-02-22,CUST1657,41.0,Male,North,Clothing,Jacket,1.0,37.89,0.0,UPI,5.0,37.89,2025-02-01,36-45
ORD100180,2025-02-22,CUST1676,37.0,Female,West,Clothing,T-Shirt,1.0,68.82,10.0,Credit Card,4.0,61.94,2025-02-01,36-45
ORD102996,2025-02-22,CUST2148,36.0,Female,North,Sports,Dumbbell Set,3.0,24.12,5.0,Credit Card,4.0,68.74,2025-02-01,36-45
ORD102429,2025-02-22,CUST1194,20.0,Female,West,Electronics,Tablet,1.0,191.1,10.0,Credit Card,4.0,171.99,2025-02-01,18-25
ORD100042,2025-02-22,CUST2072,48.0,Female,West,Clothing,T-Shirt,2.0,46.4,0.0,Net Banking,4.0,92.8,2025-02-01,46-55
ORD102134,2025-02-22,CUST2144,38.0,Male,East,Home & Kitchen,Bedsheet Set,1.0,19.1,15.0,UPI,5.0,16.24,2025-02-01,36-45
ORD100447,2025-02-22,CUST1837,18.0,Female,East,Clothing,Sneakers,1.0,71.72,15.0,Credit Card,5.0,60.96,2025-02-01,18-25
ORD101027,2025-02-22,CUST1393,21.0,Female,East,Sports,Running Shoes,1.0,37.1,0.0,Cash on Delivery,4.0,37.1,2025-02-01,18-25
ORD102324,2025-02-22,CUST1515,18.0,Male,West,Electronics,Bluetooth Speaker,1.0,120.81,10.0,Cash on Delivery,4.0,108.73,2025-02-01,18-25
ORD102821,2025-02-23,CUST1001,44.0,Female,South,Clothing,Jeans,2.0,59.25,10.0,Debit Card,5.0,106.65,2025-02-01,36-45
ORD102187,2025-02-23,CUST1462,41.0,Male,West,Clothing,Jeans,1.0,42.1,25.0,Credit Card,4.0,31.58,2025-02-01,36-45
ORD102782,2025-02-23,CUST1784,24.0,Female,Unknown,Electronics,Tablet,1.0,209.41,20.0,UPI,5.0,167.53,2025-02-01,18-25
ORD100874,2025-02-24,CUST1060,59.0,Male,South,Beauty,Perfume,1.0,29.4,15.0,Credit Card,4.0,24.99,2025-02-01,56+
ORD100575,2025-02-24,CUST1603,58.0,Male,West,Home & Kitchen,Bedsheet Set,3.0,83.12,0.0,Cash on Delivery,4.0,249.36,2025-02-01,56+
ORD100795,2025-02-24,CUST1220,35.0,Male,South,Home & Kitchen,Air Fryer,2.0,88.08,5.0,UPI,4.0,167.35,2025-02-01,26-35
ORD102555,2025-02-24,CUST1854,19.0,Male,West,Electronics,Headphones,1.0,238.51,10.0,UPI,4.0,214.66,2025-02-01,18-25
ORD100564,2025-02-24,CUST1988,46.0,Female,West,Clothing,Jacket,2.0,78.93,0.0,Cash on Delivery,5.0,157.86,2025-02-01,46-55
ORD102789,2025-02-24,CUST1326,36.0,Female,West,Sports,Running Shoes,1.0,39.29,0.0,Cash on Delivery,3.0,39.29,2025-02-01,36-45
ORD101156,2025-02-24,CUST1431,34.0,Female,North,Home & Kitchen,Cookware Set,3.0,56.57,5.0,Debit Card,5.0,161.22,2025-02-01,26-35
ORD101631,2025-02-25,CUST1118,38.0,Male,South,Home & Kitchen,Desk Lamp,5.0,47.55,0.0,Credit Card,5.0,237.75,2025-02-01,36-45
ORD102951,2025-02-25,CUST2030,37.0,Male,North,Clothing,T-Shirt,3.0,51.25,5.0,Credit Card,4.0,146.06,2025-02-01,36-45
ORD102408,2025-02-25,CUST1573,51.0,Female,South,Clothing,Jeans,1.0,78.57,0.0,Credit Card,5.0,78.57,2025-02-01,46-55
ORD102027,2025-02-25,CUST1439,30.0,Male,West,Electronics,Tablet,3.0,110.73,5.0,Credit Card,4.0,315.58,2025-02-01,26-35
ORD102840,2025-02-25,CUST1677,40.0,Male,West,Beauty,Face Cream,1.0,51.89,20.0,Cash on Delivery,3.0,41.51,2025-02-01,36-45
ORD101695,2025-02-25,CUST1434,23.0,Female,East,Beauty,Perfume,1.0,47.0,10.0,Debit Card,5.0,42.3,2025-02-01,18-25
ORD100633,2025-02-25,CUST1272,50.0,Male,South,Home & Kitchen,Air Fryer,1.0,24.5,0.0,Debit Card,4.0,24.5,2025-02-01,46-55
ORD101741,2025-02-26,CUST1782,39.0,Female,North,Sports,Dumbbell Set,1.0,71.69,25.0,UPI,4.0,53.77,2025-02-01,36-45
ORD100492,2025-02-26,CUST1851,36.0,Male,South,Electronics,Tablet,3.0,209.79,5.0,Net Banking,5.0,597.9,2025-02-01,36-45
ORD100723,2025-02-26,CUST1162,25.0,Male,North,Electronics,Headphones,1.0,182.71,10.0,Credit Card,5.0,164.44,2025-02-01,18-25
ORD100762,2025-02-26,CUST1085,47.0,Male,South,Clothing,Jacket,1.0,22.7,0.0,UPI,5.0,22.7,2025-02-01,46-55
ORD100940,2025-02-26,CUST2175,46.0,Female,North,Electronics,Headphones,2.0,139.18,5.0,Debit Card,4.0,264.44,2025-02-01,46-55
ORD101382,2025-02-26,CUST1690,24.0,Female,West,Sports,Running Shoes,4.0,40.83,5.0,Credit Card,4.0,155.15,2025-02-01,18-25
ORD102787,2025-02-26,CUST2146,32.0,Female,South,Beauty,Lipstick Set,3.0,19.14,0.0,Debit Card,4.0,57.42,2025-02-01,26-35
ORD102070,2025-02-26,CUST1172,41.0,Male,South,Home & Kitchen,Cookware Set,2.0,91.33,0.0,Cash on Delivery,4.0,182.66,2025-02-01,36-45
ORD100808,2025-02-26,CUST1911,18.0,Male,Unknown,Sports,Dumbbell Set,4.0,52.41,0.0,UPI,5.0,209.64,2025-02-01,18-25
ORD100027,2025-02-26,CUST2184,35.0,Female,West,Sports,Running Shoes,4.0,42.08,5.0,Net Banking,4.0,159.9,2025-02-01,26-35
ORD101196,2025-02-27,CUST1554,46.0,Female,South,Electronics,Tablet,1.0,103.97,10.0,Cash on Delivery,5.0,93.57,2025-02-01,46-55
ORD102640,2025-02-27,CUST2012,54.0,Male,West,Beauty,Hair Dryer,2.0,27.11,10.0,Debit Card,3.0,48.8,2025-02-01,46-55
ORD102981,2025-02-27,CUST2070,44.0,Male,East,Beauty,Perfume,1.0,43.51,0.0,Cash on Delivery,4.0,43.51,2025-02-01,36-45
ORD101800,2025-02-27,CUST1937,36.0,Male,North,Electronics,Tablet,1.0,235.96,5.0,UPI,4.0,224.16,2025-02-01,36-45
ORD101863,2025-02-27,CUST1088,41.0,Female,East,Clothing,Sneakers,1.0,50.68,0.0,Credit Card,5.0,50.68,2025-02-01,36-45
ORD100157,2025-02-27,CUST1286,31.0,Female,West,Clothing,Sneakers,3.0,84.95,0.0,Cash on Delivery,3.0,254.85,2025-02-01,26-35
ORD101835,2025-02-28,CUST2066,36.0,Male,West,Clothing,Jeans,3.0,22.96,0.0,Credit Card,4.0,68.88,2025-02-01,36-45
ORD102014,2025-02-28,CUST1924,18.0,Male,North,Electronics,Smartwatch,4.0,157.75,25.0,Debit Card,4.0,473.25,2025-02-01,18-25
ORD102385,2025-02-28,CUST1382,36.0,Male,West,Clothing,Jacket,4.0,30.67,5.0,UPI,4.0,116.55,2025-02-01,36-45
ORD102717,2025-02-28,CUST1055,49.0,Female,East,Sports,Water Bottle,2.0,39.56,10.0,UPI,4.0,71.21,2025-02-01,46-55
ORD100757,2025-02-28,CUST1582,36.0,Female,South,Electronics,Smartwatch,1.0,188.14,0.0,UPI,4.0,188.14,2025-02-01,36-45
ORD101525,2025-02-28,CUST1838,32.0,Female,South,Sports,Running Shoes,4.0,51.24,20.0,Debit Card,3.0,163.97,2025-02-01,26-35
ORD100140,2025-02-28,CUST1170,38.0,Female,East,Clothing,Jacket,1.0,57.57,10.0,Credit Card,4.0,51.81,2025-02-01,36-45
ORD102343,2025-03-01,CUST1091,36.0,Female,Unknown,Home & Kitchen,Bedsheet Set,1.0,84.95,0.0,Credit Card,4.0,84.95,2025-03-01,36-45
ORD100608,2025-03-01,CUST1184,33.0,Male,South,Sports,Running Shoes,2.0,26.74,25.0,Credit Card,4.0,40.11,2025-03-01,26-35
ORD100929,2025-03-01,CUST1101,34.0,Male,North,Electronics,Headphones,1.0,293.55,5.0,UPI,4.0,278.87,2025-03-01,26-35
ORD101405,2025-03-01,CUST1589,36.0,Female,South,Sports,Running Shoes,3.0,46.69,0.0,Cash on Delivery,5.0,140.07,2025-03-01,36-45
ORD102772,2025-03-01,CUST1357,33.0,Male,Unknown,Home & Kitchen,Cookware Set,2.0,52.61,0.0,Credit Card,5.0,105.22,2025-03-01,26-35
ORD102725,2025-03-01,CUST1623,18.0,Female,East,Sports,Dumbbell Set,1.0,51.33,5.0,Credit Card,4.0,48.76,2025-03-01,18-25
ORD101278,2025-03-01,CUST1634,36.0,Female,West,Sports,Water Bottle,2.0,33.69,5.0,UPI,4.0,64.01,2025-03-01,36-45
ORD101603,2025-03-02,CUST2136,35.0,Male,East,Beauty,Face Cream,2.0,33.74,25.0,Net Banking,4.0,50.61,2025-03-01,26-35
ORD102620,2025-03-02,CUST1562,20.0,Male,East,Electronics,Headphones,3.0,136.16,0.0,UPI,4.0,408.48,2025-03-01,18-25
ORD100386,2025-03-02,CUST1760,28.0,Female,South,Home & Kitchen,Air Fryer,1.0,100.02,5.0,Credit Card,4.0,95.02,2025-03-01,26-35
ORD101791,2025-03-02,CUST1156,34.0,Male,West,Clothing,Jeans,1.0,72.51,5.0,Credit Card,4.0,68.88,2025-03-01,26-35
ORD100431,2025-03-02,CUST1260,42.0,Female,East,Sports,Running Shoes,3.0,44.82,5.0,Credit Card,4.0,127.74,2025-03-01,36-45
ORD102359,2025-03-02,CUST1336,41.0,Female,East,Clothing,Jacket,3.0,55.54,0.0,Debit Card,5.0,166.62,2025-03-01,36-45
ORD100025,2025-03-02,CUST2128,63.0,Female,East,Home & Kitchen,Bedsheet Set,1.0,44.08,15.0,Credit Card,4.0,37.47,2025-03-01,56+
ORD102524,2025-03-02,CUST1765,28.0,Female,East,Electronics,Bluetooth Speaker,4.0,110.56,5.0,Net Banking,4.0,420.13,2025-03-01,26-35
ORD100145,2025-03-03,CUST1152,48.0,Female,West,Electronics,Smartwatch,1.0,132.59,15.0,Cash on Delivery,5.0,112.7,2025-03-01,46-55
ORD101887,2025-03-03,CUST1844,41.0,Male,North,Clothing,Jeans,4.0,55.1,10.0,UPI,4.0,198.36,2025-03-01,36-45
ORD100088,2025-03-03,CUST1666,46.0,Female,East,Home & Kitchen,Air Fryer,2.0,110.05,5.0,Debit Card,3.0,209.1,2025-03-01,46-55
ORD101999,2025-03-03,CUST1462,24.0,Male,West,Electronics,Tablet,1.0,125.25,10.0,UPI,5.0,112.72,2025-03-01,18-25
ORD100970,2025-03-03,CUST2132,33.0,Female,East,Electronics,Headphones,3.0,184.81,0.0,UPI,3.0,554.43,2025-03-01,26-35
ORD100286,2025-03-04,CUST1215,42.0,Female,East,Sports,Yoga Mat,1.0,52.17,5.0,Net Banking,5.0,49.56,2025-03-01,36-45
ORD101001,2025-03-04,CUST1691,18.0,Female,East,Electronics,Smartwatch,2.0,163.26,5.0,UPI,4.0,310.19,2025-03-01,18-25
ORD100760,2025-03-04,CUST1211,37.0,Male,North,Beauty,Hair Dryer,1.0,44.1,5.0,UPI,4.0,41.9,2025-03-01,36-45
ORD101301,2025-03-04,CUST2116,36.0,Female,West,Beauty,Lipstick Set,1.0,44.7,0.0,UPI,4.0,44.7,2025-03-01,36-45
ORD101737,2025-03-04,CUST1822,33.0,Female,North,Home & Kitchen,Bedsheet Set,1.0,70.91,5.0,Credit Card,3.0,67.36,2025-03-01,26-35
ORD100672,2025-03-04,CUST1850,34.0,Male,West,Beauty,Hair Dryer,3.0,40.62,0.0,Credit Card,4.0,121.86,2025-03-01,26-35
ORD101474,2025-03-05,CUST1330,29.0,Female,South,Home & Kitchen,Bedsheet Set,3.0,60.71,15.0,Debit Card,4.0,154.81,2025-03-01,26-35
ORD101083,2025-03-05,CUST1005,27.0,Male,West,Home & Kitchen,Desk Lamp,2.0,92.72,0.0,UPI,2.0,185.44,2025-03-01,26-35
ORD102248,2025-03-05,CUST2029,30.0,Male,South,Clothing,Jacket,1.0,70.34,0.0,Credit Card,4.0,70.34,2025-03-01,26-35
ORD101704,2025-03-05,CUST1993,18.0,Male,West,Clothing,Jacket,3.0,79.53,0.0,Credit Card,3.0,238.59,2025-03-01,18-25
ORD100621,2025-03-06,CUST1213,28.0,Male,West,Beauty,Hair Dryer,1.0,32.22,0.0,Debit Card,3.0,32.22,2025-03-01,26-35
ORD100804,2025-03-06,CUST1776,35.0,Male,North,Clothing,T-Shirt,1.0,44.48,0.0,UPI,4.0,44.48,2025-03-01,26-35
ORD100671,2025-03-06,CUST1223,48.0,Female,East,Electronics,Headphones,1.0,159.41,0.0,UPI,4.0,159.41,2025-03-01,46-55
ORD101473,2025-03-06,CUST1709,33.0,Female,West,Electronics,Bluetooth Speaker,1.0,84.92,0.0,Debit Card,4.0,84.92,2025-03-01,26-35
ORD101517,2025-03-06,CUST2138,30.0,Male,West,Sports,Yoga Mat,1.0,70.59,5.0,Cash on Delivery,3.0,67.06,2025-03-01,26-35
ORD100844,2025-03-06,CUST1715,29.0,Male,West,Sports,Yoga Mat,2.0,52.12,10.0,Credit Card,4.0,93.82,2025-03-01,26-35
ORD101116,2025-03-07,CUST1867,44.0,Male,Unknown,Electronics,Smartwatch,4.0,76.31,10.0,Credit Card,4.0,274.72,2025-03-01,36-45
ORD101126,2025-03-07,CUST1975,35.0,Female,South,Clothing,Jacket,2.0,47.13,5.0,UPI,3.0,89.55,2025-03-01,26-35
ORD102920,2025-03-07,CUST1837,31.0,Male,South,Home & Kitchen,Desk Lamp,3.0,92.86,0.0,Credit Card,3.0,278.58,2025-03-01,26-35
ORD101414,2025-03-07,CUST1813,47.0,Female,East,Sports,Running Shoes,1.0,48.91,15.0,Credit Card,4.0,41.57,2025-03-01,46-55
ORD102886,2025-03-07,CUST1618,36.0,Female,West,Home & Kitchen,Air Fryer,5.0,5.0,15.0,Debit Card,5.0,21.25,2025-03-01,36-45
ORD100469,2025-03-07,CUST1187,45.0,Male,South,Electronics,Bluetooth Speaker,1.0,177.97,20.0,Debit Card,4.0,142.38,2025-03-01,36-45
ORD100934,2025-03-07,CUST1397,49.0,Female,West,Home & Kitchen,Air Fryer,1.0,92.61,0.0,UPI,4.0,92.61,2025-03-01,46-55
ORD101053,2025-03-07,CUST1508,39.0,Male,South,Home & Kitchen,Cookware Set,1.0,28.38,0.0,Credit Card,5.0,28.38,2025-03-01,36-45
ORD100359,2025-03-08,CUST1914,46.0,Male,South,Home & Kitchen,Cookware Set,2.0,89.65,10.0,Credit Card,4.0,161.37,2025-03-01,46-55
ORD101165,2025-03-08,CUST1359,28.0,Male,North,Clothing,T-Shirt,3.0,48.04,20.0,Credit Card,5.0,115.3,2025-03-01,26-35
ORD100236,2025-03-08,CUST1739,37.0,Female,South,Electronics,Bluetooth Speaker,4.0,169.91,0.0,Cash on Delivery,5.0,679.64,2025-03-01,36-45
ORD100892,2025-03-08,CUST1346,31.0,Female,Unknown,Sports,Dumbbell Set,1.0,71.12,20.0,UPI,4.0,56.9,2025-03-01,26-35
ORD100682,2025-03-08,CUST1394,33.0,Female,North,Clothing,Jeans,3.0,70.94,15.0,UPI,4.0,180.9,2025-03-01,26-35
ORD101597,2025-03-08,CUST2024,43.0,Male,West,Clothing,T-Shirt,1.0,50.02,0.0,Credit Card,5.0,50.02,2025-03-01,36-45
ORD100550,2025-03-08,CUST2149,34.0,Male,East,Clothing,T-Shirt,1.0,5.0,0.0,Cash on Delivery,3.0,5.0,2025-03-01,26-35
ORD100690,2025-03-08,CUST1532,26.0,Male,South,Clothing,Jacket,1.0,35.1,0.0,Credit Card,4.0,35.1,2025-03-01,26-35
ORD100178,2025-03-08,CUST1344,45.0,Female,West,Beauty,Hair Dryer,1.0,55.6,5.0,Debit Card,5.0,52.82,2025-03-01,36-45
ORD102745,2025-03-08,CUST1304,36.0,Female,South,Clothing,T-Shirt,3.0,63.18,0.0,Cash on Delivery,4.0,189.54,2025-03-01,36-45
ORD101239,2025-03-08,CUST2146,42.0,Male,West,Sports,Yoga Mat,1.0,5.0,15.0,Net Banking,3.0,4.25,2025-03-01,36-45
ORD101607,2025-03-08,CUST1160,45.0,Female,North,Electronics,Bluetooth Speaker,3.0,168.02,5.0,Credit Card,3.0,478.86,2025-03-01,36-45
ORD102009,2025-03-09,CUST2024,27.0,Female,North,Electronics,Headphones,1.0,189.11,0.0,Credit Card,4.0,189.11,2025-03-01,26-35
ORD101028,2025-03-09,CUST1770,36.0,Female,West,Electronics,Bluetooth Speaker,2.0,151.97,5.0,Cash on Delivery,4.0,288.74,2025-03-01,36-45
ORD100740,2025-03-09,CUST1376,43.0,Female,West,Electronics,Headphones,1.0,282.56,5.0,UPI,3.0,268.43,2025-03-01,36-45
ORD100655,2025-03-09,CUST1893,49.0,Male,North,Clothing,Jacket,1.0,80.5,10.0,UPI,3.0,72.45,2025-03-01,46-55
ORD100325,2025-03-09,CUST1884,59.0,Female,North,Sports,Yoga Mat,1.0,78.5,25.0,Credit Card,3.0,58.88,2025-03-01,56+
ORD102169,2025-03-09,CUST2128,18.0,Male,West,Electronics,Bluetooth Speaker,2.0,168.02,5.0,Credit Card,5.0,319.24,2025-03-01,18-25
ORD102644,2025-03-09,CUST1567,29.0,Female,East,Sports,Yoga Mat,2.0,64.74,5.0,Net Banking,4.0,123.01,2025-03-01,26-35
ORD100674,2025-03-09,CUST1212,35.0,Male,East,Sports,Yoga Mat,3.0,9.81,25.0,Credit Card,4.0,22.07,2025-03-01,26-35
ORD102023,2025-03-10,CUST1734,32.0,Female,North,Electronics,Tablet,1.0,274.88,0.0,Debit Card,4.0,274.88,2025-03-01,26-35
ORD102267,2025-03-10,CUST1066,43.0,Male,South,Electronics,Bluetooth Speaker,2.0,50.51,0.0,Credit Card,4.0,101.02,2025-03-01,36-45
ORD102949,2025-03-10,CUST1522,18.0,Female,West,Electronics,Bluetooth Speaker,1.0,156.54,0.0,UPI,4.0,156.54,2025-03-01,18-25
ORD100658,2025-03-10,CUST1680,22.0,Female,North,Clothing,Jeans,4.0,67.2,10.0,Debit Card,5.0,241.92,2025-03-01,18-25
ORD102530,2025-03-10,CUST1586,44.0,Female,West,Home & Kitchen,Air Fryer,3.0,73.56,10.0,Cash on Delivery,4.0,198.61,2025-03-01,36-45
ORD102647,2025-03-10,CUST2060,36.0,Male,South,Beauty,Face Cream,4.0,45.31,5.0,Debit Card,5.0,172.18,2025-03-01,36-45
ORD100985,2025-03-10,CUST1069,50.0,Female,North,Home & Kitchen,Bedsheet Set,2.0,53.1,10.0,Cash on Delivery,5.0,95.58,2025-03-01,46-55
ORD101203,2025-03-10,CUST2112,37.0,Male,North,Home & Kitchen,Desk Lamp,2.0,85.23,0.0,Debit Card,5.0,170.46,2025-03-01,36-45
ORD101912,2025-03-10,CUST1029,39.0,Female,North,Home & Kitchen,Bedsheet Set,3.0,49.95,0.0,Credit Card,4.0,149.85,2025-03-01,36-45
ORD100601,2025-03-10,CUST1581,34.0,Female,South,Sports,Running Shoes,1.0,5.0,10.0,Credit Card,3.0,4.5,2025-03-01,26-35
ORD100933,2025-03-10,CUST1805,36.0,Female,West,Electronics,Headphones,2.0,100.74,0.0,Debit Card,5.0,201.48,2025-03-01,36-45
ORD101998,2025-03-10,CUST1614,42.0,Male,West,Beauty,Perfume,3.0,21.94,20.0,UPI,5.0,52.66,2025-03-01,36-45
ORD101751,2025-03-11,CUST1511,46.0,Female,West,Sports,Dumbbell Set,1.0,68.9,0.0,UPI,5.0,68.9,2025-03-01,46-55
ORD100169,2025-03-11,CUST1721,42.0,Female,South,Sports,Dumbbell Set,4.0,26.8,20.0,UPI,5.0,85.76,2025-03-01,36-45
ORD101618,2025-03-11,CUST1724,55.0,Male,West,Clothing,Jeans,3.0,24.15,20.0,Cash on Delivery,4.0,57.96,2025-03-01,46-55
ORD101507,2025-03-11,CUST1258,39.0,Male,North,Sports,Dumbbell Set,1.0,78.48,0.0,Credit Card,3.0,78.48,2025-03-01,36-45
ORD100263,2025-03-11,CUST1931,36.0,Female,West,Clothing,Jacket,1.0,36.38,0.0,Net Banking,4.0,36.38,2025-03-01,36-45
ORD102476,2025-03-11,CUST1157,33.0,Male,West,Beauty,Perfume,2.0,47.24,0.0,Credit Card,4.0,94.48,2025-03-01,26-35
ORD100457,2025-03-11,CUST1851,18.0,Female,North,Home & Kitchen,Desk Lamp,1.0,89.67,10.0,UPI,4.0,80.7,2025-03-01,18-25
ORD101722,2025-03-11,CUST1344,37.0,Male,West,Sports,Running Shoes,2.0,37.16,0.0,Credit Card,4.0,74.32,2025-03-01,36-45
ORD102521,2025-03-11,CUST1243,37.0,Female,North,Clothing,Jacket,1.0,33.06,0.0,UPI,5.0,33.06,2025-03-01,36-45
ORD100392,2025-03-11,CUST1938,38.0,Female,West,Home & Kitchen,Cookware Set,3.0,65.96,15.0,UPI,3.0,168.2,2025-03-01,36-45
ORD101499,2025-03-11,CUST1771,43.0,Female,North,Clothing,T-Shirt,2.0,60.77,15.0,Debit Card,5.0,103.31,2025-03-01,36-45
ORD100328,2025-03-11,CUST1774,50.0,Male,South,Electronics,Smartwatch,3.0,146.89,15.0,Net Banking,4.0,374.57,2025-03-01,46-55
ORD101356,2025-03-11,CUST1359,30.0,Female,East,Electronics,Bluetooth Speaker,2.0,66.1,15.0,Cash on Delivery,5.0,112.37,2025-03-01,26-35
ORD101859,2025-03-11,CUST1971,27.0,Male,West,Sports,Dumbbell Set,4.0,41.48,5.0,UPI,4.0,157.62,2025-03-01,26-35
ORD101564,2025-03-11,CUST1537,37.0,Female,North,Clothing,T-Shirt,1.0,52.02,10.0,Net Banking,4.0,46.82,2025-03-01,36-45
ORD101846,2025-03-12,CUST1315,36.0,Male,South,Sports,Yoga Mat,3.0,67.72,25.0,UPI,4.0,152.37,2025-03-01,36-45
ORD101649,2025-03-12,CUST1296,42.0,Male,East,Home & Kitchen,Cookware Set,3.0,96.33,10.0,Credit Card,5.0,260.09,2025-03-01,36-45
ORD100522,2025-03-12,CUST1414,26.0,Male,West,Sports,Water Bottle,2.0,23.34,0.0,Credit Card,4.0,46.68,2025-03-01,26-35
ORD101266,2025-03-12,CUST1183,18.0,Female,West,Beauty,Perfume,1.0,37.22,0.0,Cash on Delivery,4.0,37.22,2025-03-01,18-25
ORD101063,2025-03-12,CUST1313,23.0,Male,West,Sports,Dumbbell Set,1.0,70.92,10.0,Debit Card,5.0,63.83,2025-03-01,18-25
ORD101701,2025-03-12,CUST1675,40.0,Female,West,Electronics,Bluetooth Speaker,1.0,153.67,10.0,Net Banking,4.0,138.3,2025-03-01,36-45
ORD101752,2025-03-13,CUST1586,58.0,Female,South,Clothing,T-Shirt,2.0,43.29,5.0,Credit Card,4.0,82.25,2025-03-01,56+
ORD102642,2025-03-13,CUST1659,27.0,Female,West,Sports,Water Bottle,2.0,56.02,5.0,Credit Card,4.0,106.44,2025-03-01,26-35
ORD102258,2025-03-13,CUST1591,25.0,Female,South,Clothing,T-Shirt,1.0,80.05,0.0,UPI,3.0,80.05,2025-03-01,18-25
ORD102080,2025-03-13,CUST1719,29.0,Female,South,Clothing,T-Shirt,3.0,51.25,0.0,UPI,4.0,153.75,2025-03-01,26-35
ORD102635,2025-03-13,CUST1102,19.0,Female,East,Clothing,Sneakers,1.0,35.89,10.0,Cash on Delivery,4.0,32.3,2025-03-01,18-25
ORD102756,2025-03-13,CUST1540,50.0,Male,East,Electronics,Tablet,4.0,251.46,10.0,Debit Card,3.0,905.26,2025-03-01,46-55
ORD101493,2025-03-13,CUST1740,38.0,Female,East,Clothing,Jacket,2.0,15.42,0.0,Credit Card,3.0,30.84,2025-03-01,36-45
ORD101731,2025-03-13,CUST1023,40.0,Male,West,Clothing,Jacket,1.0,27.44,20.0,Cash on Delivery,5.0,21.95,2025-03-01,36-45
ORD102047,2025-03-13,CUST1667,36.0,Female,North,Sports,Water Bottle,4.0,73.43,5.0,UPI,4.0,279.03,2025-03-01,36-45
ORD102066,2025-03-13,CUST1152,18.0,Female,South,Clothing,T-Shirt,1.0,57.07,5.0,Credit Card,5.0,54.22,2025-03-01,18-25
ORD100749,2025-03-14,CUST2080,50.0,Male,West,Electronics,Smartwatch,1.0,65.69,0.0,Debit Card,4.0,65.69,2025-03-01,46-55
ORD102241,2025-03-14,CUST1571,40.0,Female,South,Sports,Dumbbell Set,2.0,32.98,0.0,UPI,4.0,65.96,2025-03-01,36-45
ORD100530,2025-03-14,CUST1642,23.0,Female,North,Clothing,Sneakers,1.0,59.7,5.0,Cash on Delivery,4.0,56.72,2025-03-01,18-25
ORD100771,2025-03-14,CUST2092,44.0,Male,East,Clothing,T-Shirt,3.0,56.18,20.0,UPI,5.0,134.83,2025-03-01,36-45
ORD102224,2025-03-14,CUST1264,36.0,Female,South,Electronics,Headphones,1.0,105.24,0.0,Credit Card,2.0,105.24,2025-03-01,36-45
ORD100669,2025-03-14,CUST1306,57.0,Female,West,Electronics,Bluetooth Speaker,4.0,130.25,10.0,UPI,4.0,468.9,2025-03-01,56+
ORD101477,2025-03-14,CUST1018,47.0,Female,West,Beauty,Hair Dryer,2.0,31.68,0.0,Net Banking,3.0,63.36,2025-03-01,46-55
ORD101790,2025-03-14,CUST1954,46.0,Female,East,Clothing,Jeans,2.0,98.81,5.0,UPI,4.0,187.74,2025-03-01,46-55
ORD100299,2025-03-15,CUST1418,35.0,Female,South,Beauty,Perfume,4.0,34.96,20.0,UPI,5.0,111.87,2025-03-01,26-35
ORD100725,2025-03-15,CUST1756,41.0,Female,North,Electronics,Headphones,5.0,143.46,10.0,UPI,4.0,645.57,2025-03-01,36-45
ORD101040,2025-03-15,CUST1045,35.0,Male,East,Electronics,Bluetooth Speaker,1.0,37.43,20.0,Net Banking,4.0,29.94,2025-03-01,26-35
ORD101840,2025-03-15,CUST1237,24.0,Female,Unknown,Home & Kitchen,Desk Lamp,5.0,46.7,15.0,UPI,5.0,198.48,2025-03-01,18-25
ORD101615,2025-03-15,CUST1407,18.0,Female,South,Sports,Water Bottle,5.0,25.52,15.0,UPI,4.0,108.46,2025-03-01,18-25
ORD101854,2025-03-15,CUST2083,27.0,Female,West,Beauty,Hair Dryer,2.0,13.41,10.0,Credit Card,4.0,24.14,2025-03-01,26-35
ORD102733,2025-03-15,CUST1392,40.0,Male,West,Clothing,Jeans,3.0,57.34,0.0,UPI,4.0,172.02,2025-03-01,36-45
ORD101723,2025-03-15,CUST1546,44.0,Male,Unknown,Electronics,Headphones,1.0,180.2,0.0,UPI,4.0,180.2,2025-03-01,36-45
ORD101158,2025-03-15,CUST1771,42.0,Male,East,Beauty,Perfume,2.0,22.42,0.0,Credit Card,4.0,44.84,2025-03-01,36-45
ORD102068,2025-03-16,CUST1274,38.0,Female,East,Clothing,T-Shirt,1.0,5.0,0.0,Credit Card,5.0,5.0,2025-03-01,36-45
ORD100504,2025-03-16,CUST1676,28.0,Female,West,Home & Kitchen,Air Fryer,2.0,90.42,5.0,Credit Card,3.0,171.8,2025-03-01,26-35
ORD100684,2025-03-16,CUST1741,29.0,Female,North,Clothing,Jacket,1.0,35.88,15.0,Credit Card,4.0,30.5,2025-03-01,26-35
ORD101167,2025-03-16,CUST1168,37.0,Male,West,Home & Kitchen,Cookware Set,4.0,51.97,0.0,Credit Card,4.0,207.88,2025-03-01,36-45
ORD100781,2025-03-16,CUST2028,45.0,Male,West,Home & Kitchen,Cookware Set,2.0,78.18,5.0,Credit Card,4.0,148.54,2025-03-01,36-45
ORD100160,2025-03-16,CUST1506,41.0,Female,South,Beauty,Perfume,1.0,43.51,0.0,UPI,3.0,43.51,2025-03-01,36-45
ORD101721,2025-03-16,CUST1829,33.0,Male,Unknown,Clothing,Jacket,1.0,54.56,20.0,UPI,4.0,43.65,2025-03-01,26-35
ORD102410,2025-03-16,CUST1739,36.0,Male,East,Electronics,Smartwatch,2.0,196.8,0.0,UPI,5.0,393.6,2025-03-01,36-45
ORD101042,2025-03-16,CUST1467,31.0,Female,East,Home & Kitchen,Cookware Set,1.0,35.28,20.0,Credit Card,3.0,28.22,2025-03-01,26-35
ORD100274,2025-03-16,CUST2139,46.0,Male,South,Electronics,Tablet,2.0,199.18,0.0,Credit Card,5.0,398.36,2025-03-01,46-55
ORD100130,2025-03-17,CUST1160,44.0,Male,West,Home & Kitchen,Air Fryer,4.0,69.3,10.0,Credit Card,4.0,249.48,2025-03-01,36-45
ORD101062,2025-03-17,CUST1920,27.0,Male,Unknown,Sports,Water Bottle,4.0,15.69,15.0,Credit Card,4.0,53.35,2025-03-01,26-35
ORD101500,2025-03-17,CUST1175,31.0,Male,North,Electronics,Bluetooth Speaker,5.0,192.32,0.0,Cash on Delivery,2.0,961.6,2025-03-01,26-35
ORD102305,2025-03-17,CUST2085,53.0,Male,North,Clothing,Jacket,3.0,28.33,5.0,Net Banking,4.0,80.74,2025-03-01,46-55
ORD100518,2025-03-17,CUST2020,32.0,Male,South,Clothing,T-Shirt,3.0,54.17,0.0,UPI,4.0,162.51,2025-03-01,26-35
ORD100563,2025-03-17,CUST1211,22.0,Male,West,Electronics,Smartwatch,5.0,218.86,5.0,UPI,4.0,1039.58,2025-03-01,18-25
ORD100041,2025-03-17,CUST1667,40.0,Male,West,Home & Kitchen,Air Fryer,3.0,78.47,0.0,Credit Card,3.0,235.41,2025-03-01,36-45
ORD102041,2025-03-17,CUST1939,31.0,Male,West,Clothing,Jeans,5.0,48.48,0.0,Credit Card,4.0,242.4,2025-03-01,26-35
ORD102142,2025-03-17,CUST1578,28.0,Male,East,Home & Kitchen,Desk Lamp,2.0,53.18,10.0,Credit Card,4.0,95.72,2025-03-01,26-35
ORD101548,2025-03-17,CUST1747,59.0,Female,West,Electronics,Bluetooth Speaker,1.0,268.97,0.0,Credit Card,4.0,268.97,2025-03-01,56+
ORD101079,2025-03-18,CUST1735,32.0,Female,East,Beauty,Lipstick Set,3.0,30.59,5.0,Debit Card,5.0,87.18,2025-03-01,26-35
ORD102115,2025-03-18,CUST1823,42.0,Female,North,Home & Kitchen,Bedsheet Set,5.0,103.15,15.0,UPI,3.0,438.39,2025-03-01,36-45
ORD101779,2025-03-18,CUST1061,63.0,Male,East,Clothing,Sneakers,1.0,49.03,0.0,Net Banking,4.0,49.03,2025-03-01,56+
ORD102967,2025-03-18,CUST1804,36.0,Male,West,Sports,Dumbbell Set,4.0,56.3,0.0,Net Banking,5.0,225.2,2025-03-01,36-45
ORD100824,2025-03-18,CUST1144,33.0,Female,West,Home & Kitchen,Desk Lamp,1.0,75.29,5.0,Net Banking,4.0,71.53,2025-03-01,26-35
ORD101272,2025-03-18,CUST1185,18.0,Female,West,Home & Kitchen,Cookware Set,3.0,70.235,0.0,UPI,3.0,210.7,2025-03-01,18-25
ORD100876,2025-03-19,CUST1844,22.0,Male,West,Electronics,Smartwatch,4.0,228.63,0.0,Cash on Delivery,2.0,914.52,2025-03-01,18-25
ORD102852,2025-03-19,CUST1663,46.0,Male,South,Beauty,Hair Dryer,1.0,47.79,15.0,Debit Card,3.0,40.62,2025-03-01,46-55
ORD101729,2025-03-19,CUST2198,48.0,Male,North,Home & Kitchen,Bedsheet Set,2.0,131.47,15.0,Credit Card,4.0,223.5,2025-03-01,46-55
ORD102638,2025-03-19,CUST1036,31.0,Female,South,Electronics,Bluetooth Speaker,1.0,109.65,0.0,Credit Card,3.0,109.65,2025-03-01,26-35
ORD102900,2025-03-19,CUST1820,60.0,Male,West,Sports,Yoga Mat,1.0,41.02,0.0,Credit Card,4.0,41.02,2025-03-01,56+
ORD100039,2025-03-19,CUST1894,48.0,Male,West,Clothing,T-Shirt,3.0,40.53,10.0,UPI,5.0,109.43,2025-03-01,46-55
ORD101452,2025-03-19,CUST1481,27.0,Female,East,Clothing,T-Shirt,1.0,62.65,0.0,UPI,5.0,62.65,2025-03-01,26-35
ORD101078,2025-03-19,CUST2169,40.0,Female,South,Home & Kitchen,Air Fryer,2.0,79.91,5.0,UPI,5.0,151.83,2025-03-01,36-45
ORD100942,2025-03-19,CUST1398,50.0,Male,South,Clothing,Sneakers,4.0,66.07,15.0,Credit Card,4.0,224.64,2025-03-01,46-55
ORD100222,2025-03-19,CUST1577,18.0,Female,South,Home & Kitchen,Bedsheet Set,3.0,51.52,5.0,Credit Card,4.0,146.83,2025-03-01,18-25
ORD102804,2025-03-19,CUST1225,42.0,Male,West,Home & Kitchen,Desk Lamp,1.0,5.29,0.0,Credit Card,4.0,5.29,2025-03-01,36-45
ORD102892,2025-03-20,CUST1902,24.0,Male,South,Home & Kitchen,Cookware Set,1.0,52.49,5.0,Credit Card,3.0,49.87,2025-03-01,18-25
ORD102622,2025-03-20,CUST1073,24.0,Male,South,Electronics,Headphones,3.0,154.35,15.0,UPI,5.0,393.59,2025-03-01,18-25
ORD101015,2025-03-20,CUST1409,38.0,Male,West,Electronics,Bluetooth Speaker,1.0,301.95,0.0,Credit Card,4.0,301.95,2025-03-01,36-45
ORD100742,2025-03-20,CUST2022,18.0,Male,East,Beauty,Lipstick Set,3.0,22.92,0.0,UPI,4.0,68.76,2025-03-01,18-25
ORD101189,2025-03-20,CUST1622,24.0,Male,South,Electronics,Bluetooth Speaker,1.0,167.8,20.0,Debit Card,3.0,134.24,2025-03-01,18-25
ORD102918,2025-03-20,CUST1205,32.0,Male,South,Clothing,Jeans,1.0,54.48,25.0,UPI,4.0,40.86,2025-03-01,26-35
ORD100353,2025-03-20,CUST1501,18.0,Male,West,Sports,Dumbbell Set,1.0,41.08,25.0,UPI,3.0,30.81,2025-03-01,18-25
ORD100770,2025-03-20,CUST2174,36.0,Male,South,Sports,Water Bottle,1.0,47.67,10.0,UPI,4.0,42.9,2025-03-01,36-45
ORD101838,2025-03-20,CUST1267,18.0,Male,South,Clothing,Jeans,1.0,65.84,10.0,Credit Card,4.0,59.26,2025-03-01,18-25
ORD100273,2025-03-20,CUST1888,37.0,Male,West,Home & Kitchen,Cookware Set,1.0,101.47,0.0,Cash on Delivery,4.0,101.47,2025-03-01,36-45
ORD100340,2025-03-21,CUST1402,18.0,Female,East,Beauty,Lipstick Set,2.0,41.05,20.0,Credit Card,4.0,65.68,2025-03-01,18-25
ORD102418,2025-03-21,CUST1186,31.0,Male,West,Electronics,Headphones,1.0,123.58,20.0,Credit Card,4.0,98.86,2025-03-01,26-35
ORD100517,2025-03-21,CUST1622,36.0,Female,West,Beauty,Lipstick Set,4.0,38.58,5.0,Credit Card,3.0,146.6,2025-03-01,36-45
ORD100491,2025-03-21,CUST1701,46.0,Female,East,Home & Kitchen,Cookware Set,1.0,81.03,0.0,UPI,5.0,81.03,2025-03-01,46-55
ORD101254,2025-03-21,CUST2120,33.0,Female,East,Beauty,Perfume,1.0,43.07,5.0,Debit Card,3.0,40.92,2025-03-01,26-35
ORD102919,2025-03-21,CUST1510,35.0,Female,South,Home & Kitchen,Cookware Set,1.0,67.12,10.0,Credit Card,4.0,60.41,2025-03-01,26-35
ORD101627,2025-03-21,CUST1467,37.0,Female,East,Sports,Yoga Mat,1.0,53.04,15.0,Credit Card,3.0,45.08,2025-03-01,36-45
ORD101937,2025-03-21,CUST1904,23.0,Female,North,Clothing,Jacket,3.0,19.79,5.0,UPI,4.0,56.4,2025-03-01,18-25
ORD101899,2025-03-22,CUST1502,26.0,Male,West,Electronics,Smartwatch,1.0,219.67,0.0,Credit Card,5.0,219.67,2025-03-01,26-35
ORD100032,2025-03-22,CUST1439,39.0,Female,North,Clothing,Jeans,2.0,81.85,0.0,Debit Card,5.0,163.7,2025-03-01,36-45
ORD100341,2025-03-22,CUST1212,33.0,Male,South,Home & Kitchen,Cookware Set,1.0,88.12,25.0,Credit Card,3.0,66.09,2025-03-01,26-35
ORD101288,2025-03-22,CUST1579,42.0,Male,South,Clothing,Jacket,4.0,69.72,5.0,UPI,4.0,264.94,2025-03-01,36-45
ORD102064,2025-03-22,CUST2021,37.0,Female,Unknown,Electronics,Bluetooth Speaker,1.0,188.19,25.0,Net Banking,3.0,141.14,2025-03-01,36-45
ORD102861,2025-03-22,CUST1009,44.0,Female,Unknown,Sports,Dumbbell Set,1.0,31.48,20.0,UPI,4.0,25.18,2025-03-01,36-45
ORD100562,2025-03-23,CUST2102,55.0,Male,Unknown,Home & Kitchen,Bedsheet Set,2.0,90.74,10.0,Cash on Delivery,4.0,163.33,2025-03-01,46-55
ORD101588,2025-03-23,CUST1565,36.0,Male,West,Sports,Yoga Mat,1.0,69.7,25.0,UPI,4.0,52.28,2025-03-01,36-45
ORD102705,2025-03-23,CUST2194,44.0,Male,Unknown,Clothing,Jacket,1.0,95.32,20.0,Net Banking,5.0,76.26,2025-03-01,36-45
ORD102818,2025-03-23,CUST1019,36.0,Male,North,Clothing,Jacket,2.0,66.3,20.0,Cash on Delivery,5.0,106.08,2025-03-01,36-45
ORD101861,2025-03-23,CUST1349,27.0,Male,East,Clothing,T-Shirt,1.0,37.16,10.0,Debit Card,4.0,33.44,2025-03-01,26-35
ORD100813,2025-03-23,CUST1222,42.0,Female,West,Sports,Water Bottle,2.0,48.66,0.0,Credit Card,4.0,97.32,2025-03-01,36-45
ORD101359,2025-03-23,CUST1561,59.0,Female,South,Beauty,Hair Dryer,2.0,60.39,15.0,Credit Card,4.0,102.66,2025-03-01,56+
ORD101279,2025-03-23,CUST2038,41.0,Male,North,Clothing,Jeans,3.0,73.47,0.0,UPI,4.0,220.41,2025-03-01,36-45
ORD101340,2025-03-23,CUST2157,51.0,Female,South,Beauty,Perfume,3.0,44.96,0.0,Credit Card,5.0,134.88,2025-03-01,46-55
ORD101256,2025-03-24,CUST1440,32.0,Female,North,Electronics,Tablet,1.0,239.06,0.0,Cash on Delivery,4.0,239.06,2025-03-01,26-35
ORD101495,2025-03-24,CUST1622,50.0,Female,North,Electronics,Tablet,2.0,288.44,5.0,Net Banking,5.0,548.04,2025-03-01,46-55
ORD102118,2025-03-24,CUST1156,32.0,Female,North,Beauty,Hair Dryer,1.0,22.48,0.0,Credit Card,4.0,22.48,2025-03-01,26-35
ORD100101,2025-03-24,CUST1316,64.0,Female,East,Beauty,Face Cream,1.0,35.33,5.0,Credit Card,5.0,33.56,2025-03-01,56+
ORD102183,2025-03-25,CUST1084,36.0,Female,South,Beauty,Perfume,1.0,13.78,20.0,Credit Card,3.0,11.02,2025-03-01,36-45
ORD100741,2025-03-25,CUST2011,42.0,Female,West,Clothing,Sneakers,1.0,16.12,25.0,Debit Card,5.0,12.09,2025-03-01,36-45
ORD102266,2025-03-25,CUST1031,42.0,Male,East,Home & Kitchen,Cookware Set,3.0,79.77,25.0,UPI,3.0,179.48,2025-03-01,36-45
ORD100946,2025-03-25,CUST2156,30.0,Male,West,Beauty,Hair Dryer,3.0,33.26,20.0,Credit Card,5.0,79.82,2025-03-01,26-35
ORD101505,2025-03-25,CUST1420,42.0,Female,West,Clothing,Jeans,1.0,52.89,0.0,Credit Card,3.0,52.89,2025-03-01,36-45
ORD100869,2025-03-25,CUST1279,25.0,Male,South,Home & Kitchen,Cookware Set,2.0,39.33,10.0,Cash on Delivery,4.0,70.79,2025-03-01,18-25
ORD100220,2025-03-25,CUST1525,50.0,Male,East,Electronics,Tablet,4.0,170.9,15.0,Credit Card,2.0,581.06,2025-03-01,46-55
ORD101417,2025-03-25,CUST1718,18.0,Female,East,Electronics,Smartwatch,3.0,171.51,0.0,UPI,5.0,514.53,2025-03-01,18-25
ORD102654,2025-03-25,CUST1771,44.0,Male,South,Clothing,T-Shirt,2.0,66.85,0.0,Cash on Delivery,3.0,133.7,2025-03-01,36-45
ORD101767,2025-03-25,CUST1518,27.0,Male,West,Clothing,T-Shirt,2.0,44.7,15.0,Credit Card,4.0,75.99,2025-03-01,26-35
ORD100784,2025-03-25,CUST2072,37.0,Female,East,Clothing,Jacket,2.0,54.3,0.0,UPI,5.0,108.6,2025-03-01,36-45
ORD101233,2025-03-26,CUST1233,36.0,Female,East,Electronics,Headphones,3.0,279.47,10.0,UPI,4.0,754.57,2025-03-01,36-45
ORD101016,2025-03-26,CUST1375,26.0,Female,West,Home & Kitchen,Bedsheet Set,3.0,93.08,0.0,UPI,4.0,279.24,2025-03-01,26-35
ORD101298,2025-03-26,CUST1216,39.0,Male,South,Electronics,Headphones,2.0,236.2,0.0,UPI,5.0,472.4,2025-03-01,36-45
ORD102534,2025-03-26,CUST1587,46.0,Male,North,Clothing,Jeans,1.0,64.35,0.0,Credit Card,4.0,64.35,2025-03-01,46-55
ORD100023,2025-03-26,CUST1007,44.0,Male,East,Sports,Running Shoes,2.0,43.91,10.0,Net Banking,4.0,79.04,2025-03-01,36-45
ORD100983,2025-03-26,CUST1477,28.0,Female,East,Clothing,T-Shirt,4.0,58.84,0.0,UPI,3.0,235.36,2025-03-01,26-35
ORD101237,2025-03-26,CUST1980,58.0,Female,Unknown,Clothing,T-Shirt,2.0,47.46,0.0,Cash on Delivery,4.0,94.92,2025-03-01,56+
ORD100931,2025-03-26,CUST1918,33.0,Female,West,Sports,Running Shoes,2.0,28.48,0.0,Cash on Delivery,3.0,56.96,2025-03-01,26-35
ORD101736,2025-03-26,CUST2154,24.0,Female,West,Clothing,Jacket,3.0,45.79,15.0,Cash on Delivery,5.0,116.76,2025-03-01,18-25
ORD102486,2025-03-26,CUST1194,39.0,Female,West,Sports,Running Shoes,3.0,72.4,25.0,Debit Card,4.0,162.9,2025-03-01,36-45
ORD101901,2025-03-26,CUST1022,21.0,Female,West,Clothing,Jeans,2.0,99.02,5.0,UPI,5.0,188.14,2025-03-01,18-25
ORD102399,2025-03-27,CUST2185,44.0,Female,East,Clothing,Jeans,3.0,49.92,0.0,Debit Card,4.0,149.76,2025-03-01,36-45
ORD100679,2025-03-27,CUST1445,29.0,Male,East,Clothing,Jacket,1.0,51.59,5.0,Credit Card,4.0,49.01,2025-03-01,26-35
ORD101716,2025-03-27,CUST2146,39.0,Male,North,Clothing,Jeans,3.0,47.25,10.0,UPI,4.0,127.58,2025-03-01,36-45
ORD100898,2025-03-27,CUST1612,42.0,Male,West,Electronics,Bluetooth Speaker,3.0,164.24,0.0,Credit Card,4.0,492.72,2025-03-01,36-45
ORD101258,2025-03-27,CUST1978,42.0,Male,South,Beauty,Perfume,1.0,26.66,0.0,Debit Card,4.0,26.66,2025-03-01,36-45
ORD102407,2025-03-27,CUST1845,41.0,Female,North,Clothing,Sneakers,1.0,51.68,0.0,Credit Card,4.0,51.68,2025-03-01,36-45
ORD100278,2025-03-27,CUST1332,32.0,Male,South,Home & Kitchen,Cookware Set,1.0,53.37,20.0,Debit Card,5.0,42.7,2025-03-01,26-35
ORD101372,2025-03-27,CUST1563,18.0,Male,West,Beauty,Face Cream,4.0,34.65,20.0,Net Banking,3.0,110.88,2025-03-01,18-25
ORD101139,2025-03-28,CUST1784,36.0,Female,East,Home & Kitchen,Air Fryer,1.0,65.78,25.0,Credit Card,5.0,49.34,2025-03-01,36-45
ORD100510,2025-03-28,CUST1741,41.0,Male,East,Electronics,Bluetooth Speaker,1.0,62.43,10.0,Credit Card,5.0,56.19,2025-03-01,36-45
ORD101620,2025-03-28,CUST1675,38.0,Female,North,Beauty,Hair Dryer,1.0,19.27,25.0,Credit Card,5.0,14.45,2025-03-01,36-45
ORD100719,2025-03-28,CUST1473,45.0,Female,South,Clothing,Jacket,2.0,97.27,0.0,Credit Card,5.0,194.54,2025-03-01,36-45
ORD100872,2025-03-28,CUST1350,19.0,Female,East,Home & Kitchen,Cookware Set,1.0,9.23,15.0,UPI,3.0,7.85,2025-03-01,18-25
ORD102539,2025-03-28,CUST2196,44.0,Female,South,Clothing,T-Shirt,4.0,60.93,0.0,Cash on Delivery,5.0,243.72,2025-03-01,36-45
ORD101054,2025-03-28,CUST2081,50.0,Female,East,Clothing,Sneakers,2.0,12.54,10.0,Debit Card,4.0,22.57,2025-03-01,46-55
ORD102342,2025-03-28,CUST2036,36.0,Male,East,Electronics,Tablet,3.0,144.66,5.0,UPI,3.0,412.28,2025-03-01,36-45
ORD100203,2025-03-29,CUST2099,39.0,Female,North,Electronics,Smartwatch,1.0,183.95,10.0,Debit Card,4.0,165.56,2025-03-01,36-45
ORD100880,2025-03-29,CUST2020,46.0,Male,Unknown,Electronics,Smartwatch,5.0,327.13,10.0,Credit Card,4.0,1472.08,2025-03-01,46-55
ORD100778,2025-03-29,CUST1226,24.0,Male,North,Home & Kitchen,Cookware Set,4.0,70.7,0.0,Credit Card,5.0,282.8,2025-03-01,18-25
ORD100346,2025-03-29,CUST1365,41.0,Female,South,Electronics,Smartwatch,1.0,166.39,0.0,Credit Card,3.0,166.39,2025-03-01,36-45
ORD100432,2025-03-29,CUST1980,39.0,Female,East,Clothing,T-Shirt,2.0,45.11,5.0,UPI,5.0,85.71,2025-03-01,36-45
ORD102158,2025-03-29,CUST2031,50.0,Female,West,Home & Kitchen,Cookware Set,4.0,26.74,5.0,Credit Card,3.0,101.61,2025-03-01,46-55
ORD101181,2025-03-30,CUST1760,55.0,Male,North,Beauty,Perfume,1.0,40.92,5.0,Net Banking,4.0,38.87,2025-03-01,46-55
ORD100245,2025-03-30,CUST1829,58.0,Male,West,Clothing,Jeans,4.0,72.98,10.0,Credit Card,5.0,262.73,2025-03-01,56+
ORD102543,2025-03-30,CUST1323,34.0,Female,South,Sports,Running Shoes,2.0,43.63,5.0,Cash on Delivery,4.0,82.9,2025-03-01,26-35
ORD101777,2025-03-30,CUST1948,53.0,Female,North,Sports,Dumbbell Set,1.0,36.44,0.0,Cash on Delivery,5.0,36.44,2025-03-01,46-55
ORD100922,2025-03-30,CUST1341,45.0,Female,West,Beauty,Hair Dryer,2.0,39.51,10.0,UPI,4.0,71.12,2025-03-01,36-45
ORD101159,2025-03-30,CUST1394,35.0,Male,South,Beauty,Hair Dryer,2.0,24.74,25.0,Debit Card,4.0,37.11,2025-03-01,26-35
ORD102532,2025-03-31,CUST2190,23.0,Male,West,Electronics,Tablet,2.0,139.36,5.0,Net Banking,3.0,264.78,2025-03-01,18-25
ORD101052,2025-03-31,CUST2120,37.0,Male,East,Electronics,Bluetooth Speaker,1.0,154.98,25.0,UPI,5.0,116.23,2025-03-01,36-45
ORD102888,2025-03-31,CUST2113,41.0,Female,North,Beauty,Perfume,1.0,43.06,10.0,UPI,4.0,38.75,2025-03-01,36-45
ORD101956,2025-03-31,CUST2091,50.0,Male,South,Clothing,Sneakers,3.0,76.19,0.0,UPI,5.0,228.57,2025-03-01,46-55
ORD101823,2025-03-31,CUST2006,41.0,Female,South,Home & Kitchen,Air Fryer,3.0,58.03,15.0,Debit Card,4.0,147.98,2025-03-01,36-45
ORD100582,2025-03-31,CUST1790,49.0,Female,East,Electronics,Tablet,2.0,116.0,5.0,Credit Card,4.0,220.4,2025-03-01,46-55
ORD102122,2025-03-31,CUST2037,28.0,Female,South,Electronics,Headphones,4.0,202.52,10.0,Credit Card,4.0,729.07,2025-03-01,26-35
ORD100769,2025-03-31,CUST1488,50.0,Female,East,Electronics,Bluetooth Speaker,3.0,217.07,10.0,UPI,5.0,586.09,2025-03-01,46-55
ORD100713,2025-03-31,CUST1328,43.0,Male,North,Sports,Yoga Mat,2.0,62.98,5.0,Credit Card,5.0,119.66,2025-03-01,36-45
ORD101774,2025-03-31,CUST1020,40.0,Male,North,Home & Kitchen,Cookware Set,1.0,42.37,10.0,Credit Card,4.0,38.13,2025-03-01,36-45
ORD102176,2025-03-31,CUST1977,40.0,Female,Unknown,Home & Kitchen,Cookware Set,1.0,60.68,5.0,Credit Card,4.0,57.65,2025-03-01,36-45
ORD101982,2025-04-01,CUST1174,43.0,Male,North,Beauty,Face Cream,1.0,46.04,5.0,UPI,4.0,43.74,2025-04-01,36-45
ORD100635,2025-04-01,CUST2147,22.0,Female,West,Electronics,Smartwatch,2.0,307.58,0.0,Cash on Delivery,4.0,615.16,2025-04-01,18-25
ORD101310,2025-04-01,CUST1607,47.0,Female,West,Sports,Running Shoes,1.0,33.62,0.0,Cash on Delivery,4.0,33.62,2025-04-01,46-55
ORD102639,2025-04-01,CUST1363,30.0,Female,South,Electronics,Tablet,2.0,172.48,0.0,Net Banking,4.0,344.96,2025-04-01,26-35
ORD100199,2025-04-01,CUST1606,28.0,Female,Unknown,Clothing,Jacket,1.0,69.95,5.0,Credit Card,4.0,66.45,2025-04-01,26-35
ORD100104,2025-04-01,CUST2020,18.0,Male,West,Electronics,Tablet,1.0,111.48,0.0,Net Banking,4.0,111.48,2025-04-01,18-25
ORD101176,2025-04-01,CUST1721,37.0,Female,West,Sports,Dumbbell Set,1.0,46.26,0.0,UPI,4.0,46.26,2025-04-01,36-45
ORD102833,2025-04-01,CUST1252,32.0,Female,South,Sports,Running Shoes,5.0,31.37,0.0,UPI,3.0,156.85,2025-04-01,26-35
ORD102242,2025-04-01,CUST1768,33.0,Male,West,Electronics,Bluetooth Speaker,2.0,251.88,5.0,Net Banking,5.0,478.57,2025-04-01,26-35
ORD102551,2025-04-01,CUST1775,62.0,Male,North,Electronics,Smartwatch,2.0,236.18,0.0,Credit Card,4.0,472.36,2025-04-01,56+
ORD100179,2025-04-01,CUST1625,37.0,Female,East,Home & Kitchen,Bedsheet Set,2.0,90.69,0.0,Cash on Delivery,4.0,181.38,2025-04-01,36-45
ORD101850,2025-04-01,CUST1956,44.0,Female,South,Home & Kitchen,Desk Lamp,5.0,76.92,0.0,Credit Card,4.0,384.6,2025-04-01,36-45
ORD100790,2025-04-01,CUST1328,51.0,Female,South,Sports,Water Bottle,2.0,68.79,0.0,Net Banking,5.0,137.58,2025-04-01,46-55
ORD101570,2025-04-01,CUST1119,22.0,Male,South,Electronics,Headphones,1.0,303.44,0.0,UPI,4.0,303.44,2025-04-01,18-25
ORD101692,2025-04-02,CUST1484,18.0,Male,South,Sports,Running Shoes,1.0,92.89875,25.0,Debit Card,3.0,69.67,2025-04-01,18-25
ORD102946,2025-04-02,CUST1826,34.0,Female,South,Electronics,Tablet,1.0,225.26,10.0,Credit Card,4.0,202.73,2025-04-01,26-35
ORD102771,2025-04-02,CUST1687,57.0,Female,East,Electronics,Headphones,2.0,185.27,5.0,Cash on Delivery,3.0,352.01,2025-04-01,56+
ORD100907,2025-04-02,CUST1080,58.0,Female,South,Home & Kitchen,Bedsheet Set,2.0,61.65,0.0,UPI,4.0,123.3,2025-04-01,56+
ORD101060,2025-04-02,CUST1559,47.0,Male,East,Electronics,Bluetooth Speaker,2.0,92.96,10.0,UPI,4.0,167.33,2025-04-01,46-55
ORD102285,2025-04-02,CUST1271,33.0,Male,West,Electronics,Bluetooth Speaker,1.0,179.96,5.0,Debit Card,5.0,170.96,2025-04-01,26-35
ORD100054,2025-04-02,CUST2063,23.0,Male,East,Beauty,Hair Dryer,1.0,28.93,0.0,Credit Card,4.0,28.93,2025-04-01,18-25
ORD100759,2025-04-02,CUST1194,51.0,Female,East,Home & Kitchen,Air Fryer,1.0,89.21,20.0,Credit Card,4.0,71.37,2025-04-01,46-55
ORD102566,2025-04-03,CUST1529,27.0,Female,Unknown,Electronics,Headphones,1.0,125.24,10.0,UPI,5.0,112.72,2025-04-01,26-35
ORD101809,2025-04-03,CUST1863,43.0,Male,North,Electronics,Tablet,2.0,171.2,0.0,Debit Card,4.0,342.4,2025-04-01,36-45
ORD100093,2025-04-03,CUST1266,46.0,Male,South,Home & Kitchen,Cookware Set,3.0,81.09,15.0,Debit Card,3.0,206.78,2025-04-01,46-55
ORD102219,2025-04-03,CUST1501,24.0,Female,North,Electronics,Tablet,2.0,106.37,0.0,Credit Card,4.0,212.74,2025-04-01,18-25
ORD100675,2025-04-03,CUST1664,35.0,Male,South,Clothing,Jeans,1.0,93.89,5.0,Credit Card,4.0,89.2,2025-04-01,26-35
ORD102459,2025-04-03,CUST1217,46.0,Female,West,Electronics,Tablet,1.0,211.3,5.0,Credit Card,3.0,200.74,2025-04-01,46-55
ORD102589,2025-04-04,CUST1680,52.0,Female,South,Clothing,T-Shirt,1.0,61.95,20.0,Debit Card,4.0,49.56,2025-04-01,46-55
ORD100514,2025-04-04,CUST2125,37.0,Female,West,Home & Kitchen,Cookware Set,2.0,92.64,10.0,Cash on Delivery,5.0,166.75,2025-04-01,36-45
ORD102937,2025-04-04,CUST1401,37.0,Male,East,Clothing,T-Shirt,1.0,23.91,20.0,UPI,4.0,19.13,2025-04-01,36-45
ORD100888,2025-04-04,CUST1184,57.0,Female,North,Home & Kitchen,Cookware Set,4.0,54.42,5.0,Credit Card,4.0,206.8,2025-04-01,56+
ORD102749,2025-04-04,CUST1314,18.0,Male,East,Clothing,Jeans,1.0,56.5,0.0,Net Banking,4.0,56.5,2025-04-01,18-25
ORD101938,2025-04-05,CUST2129,50.0,Male,North,Beauty,Hair Dryer,2.0,30.55,20.0,Credit Card,5.0,48.88,2025-04-01,46-55
ORD102159,2025-04-05,CUST2048,18.0,Female,East,Beauty,Perfume,1.0,40.88,5.0,Debit Card,3.0,38.84,2025-04-01,18-25
ORD101064,2025-04-05,CUST1607,45.0,Female,East,Sports,Dumbbell Set,4.0,33.86,0.0,Debit Card,3.0,135.44,2025-04-01,36-45
ORD102172,2025-04-05,CUST1562,41.0,Male,South,Home & Kitchen,Air Fryer,1.0,29.47,0.0,Cash on Delivery,4.0,29.47,2025-04-01,36-45
ORD100982,2025-04-05,CUST1518,49.0,Male,West,Electronics,Headphones,3.0,278.27,5.0,Credit Card,4.0,793.07,2025-04-01,46-55
ORD102386,2025-04-05,CUST1501,37.0,Male,South,Sports,Yoga Mat,1.0,37.32,0.0,Credit Card,4.0,37.32,2025-04-01,36-45
ORD100591,2025-04-05,CUST2125,34.0,Female,North,Electronics,Bluetooth Speaker,4.0,66.99,0.0,UPI,3.0,267.96,2025-04-01,26-35
ORD100239,2025-04-05,CUST1539,54.0,Male,South,Home & Kitchen,Bedsheet Set,1.0,99.17,10.0,Credit Card,4.0,89.25,2025-04-01,46-55
ORD102936,2025-04-05,CUST1514,46.0,Female,West,Electronics,Bluetooth Speaker,3.0,223.42,5.0,UPI,4.0,636.75,2025-04-01,46-55
ORD101311,2025-04-05,CUST1814,29.0,Male,South,Beauty,Face Cream,1.0,19.0,15.0,Debit Card,4.0,16.15,2025-04-01,26-35
ORD100992,2025-04-06,CUST1507,38.0,Female,West,Beauty,Hair Dryer,2.0,30.21,0.0,Cash on Delivery,5.0,60.42,2025-04-01,36-45
ORD100416,2025-04-06,CUST1903,44.0,Female,North,Home & Kitchen,Desk Lamp,1.0,107.92,10.0,Cash on Delivery,4.0,97.13,2025-04-01,36-45
ORD102858,2025-04-06,CUST1074,21.0,Male,West,Home & Kitchen,Desk Lamp,2.0,25.96,10.0,Net Banking,4.0,46.73,2025-04-01,18-25
ORD101494,2025-04-06,CUST1698,40.0,Male,North,Clothing,Jacket,1.0,66.21,0.0,Debit Card,5.0,66.21,2025-04-01,36-45
ORD102155,2025-04-06,CUST1410,41.0,Female,South,Home & Kitchen,Bedsheet Set,5.0,41.1,0.0,UPI,3.0,205.5,2025-04-01,36-45
ORD100829,2025-04-06,CUST1474,52.0,Female,North,Beauty,Hair Dryer,1.0,21.45,0.0,Credit Card,5.0,21.45,2025-04-01,46-55
ORD101619,2025-04-06,CUST1250,53.0,Female,West,Sports,Yoga Mat,3.0,62.43,15.0,Credit Card,3.0,159.2,2025-04-01,46-55
ORD102148,2025-04-07,CUST1548,26.0,Male,North,Clothing,T-Shirt,2.0,86.0,0.0,UPI,4.0,172.0,2025-04-01,26-35
ORD100391,2025-04-07,CUST1884,38.0,Female,North,Clothing,T-Shirt,1.0,94.99,0.0,UPI,4.0,94.99,2025-04-01,36-45
ORD102223,2025-04-07,CUST1666,51.0,Male,East,Home & Kitchen,Desk Lamp,1.0,77.13,15.0,Credit Card,5.0,65.56,2025-04-01,46-55
ORD100945,2025-04-07,CUST1323,33.0,Female,South,Home & Kitchen,Cookware Set,1.0,91.92,0.0,Credit Card,4.0,91.92,2025-04-01,26-35
ORD100677,2025-04-07,CUST1374,26.0,Male,West,Clothing,Jeans,1.0,22.19,0.0,Cash on Delivery,4.0,22.19,2025-04-01,26-35
ORD100936,2025-04-08,CUST2107,42.0,Male,South,Beauty,Perfume,5.0,16.4,5.0,Credit Card,4.0,77.9,2025-04-01,36-45
ORD102452,2025-04-08,CUST1174,37.0,Female,West,Home & Kitchen,Cookware Set,2.0,49.84,0.0,UPI,3.0,99.68,2025-04-01,36-45
ORD101286,2025-04-08,CUST1540,53.0,Female,North,Sports,Yoga Mat,1.0,69.6,15.0,Credit Card,5.0,59.16,2025-04-01,46-55
ORD102309,2025-04-08,CUST2049,39.0,Male,East,Clothing,Sneakers,4.0,20.95,15.0,UPI,5.0,71.23,2025-04-01,36-45
ORD100471,2025-04-08,CUST1833,42.0,Female,East,Beauty,Lipstick Set,4.0,38.94,25.0,Credit Card,4.0,116.82,2025-04-01,36-45
ORD100450,2025-04-08,CUST2060,37.0,Male,South,Home & Kitchen,Air Fryer,2.0,71.67,10.0,UPI,4.0,129.01,2025-04-01,36-45
ORD100587,2025-04-08,CUST1584,36.0,Male,North,Clothing,Jeans,2.0,49.29,15.0,Cash on Delivery,5.0,83.79,2025-04-01,36-45
ORD101697,2025-04-08,CUST2109,35.0,Female,North,Electronics,Smartwatch,2.0,326.85,10.0,Cash on Delivery,3.0,588.33,2025-04-01,26-35
ORD100211,2025-04-08,CUST1150,24.0,Female,West,Electronics,Bluetooth Speaker,1.0,179.47,20.0,UPI,4.0,143.58,2025-04-01,18-25
ORD100935,2025-04-08,CUST1098,31.0,Female,South,Clothing,Jacket,2.0,28.16,0.0,Credit Card,4.0,56.32,2025-04-01,26-35
ORD100580,2025-04-08,CUST1723,58.0,Male,West,Beauty,Hair Dryer,1.0,11.27,10.0,Credit Card,5.0,10.14,2025-04-01,56+
ORD102807,2025-04-08,CUST1046,21.0,Female,West,Electronics,Tablet,4.0,278.0,5.0,Cash on Delivery,5.0,1056.4,2025-04-01,18-25
ORD102576,2025-04-09,CUST1634,29.0,Male,South,Electronics,Smartwatch,3.0,267.55,15.0,Credit Card,5.0,682.25,2025-04-01,26-35
ORD102097,2025-04-09,CUST1821,37.0,Female,North,Sports,Yoga Mat,1.0,32.21,5.0,UPI,3.0,30.6,2025-04-01,36-45
ORD101302,2025-04-09,CUST2134,36.0,Male,East,Sports,Running Shoes,1.0,35.54,5.0,UPI,3.0,33.76,2025-04-01,36-45
ORD102957,2025-04-09,CUST1386,31.0,Female,North,Beauty,Perfume,3.0,19.12,10.0,UPI,4.0,51.62,2025-04-01,26-35
ORD100442,2025-04-09,CUST1061,31.0,Female,East,Electronics,Bluetooth Speaker,1.0,347.21,5.0,Debit Card,4.0,329.85,2025-04-01,26-35
ORD102388,2025-04-09,CUST1099,36.0,Female,East,Clothing,Jacket,2.0,53.11,10.0,Credit Card,4.0,95.6,2025-04-01,36-45
ORD102182,2025-04-09,CUST1407,53.0,Male,West,Clothing,T-Shirt,3.0,48.69,10.0,UPI,5.0,131.46,2025-04-01,46-55
ORD100381,2025-04-09,CUST1890,44.0,Male,North,Home & Kitchen,Cookware Set,2.0,91.92,25.0,UPI,5.0,137.88,2025-04-01,36-45
ORD100490,2025-04-10,CUST2157,36.0,Female,East,Sports,Yoga Mat,3.0,28.16,15.0,Credit Card,4.0,71.81,2025-04-01,36-45
ORD101400,2025-04-10,CUST1796,26.0,Female,North,Electronics,Headphones,1.0,131.18,0.0,Credit Card,4.0,131.18,2025-04-01,26-35
ORD101922,2025-04-10,CUST1951,26.0,Female,North,Home & Kitchen,Air Fryer,1.0,83.44,0.0,Net Banking,5.0,83.44,2025-04-01,26-35
ORD100337,2025-04-11,CUST1686,49.0,Male,South,Home & Kitchen,Bedsheet Set,1.0,39.11,10.0,Credit Card,5.0,35.2,2025-04-01,46-55
ORD102063,2025-04-11,CUST1559,40.0,Male,East,Electronics,Smartwatch,1.0,245.42,0.0,Credit Card,4.0,245.42,2025-04-01,36-45
ORD101961,2025-04-11,CUST1305,40.0,Male,South,Electronics,Bluetooth Speaker,1.0,107.25,20.0,Credit Card,4.0,85.8,2025-04-01,36-45
ORD100345,2025-04-11,CUST2109,67.0,Female,Unknown,Home & Kitchen,Desk Lamp,1.0,78.3,0.0,Debit Card,3.0,78.3,2025-04-01,56+
ORD100825,2025-04-11,CUST1187,44.0,Male,North,Beauty,Hair Dryer,3.0,37.83,20.0,Credit Card,4.0,90.79,2025-04-01,36-45
ORD102044,2025-04-11,CUST1104,38.0,Male,Unknown,Clothing,T-Shirt,5.0,59.96,15.0,Debit Card,4.0,254.83,2025-04-01,36-45
ORD100320,2025-04-11,CUST1511,32.0,Female,South,Sports,Water Bottle,1.0,74.32,0.0,Net Banking,5.0,74.32,2025-04-01,26-35
ORD102899,2025-04-12,CUST1797,38.0,Male,North,Beauty,Lipstick Set,2.0,35.88,5.0,Net Banking,3.0,68.17,2025-04-01,36-45
ORD100896,2025-04-12,CUST1748,42.0,Female,South,Home & Kitchen,Bedsheet Set,1.0,15.28,5.0,Cash on Delivery,4.0,14.52,2025-04-01,36-45
ORD101235,2025-04-12,CUST2157,30.0,Male,South,Clothing,Sneakers,2.0,78.73,0.0,Credit Card,4.0,157.46,2025-04-01,26-35
ORD102275,2025-04-12,CUST1051,27.0,Male,West,Clothing,Jacket,1.0,48.01,0.0,Debit Card,3.0,48.01,2025-04-01,26-35
ORD100900,2025-04-12,CUST1112,18.0,Female,West,Clothing,Jacket,1.0,51.39,15.0,UPI,4.0,43.68,2025-04-01,18-25
ORD101968,2025-04-12,CUST1127,36.0,Male,North,Home & Kitchen,Desk Lamp,3.0,68.45,0.0,Debit Card,4.0,205.35,2025-04-01,36-45
ORD101322,2025-04-12,CUST2176,44.0,Female,North,Clothing,Sneakers,4.0,45.17,10.0,Credit Card,4.0,162.61,2025-04-01,36-45
ORD100134,2025-04-12,CUST1900,30.0,Female,North,Beauty,Perfume,3.0,36.04,20.0,Cash on Delivery,1.0,86.5,2025-04-01,26-35
ORD102515,2025-04-12,CUST1290,26.0,Female,North,Home & Kitchen,Desk Lamp,1.0,39.06,10.0,Debit Card,5.0,35.15,2025-04-01,26-35
ORD100124,2025-04-12,CUST2106,24.0,Male,West,Sports,Water Bottle,2.0,56.18,0.0,UPI,4.0,112.36,2025-04-01,18-25
ORD101111,2025-04-12,CUST1092,39.0,Male,East,Sports,Dumbbell Set,3.0,51.08,10.0,Credit Card,4.0,137.92,2025-04-01,36-45
ORD100065,2025-04-12,CUST1129,36.0,Male,South,Home & Kitchen,Bedsheet Set,3.0,64.81,5.0,Net Banking,4.0,184.71,2025-04-01,36-45
ORD100692,2025-04-13,CUST1181,18.0,Male,North,Beauty,Face Cream,2.0,46.29,0.0,UPI,3.0,92.58,2025-04-01,18-25
ORD100631,2025-04-13,CUST1696,43.0,Female,South,Clothing,Jacket,1.0,52.35,10.0,Net Banking,3.0,47.12,2025-04-01,36-45
ORD101350,2025-04-13,CUST2171,37.0,Male,West,Beauty,Face Cream,3.0,52.71,5.0,Cash on Delivery,3.0,150.22,2025-04-01,36-45
ORD101304,2025-04-13,CUST1317,50.0,Female,South,Clothing,T-Shirt,3.0,49.6,0.0,UPI,3.0,148.8,2025-04-01,46-55
ORD102077,2025-04-13,CUST1525,35.0,Male,South,Beauty,Perfume,4.0,16.53,5.0,Debit Card,4.0,62.81,2025-04-01,26-35
ORD100791,2025-04-13,CUST1869,18.0,Male,West,Electronics,Headphones,1.0,300.61,0.0,UPI,4.0,300.61,2025-04-01,18-25
ORD100366,2025-04-13,CUST1183,28.0,Female,South,Clothing,Jacket,1.0,68.05,10.0,Cash on Delivery,4.0,61.24,2025-04-01,26-35
ORD100428,2025-04-14,CUST1280,21.0,Male,South,Home & Kitchen,Air Fryer,1.0,85.58,0.0,Net Banking,4.0,85.58,2025-04-01,18-25
ORD101032,2025-04-14,CUST1304,36.0,Female,South,Clothing,Sneakers,3.0,34.05,25.0,Credit Card,5.0,76.61,2025-04-01,36-45
ORD100338,2025-04-14,CUST1637,28.0,Female,Unknown,Clothing,Sneakers,1.0,71.94,5.0,Debit Card,4.0,68.34,2025-04-01,26-35
ORD100072,2025-04-14,CUST1835,34.0,Male,East,Clothing,Jacket,2.0,21.1,0.0,UPI,4.0,42.2,2025-04-01,26-35
ORD100443,2025-04-14,CUST1246,32.0,Male,North,Beauty,Perfume,4.0,38.97,25.0,Cash on Delivery,3.0,116.91,2025-04-01,26-35
ORD100999,2025-04-14,CUST1576,41.0,Female,South,Home & Kitchen,Desk Lamp,1.0,65.82,0.0,Credit Card,5.0,65.82,2025-04-01,36-45
ORD101860,2025-04-14,CUST1901,46.0,Female,East,Clothing,Jeans,1.0,70.39,15.0,UPI,4.0,59.83,2025-04-01,46-55
ORD100560,2025-04-14,CUST1355,27.0,Male,West,Sports,Yoga Mat,1.0,24.94,0.0,Net Banking,3.0,24.94,2025-04-01,26-35
ORD100831,2025-04-15,CUST2074,49.0,Female,West,Electronics,Tablet,3.0,143.33,0.0,Credit Card,4.0,429.99,2025-04-01,46-55
ORD101404,2025-04-15,CUST1603,33.0,Male,North,Home & Kitchen,Cookware Set,4.0,70.235,10.0,Credit Card,4.0,252.85,2025-04-01,26-35
ORD102426,2025-04-15,CUST1615,29.0,Female,South,Home & Kitchen,Bedsheet Set,1.0,56.88,10.0,Net Banking,4.0,51.19,2025-04-01,26-35
ORD100663,2025-04-15,CUST1980,36.0,Female,South,Beauty,Lipstick Set,1.0,52.09,5.0,Credit Card,5.0,49.49,2025-04-01,36-45
ORD101732,2025-04-15,CUST1368,32.0,Male,West,Electronics,Smartwatch,2.0,266.05,0.0,Net Banking,3.0,532.1,2025-04-01,26-35
ORD100019,2025-04-15,CUST1082,23.0,Male,South,Beauty,Face Cream,1.0,32.1,10.0,Cash on Delivery,4.0,28.89,2025-04-01,18-25
ORD101581,2025-04-16,CUST1844,26.0,Male,South,Sports,Yoga Mat,1.0,39.34,5.0,Debit Card,3.0,37.37,2025-04-01,26-35
ORD102100,2025-04-16,CUST1628,39.0,Male,North,Electronics,Bluetooth Speaker,1.0,193.63,5.0,Debit Card,4.0,183.95,2025-04-01,36-45
ORD100659,2025-04-16,CUST1402,18.0,Male,South,Clothing,T-Shirt,2.0,75.35,25.0,Credit Card,4.0,113.02,2025-04-01,18-25
ORD100094,2025-04-16,CUST1652,43.0,Female,West,Clothing,T-Shirt,5.0,48.71,0.0,Credit Card,4.0,243.55,2025-04-01,36-45
ORD100053,2025-04-16,CUST1798,21.0,Female,North,Beauty,Face Cream,3.0,63.95,0.0,UPI,4.0,191.85,2025-04-01,18-25
ORD101991,2025-04-16,CUST2045,36.0,Female,South,Electronics,Headphones,3.0,158.14,0.0,UPI,4.0,474.42,2025-04-01,36-45
ORD100364,2025-04-16,CUST1212,42.0,Male,East,Clothing,Jeans,1.0,57.87,5.0,Credit Card,5.0,54.98,2025-04-01,36-45
ORD101743,2025-04-16,CUST1435,19.0,Female,East,Clothing,Jeans,3.0,36.98,15.0,UPI,4.0,94.3,2025-04-01,18-25
ORD100037,2025-04-16,CUST1336,43.0,Male,East,Sports,Yoga Mat,1.0,57.29,0.0,Credit Card,5.0,57.29,2025-04-01,36-45
ORD102902,2025-04-17,CUST2052,22.0,Male,North,Home & Kitchen,Air Fryer,4.0,53.97,0.0,Credit Card,4.0,215.88,2025-04-01,18-25
ORD102330,2025-04-17,CUST1443,49.0,Male,East,Electronics,Headphones,1.0,118.52,0.0,Net Banking,4.0,118.52,2025-04-01,46-55
ORD102474,2025-04-17,CUST1474,52.0,Male,West,Clothing,Jacket,1.0,41.86,0.0,Debit Card,5.0,41.86,2025-04-01,46-55
ORD101874,2025-04-17,CUST2069,32.0,Female,South,Clothing,Jeans,2.0,67.1,25.0,Net Banking,5.0,100.65,2025-04-01,26-35
ORD102132,2025-04-17,CUST1836,52.0,Male,East,Clothing,Sneakers,3.0,57.41,10.0,Debit Card,5.0,155.01,2025-04-01,46-55
ORD102361,2025-04-17,CUST1473,46.0,Female,North,Sports,Running Shoes,3.0,73.17,5.0,Cash on Delivery,3.0,208.53,2025-04-01,46-55
ORD100976,2025-04-17,CUST1085,43.0,Female,East,Clothing,Jacket,4.0,58.98,0.0,Credit Card,3.0,235.92,2025-04-01,36-45
ORD102017,2025-04-17,CUST1742,19.0,Male,South,Electronics,Tablet,1.0,103.89,25.0,UPI,4.0,77.92,2025-04-01,18-25
ORD101024,2025-04-18,CUST1436,45.0,Female,East,Sports,Dumbbell Set,3.0,17.16,0.0,Credit Card,4.0,51.48,2025-04-01,36-45
ORD101904,2025-04-18,CUST1885,23.0,Male,West,Sports,Dumbbell Set,1.0,45.52,20.0,UPI,5.0,36.42,2025-04-01,18-25
ORD101928,2025-04-18,CUST2094,22.0,Female,West,Clothing,Sneakers,3.0,67.54,20.0,Cash on Delivery,4.0,162.1,2025-04-01,18-25
ORD100584,2025-04-18,CUST1663,46.0,Female,South,Beauty,Lipstick Set,1.0,39.38,0.0,UPI,3.0,39.38,2025-04-01,46-55
ORD101746,2025-04-18,CUST1622,36.0,Female,East,Home & Kitchen,Cookware Set,1.0,76.4,5.0,UPI,3.0,72.58,2025-04-01,36-45
ORD101464,2025-04-18,CUST1473,32.0,Female,West,Home & Kitchen,Bedsheet Set,2.0,123.95,0.0,Cash on Delivery,5.0,247.9,2025-04-01,26-35
ORD101544,2025-04-18,CUST1808,22.0,Female,North,Clothing,Jeans,3.0,24.61,10.0,Debit Card,4.0,66.45,2025-04-01,18-25
ORD102584,2025-04-18,CUST1322,46.0,Male,West,Beauty,Hair Dryer,5.0,22.79,10.0,UPI,4.0,102.56,2025-04-01,46-55
ORD101389,2025-04-18,CUST1803,40.0,Male,South,Clothing,Sneakers,2.0,45.73,10.0,UPI,3.0,82.31,2025-04-01,36-45
ORD102289,2025-04-18,CUST1228,36.0,Female,South,Clothing,Sneakers,2.0,60.79,20.0,UPI,5.0,97.26,2025-04-01,36-45
ORD101329,2025-04-19,CUST1045,18.0,Female,South,Home & Kitchen,Air Fryer,3.0,51.87,0.0,Credit Card,5.0,155.61,2025-04-01,18-25
ORD102567,2025-04-19,CUST1166,48.0,Female,West,Clothing,Sneakers,1.0,51.9,15.0,Cash on Delivery,4.0,44.11,2025-04-01,46-55
ORD102131,2025-04-19,CUST1057,28.0,Female,South,Sports,Running Shoes,2.0,66.82,0.0,Debit Card,4.0,133.64,2025-04-01,26-35
ORD101247,2025-04-19,CUST1676,35.0,Female,South,Clothing,Jacket,1.0,48.85,10.0,Net Banking,2.0,43.96,2025-04-01,26-35
ORD101326,2025-04-19,CUST1308,40.0,Male,West,Electronics,Tablet,2.0,151.45,10.0,Credit Card,5.0,272.61,2025-04-01,36-45
ORD100158,2025-04-19,CUST1412,34.0,Female,North,Clothing,T-Shirt,4.0,59.47,15.0,UPI,5.0,202.2,2025-04-01,26-35
ORD100735,2025-04-19,CUST1728,27.0,Female,South,Electronics,Smartwatch,1.0,201.07,5.0,Credit Card,5.0,191.02,2025-04-01,26-35
ORD102151,2025-04-19,CUST1409,28.0,Male,South,Home & Kitchen,Air Fryer,1.0,56.24,25.0,Debit Card,2.0,42.18,2025-04-01,26-35
ORD102069,2025-04-19,CUST1363,20.0,Female,West,Electronics,Headphones,2.0,127.02,20.0,Debit Card,4.0,203.23,2025-04-01,18-25
ORD100232,2025-04-19,CUST1139,34.0,Male,North,Clothing,Sneakers,2.0,63.78,20.0,Credit Card,5.0,102.05,2025-04-01,26-35
ORD100221,2025-04-19,CUST1258,35.0,Male,East,Electronics,Bluetooth Speaker,2.0,306.41,0.0,Credit Card,4.0,612.82,2025-04-01,26-35
ORD100495,2025-04-19,CUST1252,38.0,Female,East,Home & Kitchen,Desk Lamp,1.0,68.82,10.0,UPI,4.0,61.94,2025-04-01,36-45
ORD102891,2025-04-20,CUST1066,29.0,Male,West,Electronics,Tablet,4.0,137.82,20.0,UPI,4.0,441.02,2025-04-01,26-35
ORD100083,2025-04-20,CUST1205,41.0,Female,North,Beauty,Hair Dryer,4.0,32.83,5.0,Credit Card,4.0,124.75,2025-04-01,36-45
ORD102512,2025-04-20,CUST2160,18.0,Male,East,Beauty,Face Cream,3.0,36.0,10.0,Credit Card,4.0,97.2,2025-04-01,18-25
ORD101292,2025-04-20,CUST1688,23.0,Male,West,Home & Kitchen,Cookware Set,1.0,72.96,0.0,UPI,5.0,72.96,2025-04-01,18-25
ORD101589,2025-04-20,CUST1341,36.0,Male,East,Beauty,Hair Dryer,1.0,22.56,10.0,Credit Card,5.0,20.3,2025-04-01,36-45
ORD102599,2025-04-21,CUST1746,45.0,Female,North,Beauty,Hair Dryer,3.0,36.11,0.0,UPI,5.0,108.33,2025-04-01,36-45
ORD102261,2025-04-21,CUST1621,36.0,Male,East,Sports,Water Bottle,1.0,45.94,5.0,Cash on Delivery,5.0,43.64,2025-04-01,36-45
ORD101718,2025-04-21,CUST1826,36.0,Male,South,Sports,Dumbbell Set,4.0,57.44,15.0,Cash on Delivery,4.0,195.3,2025-04-01,36-45
ORD101977,2025-04-21,CUST1011,62.0,Female,West,Sports,Running Shoes,4.0,44.28,10.0,Cash on Delivery,4.0,159.41,2025-04-01,56+
ORD102942,2025-04-21,CUST1840,25.0,Female,South,Electronics,Tablet,2.0,103.36,10.0,UPI,4.0,186.05,2025-04-01,18-25
ORD101145,2025-04-21,CUST1541,23.0,Female,South,Sports,Water Bottle,4.0,42.24,10.0,Credit Card,3.0,152.06,2025-04-01,18-25
ORD102571,2025-04-21,CUST1302,40.0,Male,West,Clothing,Jeans,2.0,94.5,0.0,Net Banking,3.0,189.0,2025-04-01,36-45
ORD101129,2025-04-21,CUST1771,22.0,Male,North,Sports,Running Shoes,1.0,41.97,10.0,Net Banking,4.0,37.77,2025-04-01,18-25
ORD100311,2025-04-21,CUST1214,24.0,Male,South,Beauty,Face Cream,2.0,16.3,20.0,Net Banking,3.0,26.08,2025-04-01,18-25
ORD101141,2025-04-21,CUST1584,41.0,Female,East,Electronics,Bluetooth Speaker,3.0,312.9,15.0,Net Banking,3.0,797.89,2025-04-01,36-45
ORD102873,2025-04-21,CUST1903,52.0,Male,West,Sports,Water Bottle,1.0,43.33,0.0,UPI,4.0,43.33,2025-04-01,46-55
ORD102133,2025-04-21,CUST1707,55.0,Male,South,Sports,Running Shoes,1.0,39.98,0.0,Debit Card,4.0,39.98,2025-04-01,46-55
ORD102826,2025-04-21,CUST2087,32.0,Female,North,Home & Kitchen,Desk Lamp,1.0,68.74,5.0,Cash on Delivery,3.0,65.3,2025-04-01,26-35
ORD101099,2025-04-21,CUST1635,27.0,Male,North,Beauty,Perfume,1.0,40.4,10.0,Debit Card,5.0,36.36,2025-04-01,26-35
ORD101686,2025-04-22,CUST1640,35.0,Male,North,Sports,Dumbbell Set,1.0,38.05,5.0,Credit Card,5.0,36.15,2025-04-01,26-35
ORD101117,2025-04-22,CUST1816,35.0,Female,West,Clothing,T-Shirt,1.0,84.9,15.0,Cash on Delivery,5.0,72.17,2025-04-01,26-35
ORD101890,2025-04-22,CUST1806,38.0,Male,North,Clothing,Jacket,1.0,67.47,0.0,UPI,5.0,67.47,2025-04-01,36-45
ORD102578,2025-04-22,CUST2180,19.0,Male,South,Clothing,Jeans,2.0,54.09,5.0,Cash on Delivery,4.0,102.77,2025-04-01,18-25
ORD102823,2025-04-22,CUST1058,50.0,Female,North,Clothing,Jeans,3.0,65.56,0.0,UPI,5.0,196.68,2025-04-01,46-55
ORD101965,2025-04-22,CUST1259,61.0,Female,East,Electronics,Bluetooth Speaker,1.0,207.05,0.0,Cash on Delivery,3.0,207.05,2025-04-01,56+
ORD100052,2025-04-22,CUST1382,42.0,Male,Unknown,Electronics,Tablet,2.0,174.94,5.0,UPI,4.0,332.39,2025-04-01,36-45
ORD101781,2025-04-22,CUST1942,47.0,Female,South,Electronics,Headphones,5.0,163.21,5.0,Credit Card,3.0,775.25,2025-04-01,46-55
ORD101425,2025-04-23,CUST1102,35.0,Male,East,Electronics,Tablet,1.0,254.48,0.0,UPI,4.0,254.48,2025-04-01,26-35
ORD100086,2025-04-23,CUST1339,54.0,Male,South,Home & Kitchen,Bedsheet Set,2.0,89.21,0.0,Credit Card,5.0,178.42,2025-04-01,46-55
ORD102992,2025-04-23,CUST1262,39.0,Female,East,Home & Kitchen,Bedsheet Set,1.0,63.46,15.0,Debit Card,4.0,53.94,2025-04-01,36-45
ORD100551,2025-04-23,CUST1091,18.0,Female,West,Beauty,Hair Dryer,1.0,48.61,0.0,UPI,4.0,48.61,2025-04-01,18-25
ORD100792,2025-04-23,CUST1175,22.0,Male,West,Clothing,Jacket,1.0,59.11,5.0,UPI,5.0,56.15,2025-04-01,18-25
ORD102395,2025-04-23,CUST1572,22.0,Female,South,Beauty,Perfume,1.0,22.46,0.0,Net Banking,5.0,22.46,2025-04-01,18-25
ORD100426,2025-04-23,CUST2191,37.0,Female,North,Beauty,Lipstick Set,1.0,36.17,10.0,Debit Card,5.0,32.55,2025-04-01,36-45
ORD102220,2025-04-23,CUST1246,40.0,Female,South,Home & Kitchen,Cookware Set,3.0,91.55,0.0,Credit Card,3.0,274.65,2025-04-01,36-45
ORD101842,2025-04-23,CUST1439,44.0,Male,South,Electronics,Tablet,1.0,141.74,15.0,Credit Card,5.0,120.48,2025-04-01,36-45
ORD102596,2025-04-23,CUST1074,38.0,Male,East,Electronics,Smartwatch,4.0,80.61,0.0,Credit Card,3.0,322.44,2025-04-01,36-45
ORD100494,2025-04-23,CUST1046,33.0,Male,South,Electronics,Bluetooth Speaker,3.0,168.89,5.0,Credit Card,3.0,481.34,2025-04-01,26-35
ORD102269,2025-04-24,CUST1062,45.0,Male,West,Clothing,Jeans,1.0,54.16,5.0,Credit Card,4.0,51.45,2025-04-01,36-45
ORD100642,2025-04-24,CUST1007,21.0,Male,North,Home & Kitchen,Bedsheet Set,2.0,65.1,5.0,Cash on Delivery,5.0,123.69,2025-04-01,18-25
ORD102268,2025-04-24,CUST2180,57.0,Female,North,Sports,Water Bottle,5.0,7.65,15.0,Credit Card,4.0,32.51,2025-04-01,56+
ORD101242,2025-04-24,CUST2093,29.0,Female,West,Sports,Running Shoes,2.0,45.55,25.0,Net Banking,4.0,68.32,2025-04-01,26-35
ORD102107,2025-04-24,CUST1342,38.0,Female,South,Clothing,T-Shirt,1.0,56.13,5.0,UPI,4.0,53.32,2025-04-01,36-45
ORD102732,2025-04-25,CUST1177,40.0,Female,North,Home & Kitchen,Air Fryer,1.0,32.22,0.0,Credit Card,4.0,32.22,2025-04-01,36-45
ORD101323,2025-04-25,CUST1841,31.0,Female,South,Electronics,Smartwatch,1.0,137.34,0.0,UPI,5.0,137.34,2025-04-01,26-35
ORD100986,2025-04-25,CUST1177,30.0,Male,North,Home & Kitchen,Air Fryer,1.0,68.32,0.0,Net Banking,4.0,68.32,2025-04-01,26-35
ORD100321,2025-04-25,CUST1056,29.0,Female,East,Beauty,Perfume,2.0,17.4,5.0,Credit Card,4.0,33.06,2025-04-01,26-35
ORD100372,2025-04-25,CUST1083,18.0,Male,East,Home & Kitchen,Bedsheet Set,1.0,67.96,10.0,UPI,4.0,61.16,2025-04-01,18-25
ORD101441,2025-04-25,CUST2092,40.0,Male,South,Sports,Running Shoes,1.0,45.84,0.0,Credit Card,4.0,45.84,2025-04-01,36-45
ORD101576,2025-04-25,CUST1397,29.0,Male,South,Sports,Running Shoes,1.0,31.8,0.0,Debit Card,4.0,31.8,2025-04-01,26-35
ORD102157,2025-04-26,CUST1086,36.0,Male,North,Electronics,Smartwatch,1.0,253.04,0.0,Credit Card,4.0,253.04,2025-04-01,36-45
ORD102577,2025-04-26,CUST2146,48.0,Female,North,Clothing,T-Shirt,1.0,39.61,10.0,Cash on Delivery,5.0,35.65,2025-04-01,46-55
ORD101792,2025-04-26,CUST1663,37.0,Male,South,Clothing,Jeans,2.0,19.93,0.0,UPI,4.0,39.86,2025-04-01,36-45
ORD100013,2025-04-26,CUST1355,50.0,Female,West,Clothing,T-Shirt,2.0,51.14,0.0,UPI,4.0,102.28,2025-04-01,46-55
ORD102614,2025-04-26,CUST1573,24.0,Male,West,Home & Kitchen,Bedsheet Set,3.0,98.65,0.0,UPI,4.0,295.95,2025-04-01,18-25
ORD100191,2025-04-26,CUST1620,41.0,Male,South,Home & Kitchen,Bedsheet Set,1.0,67.59,0.0,UPI,3.0,67.59,2025-04-01,36-45
ORD102137,2025-04-26,CUST1299,18.0,Male,North,Home & Kitchen,Desk Lamp,4.0,52.05,5.0,Credit Card,4.0,197.79,2025-04-01,18-25
ORD100127,2025-04-26,CUST1899,36.0,Female,North,Beauty,Face Cream,3.0,48.15,0.0,Cash on Delivery,4.0,144.45,2025-04-01,36-45
ORD102562,2025-04-27,CUST1260,44.0,Female,East,Home & Kitchen,Bedsheet Set,2.0,27.38,0.0,Credit Card,4.0,54.76,2025-04-01,36-45
ORD100403,2025-04-27,CUST1256,27.0,Male,North,Beauty,Perfume,2.0,19.29,25.0,Credit Card,3.0,28.94,2025-04-01,26-35
ORD100886,2025-04-27,CUST1555,32.0,Female,West,Clothing,Jeans,4.0,44.03,0.0,Credit Card,5.0,176.12,2025-04-01,26-35
ORD100238,2025-04-27,CUST1074,28.0,Female,West,Electronics,Bluetooth Speaker,1.0,166.16,0.0,Credit Card,4.0,166.16,2025-04-01,26-35
ORD102590,2025-04-27,CUST2090,36.0,Female,South,Clothing,Jacket,2.0,107.31,0.0,Credit Card,5.0,214.62,2025-04-01,36-45
ORD100269,2025-04-27,CUST1341,39.0,Female,Unknown,Sports,Dumbbell Set,3.0,26.87,5.0,Debit Card,5.0,76.58,2025-04-01,36-45
ORD100873,2025-04-27,CUST2060,22.0,Male,Unknown,Beauty,Perfume,2.0,44.03,0.0,Credit Card,4.0,88.06,2025-04-01,18-25
ORD102175,2025-04-27,CUST2051,27.0,Female,West,Beauty,Hair Dryer,1.0,32.59,10.0,UPI,5.0,29.33,2025-04-01,26-35
ORD101094,2025-04-27,CUST1579,31.0,Female,West,Beauty,Lipstick Set,2.0,37.7,20.0,Credit Card,4.0,60.32,2025-04-01,26-35
ORD102083,2025-04-27,CUST2092,27.0,Male,West,Sports,Dumbbell Set,2.0,58.82,0.0,UPI,5.0,117.64,2025-04-01,26-35
ORD100728,2025-04-27,CUST1086,39.0,Female,South,Beauty,Perfume,3.0,27.4,5.0,Debit Card,4.0,78.09,2025-04-01,36-45
ORD102307,2025-04-28,CUST1888,36.0,Male,South,Home & Kitchen,Cookware Set,1.0,115.79,0.0,Credit Card,5.0,115.79,2025-04-01,36-45
ORD102977,2025-04-28,CUST1528,36.0,Male,East,Beauty,Hair Dryer,1.0,53.12,10.0,Cash on Delivery,4.0,47.81,2025-04-01,36-45
ORD101023,2025-04-28,CUST1568,38.0,Female,East,Home & Kitchen,Desk Lamp,3.0,68.13,0.0,Debit Card,5.0,204.39,2025-04-01,36-45
ORD100105,2025-04-28,CUST1098,21.0,Female,South,Clothing,Jeans,1.0,51.61,20.0,Cash on Delivery,5.0,41.29,2025-04-01,18-25
ORD102609,2025-04-28,CUST1786,33.0,Female,South,Electronics,Tablet,1.0,175.87,25.0,UPI,2.0,131.9,2025-04-01,26-35
ORD101162,2025-04-28,CUST1024,53.0,Male,North,Electronics,Headphones,2.0,180.68,15.0,Credit Card,5.0,307.16,2025-04-01,46-55
ORD100050,2025-04-28,CUST2102,23.0,Female,North,Home & Kitchen,Bedsheet Set,1.0,39.22,0.0,Credit Card,5.0,39.22,2025-04-01,18-25
ORD102239,2025-04-28,CUST1521,18.0,Male,West,Sports,Yoga Mat,2.0,57.06,0.0,Credit Card,5.0,114.12,2025-04-01,18-25
ORD102504,2025-04-28,CUST2106,28.0,Female,South,Sports,Dumbbell Set,5.0,57.3,0.0,Debit Card,4.0,286.5,2025-04-01,26-35
ORD102025,2025-04-29,CUST1728,18.0,Male,Unknown,Home & Kitchen,Cookware Set,1.0,37.27,10.0,Credit Card,5.0,33.54,2025-04-01,18-25
ORD102925,2025-04-29,CUST1711,53.0,Female,South,Clothing,T-Shirt,4.0,91.48,10.0,Credit Card,3.0,329.33,2025-04-01,46-55
ORD101270,2025-04-29,CUST2188,41.0,Female,North,Clothing,Jeans,3.0,85.29,0.0,Net Banking,4.0,255.87,2025-04-01,36-45
ORD101261,2025-04-29,CUST1878,40.0,Male,West,Clothing,T-Shirt,1.0,107.31,15.0,UPI,4.0,91.21,2025-04-01,36-45
ORD102340,2025-04-29,CUST1224,47.0,Male,South,Electronics,Tablet,2.0,225.96,5.0,Credit Card,4.0,429.32,2025-04-01,46-55
ORD101338,2025-04-29,CUST1150,44.0,Female,East,Clothing,Jacket,1.0,52.35,10.0,Debit Card,3.0,47.12,2025-04-01,36-45
ORD101264,2025-04-29,CUST1618,54.0,Female,West,Beauty,Perfume,3.0,44.26,0.0,Debit Card,4.0,132.78,2025-04-01,46-55
ORD101183,2025-04-30,CUST1049,64.0,Male,North,Electronics,Headphones,3.0,167.05,0.0,Credit Card,3.0,501.15,2025-04-01,56+
ORD100868,2025-04-30,CUST1006,34.0,Male,East,Clothing,T-Shirt,1.0,62.12,5.0,Cash on Delivery,4.0,59.01,2025-04-01,26-35
ORD102550,2025-04-30,CUST1436,25.0,Male,West,Sports,Water Bottle,2.0,27.79,20.0,Net Banking,5.0,44.46,2025-04-01,18-25
ORD102766,2025-04-30,CUST2151,39.0,Male,North,Sports,Water Bottle,3.0,9.5,10.0,Credit Card,4.0,25.65,2025-04-01,36-45
ORD101351,2025-04-30,CUST1302,33.0,Male,South,Clothing,Jeans,3.0,40.26,0.0,UPI,4.0,120.78,2025-04-01,26-35
ORD102835,2025-04-30,CUST1540,23.0,Female,East,Home & Kitchen,Cookware Set,2.0,65.35,5.0,Net Banking,5.0,124.16,2025-04-01,18-25
ORD100277,2025-04-30,CUST2001,28.0,Male,North,Clothing,Sneakers,1.0,48.49,0.0,Credit Card,4.0,48.49,2025-04-01,26-35
ORD101510,2025-04-30,CUST1230,50.0,Male,West,Clothing,Jeans,2.0,107.31,10.0,UPI,4.0,193.16,2025-04-01,46-55
ORD101877,2025-05-01,CUST1393,36.0,Female,East,Clothing,Sneakers,4.0,64.57,15.0,Debit Card,4.0,219.54,2025-05-01,36-45
ORD102767,2025-05-01,CUST1456,45.0,Male,South,Electronics,Tablet,4.0,193.8,0.0,UPI,5.0,775.2,2025-05-01,36-45
ORD101090,2025-05-01,CUST1325,44.0,Male,South,Beauty,Lipstick Set,1.0,32.83,10.0,Credit Card,4.0,29.55,2025-05-01,36-45
ORD102383,2025-05-01,CUST1886,24.0,Female,West,Electronics,Bluetooth Speaker,4.0,302.3,10.0,UPI,4.0,1088.28,2025-05-01,18-25
ORD100212,2025-05-01,CUST1742,34.0,Male,North,Clothing,Sneakers,1.0,51.59,10.0,Credit Card,3.0,46.43,2025-05-01,26-35
ORD101959,2025-05-01,CUST1086,41.0,Female,West,Sports,Yoga Mat,1.0,30.95,0.0,Debit Card,5.0,30.95,2025-05-01,36-45
ORD102411,2025-05-01,CUST1663,45.0,Male,West,Beauty,Hair Dryer,2.0,36.21,5.0,UPI,4.0,68.8,2025-05-01,36-45
ORD101833,2025-05-01,CUST1334,32.0,Female,East,Sports,Dumbbell Set,1.0,47.93,25.0,Credit Card,4.0,35.95,2025-05-01,26-35
ORD100107,2025-05-01,CUST1228,44.0,Male,East,Electronics,Headphones,4.0,176.84,5.0,UPI,5.0,671.99,2025-05-01,36-45
ORD100329,2025-05-01,CUST1554,37.0,Female,West,Electronics,Tablet,1.0,221.43,10.0,Credit Card,5.0,199.29,2025-05-01,36-45
ORD101711,2025-05-01,CUST1535,32.0,Male,East,Sports,Water Bottle,1.0,55.71,0.0,Debit Card,5.0,55.71,2025-05-01,26-35
ORD101198,2025-05-02,CUST1226,34.0,Female,South,Sports,Water Bottle,1.0,5.0,0.0,Credit Card,5.0,5.0,2025-05-01,26-35
ORD101423,2025-05-02,CUST1148,49.0,Male,North,Electronics,Smartwatch,3.0,248.47,0.0,Net Banking,5.0,745.41,2025-05-01,46-55
ORD102625,2025-05-02,CUST1861,36.0,Female,West,Home & Kitchen,Bedsheet Set,2.0,79.64,10.0,Cash on Delivery,4.0,143.35,2025-05-01,36-45
ORD100226,2025-05-02,CUST2056,28.0,Male,West,Clothing,Jacket,1.0,62.8,0.0,Credit Card,5.0,62.8,2025-05-01,26-35
ORD102489,2025-05-02,CUST1671,38.0,Female,East,Sports,Water Bottle,3.0,36.88,0.0,Cash on Delivery,4.0,110.64,2025-05-01,36-45
ORD101537,2025-05-02,CUST2031,49.0,Female,South,Sports,Water Bottle,1.0,35.22,5.0,Credit Card,5.0,33.46,2025-05-01,46-55
ORD102369,2025-05-03,CUST1248,23.0,Female,West,Electronics,Smartwatch,1.0,31.96,0.0,UPI,4.0,31.96,2025-05-01,18-25
ORD100389,2025-05-03,CUST1571,49.0,Male,West,Electronics,Smartwatch,1.0,253.0,10.0,Cash on Delivery,4.0,227.7,2025-05-01,46-55
ORD101202,2025-05-03,CUST1000,30.0,Male,East,Clothing,Jeans,1.0,31.7,10.0,Debit Card,4.0,28.53,2025-05-01,26-35
ORD101811,2025-05-03,CUST2055,28.0,Male,South,Beauty,Face Cream,1.0,17.93,5.0,Credit Card,4.0,17.03,2025-05-01,26-35
ORD100576,2025-05-03,CUST1455,36.0,Female,East,Electronics,Tablet,2.0,231.19,0.0,Cash on Delivery,3.0,462.38,2025-05-01,36-45
ORD102218,2025-05-03,CUST2006,36.0,Male,South,Electronics,Headphones,3.0,235.97,0.0,Credit Card,3.0,707.91,2025-05-01,36-45
ORD102655,2025-05-03,CUST1030,43.0,Female,Unknown,Home & Kitchen,Cookware Set,3.0,96.55,0.0,UPI,3.0,289.65,2025-05-01,36-45
ORD101206,2025-05-03,CUST1556,38.0,Female,West,Clothing,Sneakers,5.0,95.8,0.0,Credit Card,3.0,479.0,2025-05-01,36-45
ORD102585,2025-05-04,CUST1189,50.0,Female,North,Clothing,Sneakers,4.0,36.4,0.0,UPI,5.0,145.6,2025-05-01,46-55
ORD102850,2025-05-04,CUST1035,57.0,Female,Unknown,Home & Kitchen,Air Fryer,2.0,90.31,0.0,UPI,4.0,180.62,2025-05-01,56+
ORD101435,2025-05-04,CUST1691,45.0,Male,West,Home & Kitchen,Air Fryer,2.0,83.91,20.0,Net Banking,4.0,134.26,2025-05-01,36-45
ORD101857,2025-05-04,CUST1863,47.0,Male,East,Beauty,Perfume,2.0,21.74,15.0,UPI,5.0,36.96,2025-05-01,46-55
ORD100716,2025-05-04,CUST1334,41.0,Female,West,Home & Kitchen,Desk Lamp,2.0,57.31,15.0,UPI,5.0,97.43,2025-05-01,36-45
ORD101267,2025-05-04,CUST2055,32.0,Male,North,Home & Kitchen,Bedsheet Set,1.0,41.27,20.0,Net Banking,4.0,33.02,2025-05-01,26-35
ORD102641,2025-05-04,CUST2088,42.0,Male,West,Beauty,Perfume,1.0,39.93,0.0,Debit Card,3.0,39.93,2025-05-01,36-45
ORD102040,2025-05-05,CUST1906,41.0,Female,West,Clothing,Jeans,2.0,45.7,5.0,Cash on Delivery,4.0,86.83,2025-05-01,36-45
ORD101559,2025-05-05,CUST1758,36.0,Female,West,Clothing,Sneakers,1.0,29.93,20.0,Cash on Delivery,4.0,23.94,2025-05-01,36-45
ORD102374,2025-05-05,CUST1478,34.0,Male,Unknown,Clothing,Jeans,1.0,55.13,15.0,Net Banking,5.0,46.86,2025-05-01,26-35
ORD102961,2025-05-05,CUST2154,41.0,Female,Unknown,Clothing,Sneakers,1.0,26.86,10.0,Cash on Delivery,4.0,24.17,2025-05-01,36-45
ORD100972,2025-05-05,CUST2044,41.0,Female,South,Home & Kitchen,Desk Lamp,1.0,51.44,5.0,Credit Card,4.0,48.87,2025-05-01,36-45
ORD100858,2025-05-05,CUST2169,28.0,Female,East,Clothing,T-Shirt,3.0,63.69,0.0,Credit Card,4.0,191.07,2025-05-01,26-35
ORD102761,2025-05-05,CUST1608,38.0,Male,West,Electronics,Smartwatch,3.0,158.06,0.0,Debit Card,4.0,474.18,2025-05-01,36-45
ORD100082,2025-05-05,CUST2083,29.0,Female,Unknown,Home & Kitchen,Bedsheet Set,1.0,88.43,0.0,UPI,2.0,88.43,2025-05-01,26-35
ORD100173,2025-05-05,CUST1307,61.0,Female,West,Sports,Yoga Mat,1.0,34.43,10.0,Credit Card,5.0,30.99,2025-05-01,56+
ORD102392,2025-05-05,CUST2035,29.0,Male,South,Clothing,Sneakers,4.0,33.45,10.0,UPI,4.0,120.42,2025-05-01,26-35
ORD101536,2025-05-06,CUST1146,32.0,Male,West,Sports,Dumbbell Set,4.0,46.97,10.0,Credit Card,4.0,169.09,2025-05-01,26-35
ORD100084,2025-05-06,CUST1979,36.0,Male,North,Electronics,Headphones,1.0,306.1,0.0,UPI,2.0,306.1,2025-05-01,36-45
ORD102737,2025-05-06,CUST1952,35.0,Male,East,Clothing,Sneakers,1.0,67.69,0.0,Debit Card,5.0,67.69,2025-05-01,26-35
ORD102664,2025-05-06,CUST1473,40.0,Male,West,Clothing,Jacket,2.0,74.19,5.0,Cash on Delivery,5.0,140.96,2025-05-01,36-45
ORD101508,2025-05-06,CUST1135,38.0,Male,South,Electronics,Bluetooth Speaker,1.0,124.42,10.0,UPI,4.0,111.98,2025-05-01,36-45
ORD100891,2025-05-07,CUST2063,20.0,Male,East,Sports,Running Shoes,1.0,12.94,0.0,Cash on Delivery,4.0,12.94,2025-05-01,18-25
ORD101648,2025-05-07,CUST1634,32.0,Female,West,Electronics,Tablet,2.0,165.0,15.0,Net Banking,4.0,280.5,2025-05-01,26-35
ORD101939,2025-05-07,CUST1477,22.0,Female,West,Electronics,Bluetooth Speaker,4.0,252.47,5.0,Credit Card,4.0,959.39,2025-05-01,18-25
ORD102292,2025-05-07,CUST2002,37.0,Male,North,Sports,Water Bottle,3.0,49.08,0.0,Net Banking,3.0,147.24,2025-05-01,36-45
ORD100028,2025-05-07,CUST2042,44.0,Male,West,Beauty,Lipstick Set,1.0,28.63,0.0,UPI,4.0,28.63,2025-05-01,36-45
ORD102425,2025-05-07,CUST1982,46.0,Male,South,Home & Kitchen,Bedsheet Set,1.0,76.98,5.0,UPI,3.0,73.13,2025-05-01,46-55
ORD101185,2025-05-07,CUST2083,41.0,Female,North,Sports,Water Bottle,1.0,63.42,0.0,Credit Card,4.0,63.42,2025-05-01,36-45
ORD102931,2025-05-08,CUST1346,43.0,Male,South,Electronics,Tablet,1.0,166.67,10.0,Debit Card,4.0,150.0,2025-05-01,36-45
ORD102615,2025-05-08,CUST1357,28.0,Female,East,Electronics,Bluetooth Speaker,1.0,154.74,5.0,Cash on Delivery,4.0,147.0,2025-05-01,26-35
ORD102606,2025-05-08,CUST1669,37.0,Male,North,Clothing,T-Shirt,1.0,56.03,5.0,Net Banking,4.0,53.23,2025-05-01,36-45
ORD100429,2025-05-08,CUST1476,38.0,Female,West,Beauty,Lipstick Set,1.0,58.34,5.0,Cash on Delivery,4.0,55.42,2025-05-01,36-45
ORD100276,2025-05-08,CUST1420,18.0,Female,East,Home & Kitchen,Desk Lamp,2.0,50.17,10.0,Net Banking,4.0,90.31,2025-05-01,18-25
ORD101886,2025-05-09,CUST1940,40.0,Male,East,Home & Kitchen,Air Fryer,4.0,71.67,0.0,UPI,5.0,286.68,2025-05-01,36-45
ORD100812,2025-05-09,CUST2175,49.0,Female,East,Home & Kitchen,Bedsheet Set,3.0,28.38,10.0,UPI,5.0,76.63,2025-05-01,46-55
ORD101744,2025-05-09,CUST1128,35.0,Female,West,Clothing,Sneakers,2.0,60.9,0.0,UPI,5.0,121.8,2025-05-01,26-35
ORD101395,2025-05-09,CUST1345,45.0,Female,North,Home & Kitchen,Cookware Set,1.0,122.86,10.0,Cash on Delivery,4.0,110.57,2025-05-01,36-45
ORD102564,2025-05-09,CUST1355,28.0,Male,South,Sports,Yoga Mat,2.0,13.15,0.0,UPI,4.0,26.3,2025-05-01,26-35
ORD100523,2025-05-09,CUST1870,41.0,Male,North,Home & Kitchen,Desk Lamp,4.0,75.79,15.0,UPI,5.0,257.69,2025-05-01,36-45
ORD101361,2025-05-09,CUST1880,30.0,Male,East,Beauty,Perfume,4.0,36.44,25.0,Credit Card,4.0,109.32,2025-05-01,26-35
ORD100289,2025-05-09,CUST1347,36.0,Female,Unknown,Clothing,T-Shirt,1.0,50.16,5.0,Credit Card,5.0,47.65,2025-05-01,36-45
ORD102318,2025-05-09,CUST1155,23.0,Female,South,Clothing,Sneakers,1.0,101.49,10.0,UPI,4.0,91.34,2025-05-01,18-25
ORD102494,2025-05-09,CUST1732,43.0,Female,West,Clothing,Jeans,2.0,61.34,0.0,Net Banking,5.0,122.68,2025-05-01,36-45
ORD102360,2025-05-09,CUST1240,51.0,Male,North,Home & Kitchen,Air Fryer,2.0,82.06,0.0,UPI,4.0,164.12,2025-05-01,46-55
ORD100374,2025-05-09,CUST1640,33.0,Male,South,Beauty,Lipstick Set,1.0,36.73,15.0,UPI,4.0,31.22,2025-05-01,26-35
ORD100332,2025-05-10,CUST1006,33.0,Female,South,Home & Kitchen,Bedsheet Set,2.0,22.07,0.0,Debit Card,4.0,44.14,2025-05-01,26-35
ORD100941,2025-05-10,CUST1365,40.0,Female,South,Clothing,T-Shirt,4.0,75.84,15.0,Credit Card,3.0,257.86,2025-05-01,36-45
ORD100257,2025-05-10,CUST1592,24.0,Male,South,Home & Kitchen,Cookware Set,1.0,54.72,15.0,UPI,3.0,46.51,2025-05-01,18-25
ORD101148,2025-05-10,CUST1740,33.0,Male,East,Electronics,Headphones,1.0,222.18,5.0,Credit Card,4.0,211.07,2025-05-01,26-35
ORD100118,2025-05-10,CUST1538,18.0,Female,Unknown,Beauty,Hair Dryer,1.0,48.47,0.0,UPI,4.0,48.47,2025-05-01,18-25
ORD100783,2025-05-10,CUST1416,33.0,Male,South,Electronics,Smartwatch,1.0,173.45,5.0,Credit Card,3.0,164.78,2025-05-01,26-35
ORD101878,2025-05-10,CUST1712,20.0,Male,South,Beauty,Lipstick Set,1.0,53.25,5.0,UPI,4.0,50.59,2025-05-01,18-25
ORD101103,2025-05-11,CUST2107,53.0,Female,West,Home & Kitchen,Bedsheet Set,3.0,82.3,0.0,Net Banking,4.0,246.9,2025-05-01,46-55
ORD102119,2025-05-11,CUST1006,28.0,Male,North,Clothing,T-Shirt,2.0,56.18,25.0,UPI,4.0,84.27,2025-05-01,26-35
ORD102086,2025-05-11,CUST1828,35.0,Female,South,Clothing,Sneakers,1.0,64.32,10.0,Net Banking,4.0,57.89,2025-05-01,26-35
ORD101193,2025-05-11,CUST1632,28.0,Male,South,Home & Kitchen,Air Fryer,1.0,56.03,15.0,UPI,5.0,47.63,2025-05-01,26-35
ORD101428,2025-05-11,CUST1368,22.0,Male,West,Clothing,Sneakers,3.0,26.02,10.0,UPI,4.0,70.25,2025-05-01,18-25
ORD102038,2025-05-11,CUST1235,18.0,Female,South,Electronics,Bluetooth Speaker,1.0,127.17,10.0,Cash on Delivery,4.0,114.45,2025-05-01,18-25
ORD102007,2025-05-11,CUST1524,57.0,Male,East,Beauty,Face Cream,2.0,60.44,10.0,Cash on Delivery,3.0,108.79,2025-05-01,56+
ORD100846,2025-05-11,CUST1202,26.0,Male,East,Electronics,Headphones,2.0,136.65,10.0,Debit Card,4.0,245.97,2025-05-01,26-35
ORD101958,2025-05-11,CUST1834,37.0,Male,West,Home & Kitchen,Desk Lamp,3.0,62.46,20.0,Credit Card,5.0,149.9,2025-05-01,36-45
ORD100229,2025-05-11,CUST1769,25.0,Male,South,Electronics,Headphones,2.0,154.02,0.0,Credit Card,4.0,308.04,2025-05-01,18-25
ORD100438,2025-05-12,CUST1639,35.0,Male,East,Home & Kitchen,Air Fryer,1.0,56.47,0.0,Credit Card,5.0,56.47,2025-05-01,26-35
ORD102273,2025-05-12,CUST2116,31.0,Male,North,Clothing,Jacket,1.0,5.0,0.0,UPI,5.0,5.0,2025-05-01,26-35
ORD102458,2025-05-12,CUST1612,36.0,Male,Unknown,Home & Kitchen,Air Fryer,2.0,66.64,0.0,Credit Card,4.0,133.28,2025-05-01,36-45
ORD102659,2025-05-12,CUST1578,34.0,Female,North,Electronics,Headphones,2.0,143.49,0.0,UPI,3.0,286.98,2025-05-01,26-35
ORD101336,2025-05-12,CUST1973,35.0,Female,South,Clothing,Sneakers,3.0,43.52,0.0,UPI,2.0,130.56,2025-05-01,26-35
ORD100995,2025-05-12,CUST1209,44.0,Female,East,Beauty,Lipstick Set,1.0,35.41,10.0,UPI,4.0,31.87,2025-05-01,36-45
ORD101694,2025-05-12,CUST1974,35.0,Male,East,Sports,Running Shoes,1.0,71.93,0.0,UPI,5.0,71.93,2025-05-01,26-35
ORD101769,2025-05-12,CUST1873,37.0,Male,West,Beauty,Hair Dryer,1.0,48.44,0.0,Debit Card,3.0,48.44,2025-05-01,36-45
ORD101943,2025-05-13,CUST1090,39.0,Male,North,Home & Kitchen,Cookware Set,3.0,70.235,5.0,Debit Card,5.0,200.17,2025-05-01,36-45
ORD100356,2025-05-13,CUST1268,26.0,Male,South,Sports,Yoga Mat,2.0,55.93,15.0,Cash on Delivery,5.0,95.08,2025-05-01,26-35
ORD102597,2025-05-13,CUST1289,23.0,Male,North,Beauty,Lipstick Set,1.0,42.2,10.0,Credit Card,4.0,37.98,2025-05-01,18-25
ORD102682,2025-05-13,CUST1014,31.0,Male,South,Electronics,Headphones,2.0,180.31,10.0,Credit Card,4.0,324.56,2025-05-01,26-35
ORD102875,2025-05-13,CUST1637,39.0,Female,North,Electronics,Tablet,1.0,237.91,15.0,UPI,5.0,202.22,2025-05-01,36-45
ORD102450,2025-05-13,CUST1936,37.0,Male,North,Clothing,Jeans,1.0,89.42,20.0,Net Banking,5.0,71.54,2025-05-01,36-45
ORD100493,2025-05-13,CUST2126,18.0,Male,West,Clothing,T-Shirt,1.0,8.9,0.0,Debit Card,4.0,8.9,2025-05-01,18-25
ORD100917,2025-05-13,CUST1231,36.0,Female,Unknown,Electronics,Headphones,2.0,135.21,5.0,Debit Card,5.0,256.9,2025-05-01,36-45
ORD101585,2025-05-13,CUST1429,22.0,Female,East,Clothing,T-Shirt,2.0,50.28,5.0,Debit Card,3.0,95.53,2025-05-01,18-25
ORD101089,2025-05-13,CUST1651,59.0,Male,South,Sports,Water Bottle,2.0,77.06,0.0,UPI,5.0,154.12,2025-05-01,56+
ORD100607,2025-05-13,CUST1940,23.0,Male,South,Clothing,Jeans,1.0,65.89,0.0,UPI,4.0,65.89,2025-05-01,18-25
ORD100855,2025-05-14,CUST1031,52.0,Female,South,Sports,Dumbbell Set,5.0,14.6,0.0,Credit Card,5.0,73.0,2025-05-01,46-55
ORD102954,2025-05-14,CUST1118,34.0,Female,West,Clothing,Sneakers,1.0,69.95,15.0,Net Banking,4.0,59.46,2025-05-01,26-35
ORD102435,2025-05-14,CUST1524,47.0,Female,North,Electronics,Smartwatch,2.0,95.78,10.0,UPI,4.0,172.4,2025-05-01,46-55
ORD102138,2025-05-14,CUST1799,39.0,Male,North,Clothing,Jacket,4.0,48.01,0.0,UPI,4.0,192.04,2025-05-01,36-45
ORD102667,2025-05-14,CUST1276,42.0,Male,South,Electronics,Smartwatch,2.0,174.94,0.0,Debit Card,4.0,349.88,2025-05-01,36-45
ORD101307,2025-05-14,CUST1689,25.0,Female,South,Clothing,T-Shirt,1.0,34.09,0.0,Debit Card,4.0,34.09,2025-05-01,18-25
ORD102598,2025-05-14,CUST1096,35.0,Male,South,Clothing,Jeans,5.0,21.54,0.0,Cash on Delivery,5.0,107.7,2025-05-01,26-35
ORD100185,2025-05-14,CUST1706,36.0,Female,West,Beauty,Lipstick Set,1.0,40.85,20.0,UPI,3.0,32.68,2025-05-01,36-45
ORD102546,2025-05-14,CUST1842,45.0,Male,South,Home & Kitchen,Cookware Set,3.0,79.88,5.0,Credit Card,4.0,227.66,2025-05-01,36-45
ORD100251,2025-05-15,CUST1916,41.0,Male,South,Sports,Water Bottle,2.0,21.66,0.0,Net Banking,4.0,43.32,2025-05-01,36-45
ORD102595,2025-05-15,CUST1944,37.0,Male,West,Clothing,Sneakers,1.0,63.7,0.0,UPI,4.0,63.7,2025-05-01,36-45
ORD100816,2025-05-15,CUST1829,27.0,Male,West,Sports,Dumbbell Set,3.0,31.22,25.0,Credit Card,3.0,70.24,2025-05-01,26-35
ORD100463,2025-05-15,CUST1844,30.0,Male,North,Home & Kitchen,Desk Lamp,4.0,69.2,0.0,Credit Card,3.0,276.8,2025-05-01,26-35
ORD100214,2025-05-15,CUST1775,50.0,Female,South,Sports,Water Bottle,1.0,55.73,0.0,UPI,4.0,55.73,2025-05-01,46-55
ORD101577,2025-05-15,CUST1031,48.0,Male,West,Clothing,Jacket,2.0,66.92,15.0,Debit Card,4.0,113.76,2025-05-01,46-55
ORD101049,2025-05-15,CUST1582,36.0,Male,North,Clothing,Sneakers,1.0,39.56,5.0,UPI,3.0,37.58,2025-05-01,36-45
ORD101284,2025-05-15,CUST1163,27.0,Male,North,Electronics,Headphones,2.0,140.14,5.0,Cash on Delivery,5.0,266.27,2025-05-01,26-35
ORD102856,2025-05-15,CUST1515,24.0,Female,West,Beauty,Face Cream,1.0,33.65,0.0,Credit Card,5.0,33.65,2025-05-01,18-25
ORD101274,2025-05-15,CUST2132,43.0,Male,East,Home & Kitchen,Cookware Set,2.0,76.77,25.0,Credit Card,4.0,115.16,2025-05-01,36-45
ORD101622,2025-05-15,CUST1275,30.0,Male,West,Clothing,Jeans,1.0,53.89,0.0,Debit Card,5.0,53.89,2025-05-01,26-35
ORD100148,2025-05-15,CUST1886,30.0,Male,South,Home & Kitchen,Bedsheet Set,1.0,71.56,0.0,Net Banking,4.0,71.56,2025-05-01,26-35
ORD102724,2025-05-15,CUST1184,40.0,Male,South,Clothing,Jacket,2.0,58.69,15.0,UPI,3.0,99.77,2025-05-01,36-45
ORD102926,2025-05-15,CUST1004,41.0,Female,West,Home & Kitchen,Bedsheet Set,1.0,77.67,25.0,Cash on Delivery,4.0,58.25,2025-05-01,36-45
ORD101191,2025-05-16,CUST1010,30.0,Female,East,Clothing,Jeans,2.0,57.82,10.0,Cash on Delivery,3.0,104.08,2025-05-01,26-35
ORD102814,2025-05-16,CUST1823,39.0,Male,West,Electronics,Smartwatch,1.0,160.59,10.0,Cash on Delivery,4.0,144.53,2025-05-01,36-45
ORD101378,2025-05-16,CUST1177,30.0,Female,South,Electronics,Tablet,1.0,5.0,10.0,Credit Card,5.0,4.5,2025-05-01,26-35
ORD101604,2025-05-16,CUST1753,36.0,Male,East,Electronics,Smartwatch,1.0,105.75,20.0,Cash on Delivery,5.0,84.6,2025-05-01,36-45
ORD100079,2025-05-16,CUST1227,27.0,Female,East,Home & Kitchen,Bedsheet Set,3.0,90.17,10.0,UPI,3.0,243.46,2025-05-01,26-35
ORD101478,2025-05-16,CUST2009,36.0,Female,East,Clothing,Sneakers,2.0,80.68,10.0,Credit Card,4.0,145.22,2025-05-01,36-45
ORD102082,2025-05-16,CUST1641,21.0,Female,West,Home & Kitchen,Cookware Set,1.0,57.06,10.0,Net Banking,5.0,51.35,2025-05-01,18-25
ORD100685,2025-05-16,CUST1985,21.0,Male,West,Clothing,T-Shirt,1.0,72.06,10.0,Net Banking,4.0,64.85,2025-05-01,18-25
ORD102849,2025-05-17,CUST1657,30.0,Female,South,Electronics,Smartwatch,3.0,299.22,0.0,UPI,4.0,897.66,2025-05-01,26-35
ORD102880,2025-05-17,CUST1529,25.0,Male,West,Clothing,Jeans,1.0,43.95,5.0,Credit Card,4.0,41.75,2025-05-01,18-25
ORD102454,2025-05-17,CUST2039,47.0,Male,North,Sports,Yoga Mat,1.0,46.55,10.0,Credit Card,5.0,41.9,2025-05-01,46-55
ORD100440,2025-05-17,CUST1875,51.0,Female,West,Home & Kitchen,Bedsheet Set,2.0,127.89,10.0,Credit Card,4.0,230.2,2025-05-01,46-55
ORD100348,2025-05-17,CUST1428,20.0,Male,North,Home & Kitchen,Desk Lamp,3.0,87.46,10.0,Debit Card,5.0,236.14,2025-05-01,18-25
ORD101303,2025-05-17,CUST1744,36.0,Male,North,Clothing,T-Shirt,1.0,72.84,15.0,Credit Card,5.0,61.91,2025-05-01,36-45
ORD101931,2025-05-17,CUST2116,50.0,Male,North,Clothing,Jeans,3.0,85.08,15.0,Credit Card,4.0,216.95,2025-05-01,46-55
ORD100512,2025-05-17,CUST1488,32.0,Male,East,Beauty,Lipstick Set,4.0,42.73,20.0,Credit Card,5.0,136.74,2025-05-01,26-35
ORD100879,2025-05-17,CUST1414,27.0,Female,West,Home & Kitchen,Cookware Set,1.0,96.02,15.0,Cash on Delivery,5.0,81.62,2025-05-01,26-35
ORD102217,2025-05-17,CUST1319,56.0,Male,North,Electronics,Smartwatch,1.0,234.37,0.0,Cash on Delivery,5.0,234.37,2025-05-01,56+
ORD102253,2025-05-18,CUST1650,45.0,Female,South,Home & Kitchen,Cookware Set,1.0,79.31,5.0,Credit Card,3.0,75.34,2025-05-01,36-45
ORD102423,2025-05-18,CUST1815,36.0,Female,West,Clothing,Jeans,4.0,42.34,0.0,UPI,3.0,169.36,2025-05-01,36-45
ORD102072,2025-05-18,CUST2027,26.0,Male,West,Clothing,T-Shirt,3.0,68.86,5.0,Cash on Delivery,4.0,196.25,2025-05-01,26-35
ORD100850,2025-05-18,CUST1176,34.0,Male,West,Clothing,Jeans,1.0,81.71,15.0,Cash on Delivery,4.0,69.45,2025-05-01,26-35
ORD101108,2025-05-18,CUST1163,30.0,Female,East,Clothing,Jeans,2.0,45.77,0.0,Cash on Delivery,4.0,91.54,2025-05-01,26-35
ORD100919,2025-05-18,CUST1316,50.0,Male,North,Electronics,Tablet,1.0,132.07,5.0,Debit Card,5.0,125.47,2025-05-01,46-55
ORD101300,2025-05-18,CUST2084,27.0,Male,East,Clothing,Jeans,2.0,54.46,5.0,Net Banking,4.0,103.47,2025-05-01,26-35
ORD101712,2025-05-18,CUST1060,36.0,Female,South,Home & Kitchen,Bedsheet Set,2.0,71.29,15.0,Debit Card,5.0,121.19,2025-05-01,36-45
ORD101785,2025-05-18,CUST1096,42.0,Male,East,Electronics,Headphones,1.0,130.67,25.0,Debit Card,3.0,98.0,2025-05-01,36-45
ORD100836,2025-05-18,CUST1804,45.0,Male,West,Clothing,T-Shirt,2.0,78.98,0.0,Cash on Delivery,5.0,157.96,2025-05-01,36-45
ORD102090,2025-05-19,CUST1492,52.0,Female,South,Beauty,Face Cream,1.0,26.1,10.0,UPI,4.0,23.49,2025-05-01,46-55
ORD101216,2025-05-19,CUST1053,33.0,Female,South,Home & Kitchen,Bedsheet Set,2.0,71.29,20.0,Credit Card,3.0,114.06,2025-05-01,26-35
ORD102065,2025-05-19,CUST1282,35.0,Male,East,Beauty,Face Cream,2.0,56.55,25.0,Cash on Delivery,4.0,84.82,2025-05-01,26-35
ORD102321,2025-05-19,CUST1405,41.0,Female,East,Beauty,Lipstick Set,1.0,25.25,0.0,UPI,5.0,25.25,2025-05-01,36-45
ORD101798,2025-05-19,CUST1103,56.0,Male,Unknown,Beauty,Face Cream,4.0,38.02,10.0,Debit Card,5.0,136.87,2025-05-01,56+
ORD100766,2025-05-19,CUST1787,24.0,Female,West,Beauty,Face Cream,1.0,47.5,10.0,UPI,5.0,42.75,2025-05-01,18-25
ORD102186,2025-05-19,CUST1688,28.0,Female,South,Beauty,Lipstick Set,3.0,45.9,0.0,Cash on Delivery,3.0,137.7,2025-05-01,26-35
ORD102143,2025-05-19,CUST2175,42.0,Male,West,Beauty,Hair Dryer,2.0,12.05,0.0,Debit Card,3.0,24.1,2025-05-01,36-45
ORD101123,2025-05-19,CUST1902,32.0,Female,South,Home & Kitchen,Desk Lamp,4.0,91.57,5.0,UPI,4.0,347.97,2025-05-01,26-35
ORD100351,2025-05-20,CUST1473,36.0,Male,East,Home & Kitchen,Air Fryer,3.0,63.28,0.0,UPI,3.0,189.84,2025-05-01,36-45
ORD100003,2025-05-20,CUST2097,29.0,Male,North,Home & Kitchen,Desk Lamp,1.0,43.49,0.0,Cash on Delivery,5.0,43.49,2025-05-01,26-35
ORD101047,2025-05-20,CUST1721,31.0,Male,North,Home & Kitchen,Bedsheet Set,1.0,74.29,20.0,UPI,4.0,59.43,2025-05-01,26-35
ORD100480,2025-05-20,CUST1877,36.0,Male,West,Home & Kitchen,Air Fryer,1.0,54.64,15.0,Debit Card,4.0,46.44,2025-05-01,36-45
ORD102922,2025-05-20,CUST2101,40.0,Male,South,Clothing,T-Shirt,2.0,47.06,5.0,UPI,4.0,89.41,2025-05-01,36-45
ORD102073,2025-05-20,CUST1155,29.0,Female,Unknown,Clothing,Jacket,2.0,52.65,20.0,Credit Card,3.0,84.24,2025-05-01,26-35
ORD100184,2025-05-20,CUST1381,33.0,Female,East,Clothing,Jeans,4.0,64.26,10.0,Net Banking,4.0,231.34,2025-05-01,26-35
ORD101984,2025-05-20,CUST1637,44.0,Male,West,Clothing,Sneakers,1.0,64.87,0.0,Credit Card,3.0,64.87,2025-05-01,36-45
ORD102214,2025-05-20,CUST1089,40.0,Female,East,Home & Kitchen,Air Fryer,2.0,89.92,15.0,Credit Card,4.0,152.86,2025-05-01,36-45
ORD102956,2025-05-20,CUST2124,36.0,Female,West,Home & Kitchen,Desk Lamp,2.0,52.94,5.0,UPI,5.0,100.59,2025-05-01,36-45
ORD102689,2025-05-20,CUST1739,32.0,Female,North,Sports,Yoga Mat,1.0,36.79,5.0,Credit Card,4.0,34.95,2025-05-01,26-35
ORD102777,2025-05-20,CUST2155,42.0,Male,West,Home & Kitchen,Desk Lamp,1.0,134.6575,10.0,Net Banking,4.0,121.19,2025-05-01,36-45
ORD100905,2025-05-20,CUST1453,29.0,Male,West,Home & Kitchen,Cookware Set,3.0,57.54,5.0,UPI,5.0,163.99,2025-05-01,26-35
ORD100570,2025-05-21,CUST2076,30.0,Male,North,Sports,Dumbbell Set,1.0,35.6,10.0,UPI,4.0,32.04,2025-05-01,26-35
ORD102216,2025-05-21,CUST1395,38.0,Female,West,Sports,Yoga Mat,1.0,38.2,0.0,Debit Card,4.0,38.2,2025-05-01,36-45
ORD100610,2025-05-21,CUST1474,52.0,Female,West,Electronics,Tablet,3.0,280.02,5.0,Credit Card,4.0,798.06,2025-05-01,46-55
ORD101749,2025-05-21,CUST1272,18.0,Male,West,Home & Kitchen,Air Fryer,2.0,98.42,20.0,Debit Card,4.0,157.47,2025-05-01,18-25
ORD101282,2025-05-21,CUST1069,38.0,Male,South,Home & Kitchen,Desk Lamp,1.0,84.02,10.0,UPI,4.0,75.62,2025-05-01,36-45
ORD100010,2025-05-21,CUST1812,26.0,Male,South,Home & Kitchen,Cookware Set,1.0,82.44,0.0,Cash on Delivery,5.0,82.44,2025-05-01,26-35
ORD102026,2025-05-21,CUST1003,19.0,Female,North,Beauty,Perfume,3.0,28.49,0.0,UPI,4.0,85.47,2025-05-01,18-25
ORD101532,2025-05-22,CUST2030,43.0,Male,West,Beauty,Lipstick Set,1.0,35.07,10.0,Debit Card,5.0,31.56,2025-05-01,36-45
ORD101290,2025-05-22,CUST1657,43.0,Female,North,Electronics,Smartwatch,2.0,117.51,0.0,Credit Card,5.0,235.02,2025-05-01,36-45
ORD101271,2025-05-22,CUST1816,34.0,Female,South,Electronics,Headphones,2.0,227.75,5.0,Cash on Delivery,5.0,432.72,2025-05-01,26-35
ORD100287,2025-05-22,CUST1327,42.0,Male,West,Electronics,Tablet,2.0,157.04,10.0,Credit Card,4.0,282.67,2025-05-01,36-45
ORD100622,2025-05-22,CUST1588,28.0,Female,West,Sports,Running Shoes,2.0,62.04,0.0,Debit Card,5.0,124.08,2025-05-01,26-35
ORD101658,2025-05-22,CUST1110,57.0,Male,South,Clothing,Jeans,1.0,38.12,0.0,Credit Card,5.0,38.12,2025-05-01,56+
ORD100125,2025-05-22,CUST1931,53.0,Female,Unknown,Beauty,Face Cream,1.0,22.46,10.0,Cash on Delivery,5.0,20.21,2025-05-01,46-55
ORD102346,2025-05-22,CUST2045,41.0,Female,North,Clothing,Jacket,2.0,53.84,0.0,UPI,4.0,107.68,2025-05-01,36-45
ORD101312,2025-05-23,CUST1054,33.0,Female,South,Clothing,Sneakers,2.0,30.7,10.0,Cash on Delivery,5.0,55.26,2025-05-01,26-35
ORD102973,2025-05-23,CUST1030,37.0,Male,North,Sports,Dumbbell Set,1.0,19.11,5.0,UPI,5.0,18.15,2025-05-01,36-45
ORD100502,2025-05-23,CUST1483,25.0,Female,North,Home & Kitchen,Cookware Set,1.0,70.3,5.0,Credit Card,4.0,66.78,2025-05-01,18-25
ORD102381,2025-05-23,CUST2134,22.0,Female,West,Electronics,Headphones,1.0,106.46,20.0,UPI,4.0,85.17,2025-05-01,18-25
ORD100021,2025-05-23,CUST1635,23.0,Male,Unknown,Electronics,Headphones,1.0,117.17,0.0,UPI,4.0,117.17,2025-05-01,18-25
ORD102252,2025-05-23,CUST2162,50.0,Female,East,Home & Kitchen,Cookware Set,2.0,81.93,10.0,Credit Card,4.0,147.47,2025-05-01,46-55
ORD100605,2025-05-23,CUST1687,18.0,Male,Unknown,Sports,Yoga Mat,1.0,66.34,10.0,Credit Card,4.0,59.71,2025-05-01,18-25
ORD102944,2025-05-23,CUST1086,53.0,Male,West,Electronics,Tablet,2.0,174.62,5.0,UPI,4.0,331.78,2025-05-01,46-55
ORD100616,2025-05-23,CUST2000,36.0,Female,East,Sports,Water Bottle,1.0,57.57,0.0,Cash on Delivery,3.0,57.57,2025-05-01,36-45
ORD101945,2025-05-24,CUST2060,36.0,Female,East,Beauty,Hair Dryer,1.0,41.95,25.0,Cash on Delivery,5.0,31.46,2025-05-01,36-45
ORD102470,2025-05-24,CUST1327,46.0,Female,West,Home & Kitchen,Desk Lamp,1.0,88.99,5.0,UPI,5.0,84.54,2025-05-01,46-55
ORD100267,2025-05-24,CUST1497,50.0,Male,North,Clothing,Jacket,1.0,82.76,15.0,UPI,4.0,70.35,2025-05-01,46-55
ORD101628,2025-05-24,CUST1992,34.0,Male,North,Beauty,Face Cream,2.0,37.82,5.0,Credit Card,4.0,71.86,2025-05-01,26-35
ORD102963,2025-05-24,CUST2178,35.0,Female,West,Electronics,Headphones,1.0,175.31,0.0,Cash on Delivery,4.0,175.31,2025-05-01,26-35
ORD101283,2025-05-24,CUST1238,35.0,Male,East,Home & Kitchen,Bedsheet Set,1.0,74.37,5.0,UPI,4.0,70.65,2025-05-01,26-35
ORD100715,2025-05-24,CUST1856,39.0,Male,North,Home & Kitchen,Cookware Set,4.0,113.97,5.0,Cash on Delivery,5.0,433.09,2025-05-01,36-45
ORD102960,2025-05-25,CUST1684,32.0,Male,West,Sports,Dumbbell Set,1.0,53.52,10.0,Net Banking,4.0,48.17,2025-05-01,26-35
ORD101610,2025-05-25,CUST1812,37.0,Female,North,Home & Kitchen,Bedsheet Set,3.0,45.58,0.0,Cash on Delivery,5.0,136.74,2025-05-01,36-45
ORD101708,2025-05-25,CUST2024,33.0,Male,West,Clothing,T-Shirt,2.0,73.5,15.0,Credit Card,4.0,124.95,2025-05-01,26-35
ORD102081,2025-05-25,CUST2152,36.0,Female,Unknown,Sports,Yoga Mat,3.0,43.87,0.0,Credit Card,4.0,131.61,2025-05-01,36-45
ORD101409,2025-05-25,CUST1014,33.0,Male,North,Clothing,Jacket,3.0,54.26,10.0,UPI,5.0,146.5,2025-05-01,26-35
ORD100895,2025-05-25,CUST1343,38.0,Male,North,Beauty,Lipstick Set,2.0,50.82,5.0,Debit Card,4.0,96.56,2025-05-01,36-45
ORD101625,2025-05-25,CUST1317,39.0,Female,West,Beauty,Hair Dryer,1.0,44.1,0.0,Cash on Delivery,4.0,44.1,2025-05-01,36-45
ORD101245,2025-05-25,CUST1749,37.0,Female,South,Clothing,Jeans,2.0,62.98,10.0,Credit Card,5.0,113.36,2025-05-01,36-45
ORD101555,2025-05-25,CUST1687,32.0,Female,Unknown,Electronics,Bluetooth Speaker,1.0,192.5,5.0,Credit Card,3.0,182.88,2025-05-01,26-35
ORD102708,2025-05-25,CUST1871,29.0,Female,South,Clothing,Jeans,1.0,59.91,10.0,Net Banking,4.0,53.92,2025-05-01,26-35
ORD101248,2025-05-25,CUST1441,41.0,Male,East,Sports,Water Bottle,1.0,42.48,5.0,Credit Card,5.0,40.36,2025-05-01,36-45
ORD100908,2025-05-25,CUST1461,53.0,Male,West,Home & Kitchen,Bedsheet Set,5.0,56.78,0.0,UPI,3.0,283.9,2025-05-01,46-55
ORD101584,2025-05-26,CUST2130,61.0,Male,South,Beauty,Hair Dryer,2.0,46.68,15.0,Credit Card,3.0,79.36,2025-05-01,56+
ORD101448,2025-05-26,CUST1309,18.0,Female,East,Home & Kitchen,Bedsheet Set,3.0,62.63,0.0,Net Banking,4.0,187.89,2025-05-01,18-25
ORD101377,2025-05-26,CUST1269,22.0,Male,North,Home & Kitchen,Air Fryer,1.0,68.4,0.0,Credit Card,4.0,68.4,2025-05-01,18-25
ORD100121,2025-05-26,CUST1401,23.0,Female,West,Home & Kitchen,Cookware Set,1.0,35.78,25.0,UPI,5.0,26.84,2025-05-01,18-25
ORD101355,2025-05-26,CUST2117,22.0,Male,West,Electronics,Bluetooth Speaker,1.0,177.58,5.0,UPI,3.0,168.7,2025-05-01,18-25
ORD101317,2025-05-26,CUST2172,44.0,Male,South,Sports,Dumbbell Set,3.0,33.43,20.0,Net Banking,4.0,80.23,2025-05-01,36-45
ORD100776,2025-05-26,CUST1572,34.0,Female,South,Home & Kitchen,Air Fryer,1.0,40.57,5.0,Debit Card,5.0,38.54,2025-05-01,26-35
ORD101856,2025-05-26,CUST1323,24.0,Female,North,Sports,Yoga Mat,2.0,46.23,25.0,Credit Card,3.0,69.34,2025-05-01,18-25
ORD102914,2025-05-26,CUST1379,25.0,Female,North,Electronics,Bluetooth Speaker,1.0,202.7,15.0,Net Banking,4.0,172.3,2025-05-01,18-25
ORD100388,2025-05-26,CUST2165,21.0,Female,West,Sports,Running Shoes,2.0,62.21,0.0,Net Banking,5.0,124.42,2025-05-01,18-25
ORD101734,2025-05-26,CUST1969,35.0,Female,North,Electronics,Tablet,1.0,177.76,10.0,Cash on Delivery,3.0,159.98,2025-05-01,26-35
ORD101316,2025-05-26,CUST2199,28.0,Female,West,Sports,Water Bottle,3.0,29.56,5.0,Credit Card,4.0,84.25,2025-05-01,26-35
ORD100590,2025-05-26,CUST1688,30.0,Female,South,Home & Kitchen,Air Fryer,3.0,29.18,20.0,UPI,5.0,70.03,2025-05-01,26-35
ORD101640,2025-05-27,CUST1644,34.0,Female,East,Sports,Running Shoes,5.0,61.71,0.0,Net Banking,4.0,308.55,2025-05-01,26-35
ORD100693,2025-05-27,CUST1428,31.0,Female,South,Clothing,Sneakers,3.0,43.66,5.0,Cash on Delivery,5.0,124.43,2025-05-01,26-35
ORD100262,2025-05-27,CUST1944,42.0,Male,West,Electronics,Bluetooth Speaker,1.0,368.88,20.0,UPI,5.0,295.1,2025-05-01,36-45
ORD101265,2025-05-27,CUST1437,37.0,Male,North,Electronics,Headphones,2.0,164.58,0.0,Credit Card,3.0,329.16,2025-05-01,36-45
ORD102238,2025-05-27,CUST1929,42.0,Male,West,Beauty,Lipstick Set,1.0,40.76,25.0,Cash on Delivery,2.0,30.57,2025-05-01,36-45
ORD100613,2025-05-27,CUST1213,40.0,Female,East,Home & Kitchen,Desk Lamp,4.0,38.72,10.0,Credit Card,4.0,139.39,2025-05-01,36-45
ORD102488,2025-05-27,CUST1481,36.0,Female,North,Clothing,Sneakers,1.0,43.88,5.0,UPI,5.0,41.69,2025-05-01,36-45
ORD100324,2025-05-27,CUST1028,38.0,Male,South,Home & Kitchen,Bedsheet Set,2.0,64.58,5.0,Credit Card,4.0,122.7,2025-05-01,36-45
ORD102869,2025-05-27,CUST1329,58.0,Male,South,Home & Kitchen,Bedsheet Set,3.0,52.72,25.0,Debit Card,4.0,118.62,2025-05-01,56+
ORD100498,2025-05-27,CUST1772,47.0,Female,East,Clothing,Sneakers,1.0,68.72,5.0,UPI,2.0,65.28,2025-05-01,46-55
ORD100589,2025-05-27,CUST1219,23.0,Male,East,Home & Kitchen,Air Fryer,2.0,91.17,20.0,Net Banking,5.0,145.87,2025-05-01,18-25
ORD101745,2025-05-28,CUST1835,43.0,Female,South,Home & Kitchen,Desk Lamp,2.0,56.49,15.0,Cash on Delivery,4.0,96.03,2025-05-01,36-45
ORD102621,2025-05-28,CUST1473,18.0,Female,South,Clothing,Jacket,2.0,54.43,5.0,Credit Card,4.0,103.42,2025-05-01,18-25
ORD101952,2025-05-28,CUST1918,36.0,Female,East,Clothing,Sneakers,3.0,37.41,25.0,Net Banking,3.0,84.17,2025-05-01,36-45
ORD102673,2025-05-28,CUST1682,51.0,Female,East,Sports,Yoga Mat,1.0,43.23,5.0,UPI,4.0,41.07,2025-05-01,46-55
ORD100092,2025-05-28,CUST2108,40.0,Male,South,Home & Kitchen,Air Fryer,1.0,95.6,15.0,Credit Card,4.0,81.26,2025-05-01,36-45
ORD101294,2025-05-29,CUST1719,39.0,Male,South,Home & Kitchen,Air Fryer,2.0,91.5,5.0,UPI,5.0,173.85,2025-05-01,36-45
ORD102810,2025-05-29,CUST1629,37.0,Male,South,Home & Kitchen,Desk Lamp,4.0,70.76,0.0,UPI,4.0,283.04,2025-05-01,36-45
ORD100281,2025-05-29,CUST1533,32.0,Male,South,Electronics,Headphones,3.0,86.87,10.0,UPI,3.0,234.55,2025-05-01,26-35
ORD102514,2025-05-29,CUST1417,39.0,Male,South,Electronics,Smartwatch,1.0,286.71,15.0,Credit Card,4.0,243.7,2025-05-01,36-45
ORD100516,2025-05-29,CUST1036,34.0,Male,West,Clothing,Jacket,1.0,25.17,0.0,Debit Card,5.0,25.17,2025-05-01,26-35
ORD102441,2025-05-29,CUST1449,45.0,Female,North,Beauty,Lipstick Set,1.0,40.49,5.0,Cash on Delivery,4.0,38.47,2025-05-01,36-45
ORD100801,2025-05-29,CUST1059,55.0,Female,Unknown,Clothing,Jeans,4.0,73.06,5.0,Cash on Delivery,5.0,277.63,2025-05-01,46-55
ORD102969,2025-05-30,CUST1236,33.0,Female,West,Electronics,Bluetooth Speaker,2.0,257.37,0.0,UPI,5.0,514.74,2025-05-01,26-35
ORD101068,2025-05-30,CUST1072,42.0,Female,North,Clothing,Sneakers,1.0,33.07,10.0,Net Banking,2.0,29.76,2025-05-01,36-45
ORD101334,2025-05-30,CUST1966,26.0,Male,West,Clothing,Sneakers,2.0,63.04,20.0,Debit Card,2.0,100.86,2025-05-01,26-35
ORD100698,2025-05-30,CUST1083,38.0,Male,South,Home & Kitchen,Air Fryer,4.0,39.35,20.0,Credit Card,4.0,125.92,2025-05-01,36-45
ORD101131,2025-05-30,CUST1468,37.0,Female,South,Home & Kitchen,Cookware Set,2.0,84.67,10.0,Cash on Delivery,4.0,152.41,2025-05-01,36-45
ORD101184,2025-05-30,CUST1234,23.0,Male,West,Clothing,Jeans,1.0,66.17,15.0,UPI,4.0,56.24,2025-05-01,18-25
ORD101230,2025-05-30,CUST1236,55.0,Female,North,Beauty,Perfume,5.0,33.61,10.0,Credit Card,2.0,151.24,2025-05-01,46-55
ORD102204,2025-05-30,CUST1091,40.0,Male,South,Sports,Running Shoes,1.0,63.99,5.0,Cash on Delivery,5.0,60.79,2025-05-01,36-45
ORD101851,2025-05-30,CUST1443,20.0,Female,South,Clothing,Jeans,2.0,88.68,0.0,Cash on Delivery,4.0,177.36,2025-05-01,18-25
ORD102903,2025-05-30,CUST1553,37.0,Male,East,Clothing,Jacket,2.0,60.83,0.0,UPI,3.0,121.66,2025-05-01,36-45
ORD102661,2025-05-30,CUST1663,36.0,Male,South,Sports,Running Shoes,1.0,26.27,20.0,Debit Card,5.0,21.02,2025-05-01,36-45
ORD100851,2025-05-30,CUST1624,45.0,Female,South,Beauty,Face Cream,2.0,32.28,5.0,UPI,3.0,61.33,2025-05-01,36-45
ORD100465,2025-05-30,CUST2031,42.0,Male,West,Clothing,Sneakers,1.0,52.56,0.0,Credit Card,5.0,52.56,2025-05-01,36-45
ORD100198,2025-05-31,CUST1536,25.0,Female,Unknown,Electronics,Tablet,1.0,147.21,15.0,Credit Card,5.0,125.13,2025-05-01,18-25
ORD100151,2025-05-31,CUST1405,29.0,Female,South,Clothing,Jacket,3.0,45.73,0.0,Debit Card,5.0,137.19,2025-05-01,26-35
ORD100756,2025-05-31,CUST1751,18.0,Male,East,Beauty,Face Cream,1.0,39.48,0.0,Credit Card,4.0,39.48,2025-05-01,18-25
ORD101996,2025-05-31,CUST1961,19.0,Male,North,Sports,Dumbbell Set,2.0,57.13,15.0,Cash on Delivery,4.0,97.12,2025-05-01,18-25
ORD100817,2025-05-31,CUST1850,29.0,Female,Unknown,Clothing,Jeans,1.0,60.99,10.0,Credit Card,5.0,54.89,2025-05-01,26-35
ORD102683,2025-05-31,CUST2114,23.0,Male,Unknown,Clothing,Jacket,2.0,49.05,20.0,UPI,4.0,78.48,2025-05-01,18-25
ORD100592,2025-05-31,CUST1679,47.0,Male,South,Electronics,Smartwatch,2.0,208.8,15.0,Debit Card,4.0,354.96,2025-05-01,46-55
ORD102945,2025-05-31,CUST1273,36.0,Female,West,Beauty,Face Cream,1.0,34.35,0.0,Cash on Delivery,4.0,34.35,2025-05-01,36-45
ORD100355,2025-05-31,CUST2012,39.0,Female,South,Beauty,Face Cream,3.0,33.64,0.0,Credit Card,4.0,100.92,2025-05-01,36-45
ORD100751,2025-05-31,CUST1428,36.0,Female,East,Electronics,Tablet,1.0,196.65,5.0,Debit Card,4.0,186.82,2025-05-01,36-45
ORD101995,2025-06-01,CUST1975,59.0,Female,South,Home & Kitchen,Desk Lamp,1.0,49.59,10.0,UPI,4.0,44.63,2025-06-01,56+
ORD102713,2025-06-01,CUST1876,31.0,Male,West,Beauty,Hair Dryer,2.0,34.7,15.0,Debit Card,4.0,58.99,2025-06-01,26-35
ORD101978,2025-06-01,CUST1615,45.0,Male,Unknown,Clothing,Sneakers,3.0,22.19,0.0,UPI,5.0,66.57,2025-06-01,36-45
ORD101538,2025-06-01,CUST1605,53.0,Male,Unknown,Beauty,Face Cream,1.0,57.4,15.0,Credit Card,4.0,48.79,2025-06-01,46-55
ORD101916,2025-06-01,CUST1918,34.0,Female,South,Clothing,Jeans,5.0,81.16,0.0,Credit Card,4.0,405.8,2025-06-01,26-35
ORD102351,2025-06-01,CUST1074,26.0,Male,North,Beauty,Hair Dryer,1.0,37.14,0.0,Credit Card,5.0,37.14,2025-06-01,26-35
ORD100893,2025-06-01,CUST1835,30.0,Male,North,Sports,Water Bottle,2.0,48.98,0.0,Credit Card,5.0,97.96,2025-06-01,26-35
ORD101368,2025-06-02,CUST1674,61.0,Female,South,Clothing,Sneakers,4.0,28.52,0.0,Debit Card,4.0,114.08,2025-06-01,56+
ORD102934,2025-06-02,CUST2021,41.0,Male,North,Clothing,Sneakers,4.0,40.52,10.0,Credit Card,4.0,145.87,2025-06-01,36-45
ORD102505,2025-06-02,CUST1872,33.0,Male,West,Sports,Dumbbell Set,2.0,22.6,0.0,Credit Card,4.0,45.2,2025-06-01,26-35
ORD100820,2025-06-02,CUST1564,40.0,Male,West,Beauty,Hair Dryer,2.0,22.15,0.0,Credit Card,4.0,44.3,2025-06-01,36-45
ORD100604,2025-06-02,CUST1899,37.0,Female,South,Home & Kitchen,Desk Lamp,5.0,57.55,10.0,Cash on Delivery,5.0,258.98,2025-06-01,36-45
ORD100611,2025-06-02,CUST1339,49.0,Female,North,Home & Kitchen,Bedsheet Set,1.0,34.32,20.0,Debit Card,4.0,27.46,2025-06-01,46-55
ORD102721,2025-06-02,CUST1391,52.0,Male,East,Home & Kitchen,Bedsheet Set,1.0,51.31,10.0,UPI,3.0,46.18,2025-06-01,46-55
ORD100588,2025-06-02,CUST2071,36.0,Male,East,Clothing,Jeans,1.0,29.06,15.0,Credit Card,4.0,24.7,2025-06-01,36-45
ORD100887,2025-06-02,CUST1561,33.0,Male,South,Home & Kitchen,Air Fryer,2.0,77.23,10.0,Net Banking,3.0,139.01,2025-06-01,26-35
ORD102153,2025-06-02,CUST1835,53.0,Male,North,Clothing,Jeans,4.0,53.04,5.0,Debit Card,3.0,201.55,2025-06-01,46-55
ORD101847,2025-06-03,CUST1846,35.0,Female,East,Sports,Running Shoes,3.0,36.96,0.0,Credit Card,3.0,110.88,2025-06-01,26-35
ORD102773,2025-06-03,CUST1518,40.0,Female,West,Electronics,Bluetooth Speaker,4.0,162.24,0.0,UPI,2.0,648.96,2025-06-01,36-45
ORD101065,2025-06-03,CUST1094,29.0,Male,West,Clothing,Jacket,1.0,80.03,0.0,Net Banking,5.0,80.03,2025-06-01,26-35
ORD102572,2025-06-03,CUST1364,30.0,Male,West,Electronics,Bluetooth Speaker,1.0,205.47,15.0,Credit Card,4.0,174.65,2025-06-01,26-35
ORD102573,2025-06-03,CUST2000,55.0,Male,North,Home & Kitchen,Desk Lamp,1.0,62.42,0.0,Credit Card,5.0,62.42,2025-06-01,46-55
ORD102523,2025-06-03,CUST1903,18.0,Female,East,Home & Kitchen,Cookware Set,4.0,34.27,20.0,Debit Card,3.0,109.66,2025-06-01,18-25
ORD101946,2025-06-03,CUST1187,33.0,Female,East,Sports,Running Shoes,3.0,41.4,0.0,UPI,4.0,124.2,2025-06-01,26-35
ORD100882,2025-06-04,CUST1847,27.0,Female,West,Electronics,Tablet,4.0,35.85,0.0,Credit Card,4.0,143.4,2025-06-01,26-35
ORD102731,2025-06-04,CUST1431,37.0,Male,South,Sports,Water Bottle,1.0,9.19,5.0,Net Banking,5.0,8.73,2025-06-01,36-45
ORD101820,2025-06-04,CUST1064,35.0,Male,Unknown,Electronics,Headphones,3.0,241.16,0.0,UPI,4.0,723.48,2025-06-01,26-35
ORD102144,2025-06-04,CUST1738,40.0,Male,Unknown,Clothing,Jeans,1.0,38.9,15.0,Debit Card,5.0,33.06,2025-06-01,36-45
ORD100031,2025-06-04,CUST1564,27.0,Male,South,Clothing,T-Shirt,2.0,30.92,5.0,UPI,5.0,58.75,2025-06-01,26-35
ORD101152,2025-06-04,CUST2161,42.0,Male,West,Sports,Water Bottle,2.0,40.57,0.0,Net Banking,4.0,81.14,2025-06-01,36-45
ORD101502,2025-06-04,CUST1432,36.0,Female,South,Sports,Water Bottle,1.0,30.77,0.0,Credit Card,4.0,30.77,2025-06-01,36-45
ORD102798,2025-06-05,CUST1740,32.0,Male,West,Beauty,Face Cream,2.0,40.59,5.0,Debit Card,3.0,77.12,2025-06-01,26-35
ORD101869,2025-06-05,CUST1854,29.0,Female,West,Home & Kitchen,Bedsheet Set,1.0,27.42,25.0,UPI,3.0,20.56,2025-06-01,26-35
ORD101825,2025-06-05,CUST1018,36.0,Male,North,Home & Kitchen,Air Fryer,1.0,78.85,0.0,Credit Card,4.0,78.85,2025-06-01,36-45
ORD102629,2025-06-05,CUST2076,34.0,Male,East,Clothing,T-Shirt,1.0,80.95,0.0,Credit Card,5.0,80.95,2025-06-01,26-35
ORD102249,2025-06-05,CUST1921,27.0,Male,West,Clothing,Jeans,1.0,33.6,20.0,Credit Card,4.0,26.88,2025-06-01,26-35
ORD102924,2025-06-05,CUST1674,41.0,Female,South,Clothing,Jacket,1.0,46.71,20.0,Credit Card,4.0,37.37,2025-06-01,36-45
ORD100401,2025-06-05,CUST1942,38.0,Male,East,Electronics,Tablet,1.0,337.3,0.0,Credit Card,4.0,337.3,2025-06-01,36-45
ORD102553,2025-06-05,CUST1927,51.0,Male,North,Clothing,Jacket,2.0,23.45,10.0,Debit Card,3.0,42.21,2025-06-01,46-55
ORD101362,2025-06-06,CUST1873,42.0,Male,West,Clothing,T-Shirt,3.0,85.11,10.0,UPI,4.0,229.8,2025-06-01,36-45
ORD102541,2025-06-06,CUST1115,56.0,Female,South,Sports,Yoga Mat,3.0,36.5,0.0,Credit Card,4.0,109.5,2025-06-01,56+
ORD101455,2025-06-06,CUST1100,52.0,Male,East,Sports,Yoga Mat,4.0,43.68,0.0,Credit Card,5.0,174.72,2025-06-01,46-55
ORD100617,2025-06-06,CUST1738,46.0,Female,West,Clothing,Jeans,1.0,6.41,5.0,Credit Card,4.0,6.09,2025-06-01,46-55
ORD101140,2025-06-06,CUST2019,45.0,Female,West,Electronics,Tablet,1.0,230.72,10.0,Debit Card,3.0,207.65,2025-06-01,36-45
ORD101652,2025-06-06,CUST1321,51.0,Male,South,Sports,Water Bottle,2.0,49.02,15.0,Debit Card,4.0,83.33,2025-06-01,46-55
ORD102648,2025-06-06,CUST1910,18.0,Female,West,Clothing,Jacket,5.0,62.64,0.0,Credit Card,5.0,313.2,2025-06-01,18-25
ORD101433,2025-06-06,CUST1697,45.0,Female,East,Sports,Water Bottle,1.0,36.37,0.0,UPI,3.0,36.37,2025-06-01,36-45
ORD100187,2025-06-06,CUST1454,29.0,Male,West,Clothing,Jeans,1.0,87.75,10.0,Debit Card,3.0,78.98,2025-06-01,26-35
ORD102021,2025-06-07,CUST1469,22.0,Female,West,Beauty,Perfume,3.0,29.56,20.0,Credit Card,4.0,70.94,2025-06-01,18-25
ORD100322,2025-06-07,CUST1574,37.0,Male,East,Home & Kitchen,Bedsheet Set,1.0,43.31,0.0,Credit Card,4.0,43.31,2025-06-01,36-45
ORD102836,2025-06-07,CUST2054,41.0,Female,North,Clothing,Jacket,3.0,19.19,5.0,UPI,4.0,54.69,2025-06-01,36-45
ORD102905,2025-06-07,CUST1690,32.0,Female,South,Beauty,Hair Dryer,1.0,32.84,0.0,UPI,4.0,32.84,2025-06-01,26-35
ORD102631,2025-06-07,CUST1548,42.0,Male,South,Sports,Dumbbell Set,2.0,41.93,10.0,UPI,4.0,75.47,2025-06-01,36-45
ORD100652,2025-06-07,CUST1852,29.0,Female,North,Clothing,Jeans,2.0,107.31,0.0,UPI,4.0,214.62,2025-06-01,26-35
ORD102714,2025-06-07,CUST1446,33.0,Male,South,Beauty,Perfume,2.0,22.2,0.0,Debit Card,3.0,44.4,2025-06-01,26-35
ORD102795,2025-06-07,CUST1099,38.0,Female,East,Clothing,Jacket,2.0,77.23,0.0,UPI,4.0,154.46,2025-06-01,36-45
ORD102088,2025-06-07,CUST1024,30.0,Male,North,Beauty,Lipstick Set,1.0,35.08,20.0,Cash on Delivery,4.0,28.06,2025-06-01,26-35
ORD102554,2025-06-08,CUST1209,34.0,Female,South,Clothing,T-Shirt,1.0,86.15,5.0,Debit Card,5.0,81.84,2025-06-01,26-35
ORD101479,2025-06-08,CUST2063,31.0,Male,Unknown,Clothing,Jacket,4.0,54.54,0.0,Debit Card,5.0,218.16,2025-06-01,26-35
ORD102568,2025-06-08,CUST1499,34.0,Female,Unknown,Home & Kitchen,Cookware Set,1.0,83.19,0.0,Debit Card,4.0,83.19,2025-06-01,26-35
ORD101022,2025-06-08,CUST2164,25.0,Female,North,Beauty,Face Cream,4.0,25.1,0.0,Credit Card,4.0,100.4,2025-06-01,18-25
ORD101913,2025-06-08,CUST1529,34.0,Female,Unknown,Sports,Dumbbell Set,1.0,45.83,10.0,Credit Card,4.0,41.25,2025-06-01,26-35
ORD102762,2025-06-08,CUST1590,36.0,Male,North,Clothing,Jeans,2.0,11.07,10.0,Debit Card,4.0,19.93,2025-06-01,36-45
ORD100681,2025-06-08,CUST1105,30.0,Male,North,Beauty,Hair Dryer,1.0,30.56,15.0,Net Banking,5.0,25.98,2025-06-01,26-35
ORD102197,2025-06-08,CUST1310,32.0,Male,West,Electronics,Tablet,2.0,86.86,5.0,Debit Card,3.0,165.03,2025-06-01,26-35
ORD100515,2025-06-08,CUST1273,58.0,Male,North,Sports,Running Shoes,2.0,33.61,0.0,Credit Card,4.0,67.22,2025-06-01,56+
ORD101579,2025-06-08,CUST1432,18.0,Male,North,Clothing,Jeans,2.0,41.71,10.0,Debit Card,5.0,75.08,2025-06-01,18-25
ORD101243,2025-06-09,CUST1694,35.0,Female,East,Sports,Water Bottle,5.0,33.97,0.0,Credit Card,4.0,169.85,2025-06-01,26-35
ORD100350,2025-06-09,CUST1573,34.0,Female,East,Electronics,Tablet,3.0,105.22,5.0,Credit Card,3.0,299.88,2025-06-01,26-35
ORD102755,2025-06-09,CUST1131,51.0,Female,West,Sports,Running Shoes,1.0,63.47,5.0,Credit Card,4.0,60.3,2025-06-01,46-55
ORD102601,2025-06-09,CUST1449,26.0,Male,East,Beauty,Face Cream,5.0,37.59,20.0,Credit Card,5.0,150.36,2025-06-01,26-35
ORD101799,2025-06-09,CUST1402,38.0,Female,East,Clothing,Sneakers,3.0,50.73,10.0,Debit Card,4.0,136.97,2025-06-01,36-45
ORD101013,2025-06-09,CUST1158,39.0,Female,Unknown,Electronics,Bluetooth Speaker,3.0,281.94,0.0,Cash on Delivery,5.0,845.82,2025-06-01,36-45
ORD101069,2025-06-09,CUST1592,37.0,Male,South,Home & Kitchen,Cookware Set,3.0,78.82,0.0,Cash on Delivery,5.0,236.46,2025-06-01,36-45
ORD102231,2025-06-09,CUST1569,42.0,Female,West,Beauty,Face Cream,3.0,25.82,0.0,UPI,4.0,77.46,2025-06-01,36-45
ORD102304,2025-06-10,CUST1717,18.0,Male,West,Sports,Water Bottle,3.0,8.49,5.0,Cash on Delivery,4.0,24.2,2025-06-01,18-25
ORD101993,2025-06-10,CUST1938,48.0,Female,South,Electronics,Headphones,5.0,221.49,0.0,Credit Card,4.0,1107.45,2025-06-01,46-55
ORD102161,2025-06-10,CUST1934,36.0,Female,North,Electronics,Smartwatch,1.0,228.52,5.0,Cash on Delivery,4.0,217.09,2025-06-01,36-45
ORD101179,2025-06-11,CUST1802,40.0,Male,South,Clothing,Sneakers,3.0,50.5,10.0,Credit Card,5.0,136.35,2025-06-01,36-45
ORD102753,2025-06-11,CUST2085,45.0,Male,West,Electronics,Tablet,1.0,162.4,5.0,Debit Card,5.0,154.28,2025-06-01,36-45
ORD100833,2025-06-11,CUST1198,50.0,Male,East,Clothing,Jeans,3.0,53.01,0.0,Credit Card,3.0,159.03,2025-06-01,46-55
ORD100884,2025-06-11,CUST1943,42.0,Female,East,Home & Kitchen,Air Fryer,3.0,80.78,10.0,UPI,4.0,218.11,2025-06-01,36-45
ORD101561,2025-06-11,CUST2127,19.0,Female,South,Clothing,Jacket,1.0,68.77,0.0,UPI,4.0,68.77,2025-06-01,18-25
ORD101210,2025-06-11,CUST1157,38.0,Male,North,Home & Kitchen,Cookware Set,5.0,40.77,0.0,Cash on Delivery,4.0,203.85,2025-06-01,36-45
ORD102414,2025-06-11,CUST1742,37.0,Male,South,Sports,Dumbbell Set,1.0,35.61,5.0,Credit Card,4.0,33.83,2025-06-01,36-45
ORD100100,2025-06-11,CUST1852,28.0,Female,West,Clothing,T-Shirt,1.0,66.74,5.0,UPI,3.0,63.4,2025-06-01,26-35
ORD101875,2025-06-11,CUST1639,27.0,Female,South,Home & Kitchen,Desk Lamp,2.0,55.79,0.0,Cash on Delivery,4.0,111.58,2025-06-01,26-35
ORD101512,2025-06-12,CUST1247,21.0,Female,East,Beauty,Perfume,2.0,8.33,20.0,UPI,3.0,13.33,2025-06-01,18-25
ORD100282,2025-06-12,CUST1110,36.0,Male,South,Clothing,Jeans,1.0,102.88,0.0,Credit Card,4.0,102.88,2025-06-01,36-45
ORD102037,2025-06-12,CUST1866,64.0,Female,West,Home & Kitchen,Desk Lamp,2.0,45.75,5.0,Credit Card,4.0,86.92,2025-06-01,56+
ORD102006,2025-06-12,CUST1638,18.0,Male,West,Beauty,Hair Dryer,2.0,5.37,5.0,Debit Card,5.0,10.2,2025-06-01,18-25
ORD100866,2025-06-12,CUST1621,56.0,Male,East,Home & Kitchen,Cookware Set,4.0,97.56,0.0,Debit Card,3.0,390.24,2025-06-01,56+
ORD100466,2025-06-12,CUST1965,37.0,Male,West,Beauty,Hair Dryer,3.0,26.73,25.0,Net Banking,4.0,60.14,2025-06-01,36-45
ORD102446,2025-06-13,CUST1655,36.0,Male,South,Sports,Dumbbell Set,1.0,30.03,0.0,UPI,5.0,30.03,2025-06-01,36-45
ORD101735,2025-06-13,CUST1594,36.0,Male,East,Electronics,Tablet,2.0,133.77,0.0,Credit Card,4.0,267.54,2025-06-01,36-45
ORD101647,2025-06-13,CUST1041,25.0,Male,South,Electronics,Tablet,2.0,201.74,25.0,Credit Card,3.0,302.61,2025-06-01,18-25
ORD102754,2025-06-13,CUST1757,35.0,Female,South,Clothing,T-Shirt,1.0,93.18,10.0,Cash on Delivery,4.0,83.86,2025-06-01,26-35
ORD100680,2025-06-13,CUST1133,44.0,Female,North,Clothing,Jacket,1.0,54.26,5.0,Cash on Delivery,5.0,51.55,2025-06-01,36-45
ORD102087,2025-06-13,CUST1921,26.0,Female,South,Home & Kitchen,Air Fryer,1.0,69.89,25.0,Credit Card,4.0,52.42,2025-06-01,26-35
ORD101707,2025-06-13,CUST1481,34.0,Female,West,Clothing,Sneakers,1.0,37.19,0.0,Net Banking,5.0,37.19,2025-06-01,26-35
ORD100000,2025-06-13,CUST2117,36.0,Female,West,Clothing,Jacket,1.0,21.98,0.0,Debit Card,5.0,21.98,2025-06-01,36-45
ORD100319,2025-06-13,CUST1690,29.0,Female,South,Home & Kitchen,Air Fryer,2.0,62.96,15.0,UPI,4.0,107.03,2025-06-01,26-35
ORD101713,2025-06-14,CUST1627,35.0,Male,West,Clothing,Jeans,2.0,79.75,0.0,UPI,3.0,159.5,2025-06-01,26-35
ORD100863,2025-06-14,CUST1959,37.0,Female,Unknown,Clothing,T-Shirt,3.0,53.68,5.0,Net Banking,4.0,152.99,2025-06-01,36-45
ORD102656,2025-06-14,CUST2150,18.0,Female,Unknown,Clothing,T-Shirt,2.0,21.89,20.0,UPI,4.0,35.02,2025-06-01,18-25
ORD101370,2025-06-14,CUST1015,37.0,Female,North,Beauty,Hair Dryer,1.0,42.86,0.0,Debit Card,4.0,42.86,2025-06-01,36-45
ORD101190,2025-06-14,CUST1522,29.0,Male,West,Clothing,Sneakers,1.0,36.35,15.0,Credit Card,5.0,30.9,2025-06-01,26-35
ORD101613,2025-06-14,CUST1349,18.0,Male,East,Sports,Dumbbell Set,3.0,65.45,5.0,Debit Card,4.0,186.53,2025-06-01,18-25
ORD102409,2025-06-14,CUST2078,36.0,Female,South,Home & Kitchen,Cookware Set,1.0,84.26,0.0,Debit Card,4.0,84.26,2025-06-01,36-45
ORD102824,2025-06-14,CUST1398,22.0,Male,West,Beauty,Lipstick Set,2.0,38.87,25.0,Credit Card,5.0,58.3,2025-06-01,18-25
ORD102975,2025-06-14,CUST1594,26.0,Female,South,Home & Kitchen,Cookware Set,1.0,55.48,15.0,Debit Card,5.0,47.16,2025-06-01,26-35
ORD100223,2025-06-14,CUST1482,39.0,Female,South,Clothing,Jeans,1.0,72.71,5.0,Debit Card,4.0,69.07,2025-06-01,36-45
ORD100609,2025-06-14,CUST1405,37.0,Female,West,Beauty,Lipstick Set,1.0,20.32,10.0,Cash on Delivery,4.0,18.29,2025-06-01,36-45
ORD101136,2025-06-14,CUST1453,29.0,Female,South,Home & Kitchen,Bedsheet Set,3.0,55.52,0.0,Cash on Delivery,4.0,166.56,2025-06-01,26-35
ORD100357,2025-06-14,CUST1184,55.0,Male,South,Home & Kitchen,Bedsheet Set,1.0,60.75,5.0,Cash on Delivery,5.0,57.71,2025-06-01,46-55
ORD101780,2025-06-14,CUST1050,48.0,Female,North,Clothing,Jeans,2.0,57.26,5.0,Cash on Delivery,3.0,108.79,2025-06-01,46-55
ORD101980,2025-06-14,CUST1645,40.0,Male,West,Home & Kitchen,Bedsheet Set,4.0,22.38,0.0,Cash on Delivery,4.0,89.52,2025-06-01,36-45
ORD100022,2025-06-15,CUST1057,32.0,Male,South,Sports,Running Shoes,2.0,23.5,0.0,Debit Card,4.0,47.0,2025-06-01,26-35
ORD100670,2025-06-15,CUST1828,32.0,Male,South,Sports,Dumbbell Set,2.0,30.94,25.0,Credit Card,3.0,46.41,2025-06-01,26-35
ORD101492,2025-06-15,CUST1378,18.0,Male,South,Sports,Running Shoes,1.0,44.07,0.0,Cash on Delivery,5.0,44.07,2025-06-01,18-25
ORD100306,2025-06-15,CUST1584,33.0,Male,West,Clothing,Sneakers,5.0,63.77,0.0,Debit Card,4.0,318.85,2025-06-01,26-35
ORD100339,2025-06-15,CUST1787,35.0,Male,Unknown,Clothing,Jacket,5.0,107.31,15.0,UPI,4.0,456.07,2025-06-01,26-35
ORD101808,2025-06-15,CUST1439,24.0,Female,East,Beauty,Face Cream,4.0,33.83,5.0,Credit Card,4.0,128.55,2025-06-01,18-25
ORD100565,2025-06-15,CUST1610,23.0,Female,East,Electronics,Smartwatch,4.0,184.42,0.0,UPI,3.0,737.68,2025-06-01,18-25
ORD101926,2025-06-15,CUST2175,39.0,Female,East,Clothing,T-Shirt,5.0,42.05,0.0,Credit Card,5.0,210.25,2025-06-01,36-45
ORD101900,2025-06-15,CUST1589,51.0,Male,West,Home & Kitchen,Bedsheet Set,1.0,72.88,0.0,Credit Card,4.0,72.88,2025-06-01,46-55
ORD100081,2025-06-16,CUST1484,39.0,Female,North,Sports,Dumbbell Set,1.0,46.75,0.0,Credit Card,5.0,46.75,2025-06-01,36-45
ORD100326,2025-06-16,CUST1485,47.0,Male,East,Electronics,Smartwatch,1.0,239.97,0.0,Cash on Delivery,3.0,239.97,2025-06-01,46-55
ORD101668,2025-06-16,CUST1907,37.0,Female,South,Electronics,Bluetooth Speaker,1.0,111.14,5.0,Credit Card,3.0,105.58,2025-06-01,36-45
ORD102911,2025-06-16,CUST2127,18.0,Female,South,Clothing,T-Shirt,4.0,68.71,5.0,UPI,5.0,261.1,2025-06-01,18-25
ORD102228,2025-06-16,CUST1341,26.0,Male,North,Clothing,Jeans,4.0,92.0,0.0,Debit Card,4.0,368.0,2025-06-01,26-35
ORD100012,2025-06-16,CUST1330,41.0,Female,West,Beauty,Lipstick Set,1.0,34.24,0.0,Debit Card,4.0,34.24,2025-06-01,36-45
ORD100302,2025-06-16,CUST1205,32.0,Female,South,Beauty,Lipstick Set,1.0,27.04,10.0,Credit Card,5.0,24.34,2025-06-01,26-35
ORD102955,2025-06-16,CUST1369,45.0,Male,Unknown,Electronics,Tablet,4.0,187.72,15.0,Credit Card,4.0,638.25,2025-06-01,36-45
ORD102660,2025-06-17,CUST1850,49.0,Female,West,Beauty,Perfume,1.0,41.22,25.0,Net Banking,4.0,30.92,2025-06-01,46-55
ORD100368,2025-06-17,CUST1114,46.0,Female,North,Home & Kitchen,Cookware Set,1.0,71.51,0.0,Debit Card,4.0,71.51,2025-06-01,46-55
ORD100875,2025-06-17,CUST1966,54.0,Female,West,Beauty,Face Cream,3.0,43.8,0.0,Credit Card,4.0,131.4,2025-06-01,46-55
ORD102579,2025-06-17,CUST1072,28.0,Male,Unknown,Beauty,Face Cream,2.0,56.15,10.0,UPI,4.0,101.07,2025-06-01,26-35
ORD101753,2025-06-17,CUST1805,38.0,Male,East,Home & Kitchen,Cookware Set,1.0,100.05,0.0,Credit Card,4.0,100.05,2025-06-01,36-45
ORD101197,2025-06-18,CUST1578,43.0,Female,West,Clothing,Sneakers,2.0,95.03,0.0,Credit Card,4.0,190.06,2025-06-01,36-45
ORD100233,2025-06-18,CUST1542,41.0,Male,West,Clothing,Sneakers,4.0,59.27,15.0,Cash on Delivery,4.0,201.52,2025-06-01,36-45
ORD100505,2025-06-18,CUST1728,34.0,Male,South,Sports,Yoga Mat,4.0,43.43,0.0,UPI,5.0,173.72,2025-06-01,26-35
ORD102707,2025-06-18,CUST1520,34.0,Female,East,Home & Kitchen,Cookware Set,1.0,56.88,0.0,Cash on Delivery,4.0,56.88,2025-06-01,26-35
ORD101030,2025-06-18,CUST1250,27.0,Male,West,Home & Kitchen,Desk Lamp,3.0,53.88,0.0,Net Banking,4.0,161.64,2025-06-01,26-35
ORD101046,2025-06-18,CUST1939,31.0,Male,South,Home & Kitchen,Cookware Set,1.0,63.45,10.0,Net Banking,3.0,57.1,2025-06-01,26-35
ORD101754,2025-06-18,CUST1870,46.0,Male,South,Beauty,Hair Dryer,3.0,16.24,10.0,Credit Card,4.0,43.85,2025-06-01,46-55
ORD100360,2025-06-18,CUST2117,52.0,Female,West,Electronics,Smartwatch,3.0,74.8,0.0,Debit Card,4.0,224.4,2025-06-01,46-55
ORD100078,2025-06-18,CUST1298,31.0,Male,West,Sports,Yoga Mat,4.0,56.73,0.0,UPI,3.0,226.92,2025-06-01,26-35
ORD100975,2025-06-18,CUST1138,44.0,Male,South,Electronics,Headphones,1.0,115.44,15.0,Cash on Delivery,4.0,98.12,2025-06-01,36-45
ORD101385,2025-06-18,CUST2188,48.0,Female,South,Electronics,Smartwatch,2.0,149.37,5.0,UPI,4.0,283.8,2025-06-01,46-55
ORD101168,2025-06-18,CUST1350,30.0,Male,West,Home & Kitchen,Bedsheet Set,5.0,65.63,10.0,Credit Card,4.0,295.33,2025-06-01,26-35
ORD100640,2025-06-19,CUST1718,47.0,Male,South,Clothing,Sneakers,1.0,38.62,0.0,Credit Card,5.0,38.62,2025-06-01,46-55
ORD102520,2025-06-19,CUST1032,41.0,Male,West,Clothing,Jeans,1.0,21.7,15.0,Debit Card,4.0,18.44,2025-06-01,36-45
ORD102792,2025-06-19,CUST1849,44.0,Female,South,Clothing,Jeans,1.0,50.02,10.0,Cash on Delivery,3.0,45.02,2025-06-01,36-45
ORD100098,2025-06-19,CUST1478,40.0,Male,South,Beauty,Perfume,1.0,23.31,0.0,Debit Card,4.0,23.31,2025-06-01,36-45
ORD100064,2025-06-19,CUST1772,29.0,Male,East,Home & Kitchen,Desk Lamp,1.0,59.7,10.0,UPI,3.0,53.73,2025-06-01,26-35
ORD101689,2025-06-19,CUST2118,37.0,Male,West,Beauty,Face Cream,1.0,37.82,10.0,UPI,4.0,34.04,2025-06-01,36-45
ORD102022,2025-06-19,CUST1589,27.0,Male,West,Beauty,Face Cream,1.0,25.67,10.0,Credit Card,4.0,23.1,2025-06-01,26-35
ORD101553,2025-06-19,CUST1904,18.0,Female,Unknown,Clothing,Sneakers,3.0,90.96,10.0,Cash on Delivery,3.0,245.59,2025-06-01,18-25
ORD101293,2025-06-20,CUST2049,52.0,Female,South,Sports,Water Bottle,1.0,37.76,10.0,Debit Card,4.0,33.98,2025-06-01,46-55
ORD102797,2025-06-20,CUST1287,18.0,Female,South,Clothing,Jacket,2.0,53.05,5.0,UPI,4.0,100.79,2025-06-01,18-25
ORD100382,2025-06-20,CUST1410,42.0,Male,West,Clothing,T-Shirt,1.0,62.08,15.0,UPI,3.0,52.77,2025-06-01,36-45
ORD102060,2025-06-21,CUST1064,49.0,Female,North,Clothing,Jeans,4.0,77.27,5.0,Net Banking,4.0,293.63,2025-06-01,46-55
ORD102741,2025-06-21,CUST1380,40.0,Male,North,Electronics,Bluetooth Speaker,1.0,300.69,20.0,Cash on Delivery,4.0,240.55,2025-06-01,36-45
ORD102221,2025-06-21,CUST1327,33.0,Female,West,Home & Kitchen,Bedsheet Set,2.0,44.16,15.0,UPI,4.0,75.07,2025-06-01,26-35
ORD100146,2025-06-21,CUST1654,49.0,Female,West,Beauty,Face Cream,1.0,51.83,20.0,Credit Card,4.0,41.46,2025-06-01,46-55
ORD102406,2025-06-21,CUST1451,32.0,Female,West,Sports,Dumbbell Set,3.0,69.47,0.0,Credit Card,4.0,208.41,2025-06-01,26-35
ORD101238,2025-06-21,CUST1194,48.0,Male,South,Clothing,Jacket,1.0,54.54,5.0,Debit Card,4.0,51.81,2025-06-01,46-55
ORD100835,2025-06-21,CUST1456,40.0,Male,South,Sports,Yoga Mat,2.0,82.1,10.0,UPI,4.0,147.78,2025-06-01,36-45
ORD100445,2025-06-21,CUST2088,40.0,Female,South,Home & Kitchen,Air Fryer,1.0,78.91,20.0,Credit Card,3.0,63.13,2025-06-01,36-45
ORD100702,2025-06-21,CUST1788,55.0,Male,Unknown,Home & Kitchen,Desk Lamp,1.0,68.06,5.0,UPI,4.0,64.66,2025-06-01,46-55
ORD102932,2025-06-21,CUST1577,33.0,Male,North,Home & Kitchen,Desk Lamp,1.0,109.04,15.0,Credit Card,5.0,92.68,2025-06-01,26-35
ORD101871,2025-06-21,CUST1473,35.0,Female,South,Clothing,T-Shirt,1.0,89.01,0.0,Credit Card,4.0,89.01,2025-06-01,26-35
ORD101011,2025-06-22,CUST1895,23.0,Male,South,Electronics,Bluetooth Speaker,1.0,79.86,5.0,UPI,5.0,75.87,2025-06-01,18-25
ORD102816,2025-06-22,CUST1974,32.0,Female,West,Clothing,Sneakers,4.0,38.95,5.0,Credit Card,4.0,148.01,2025-06-01,26-35
ORD100507,2025-06-22,CUST1746,43.0,Male,South,Home & Kitchen,Cookware Set,3.0,34.12,5.0,Credit Card,5.0,97.24,2025-06-01,36-45
ORD100315,2025-06-22,CUST1064,32.0,Female,East,Home & Kitchen,Cookware Set,2.0,46.91,5.0,UPI,3.0,89.13,2025-06-01,26-35
ORD101109,2025-06-22,CUST1560,36.0,Male,East,Beauty,Face Cream,3.0,48.05,0.0,Debit Card,5.0,144.15,2025-06-01,36-45
ORD100630,2025-06-22,CUST1966,18.0,Male,Unknown,Clothing,Jeans,1.0,17.0,5.0,Credit Card,4.0,16.15,2025-06-01,18-25
ORD101903,2025-06-22,CUST1919,34.0,Female,South,Home & Kitchen,Cookware Set,1.0,26.78,10.0,UPI,5.0,24.1,2025-06-01,26-35
ORD102394,2025-06-22,CUST1932,36.0,Female,East,Clothing,Sneakers,2.0,15.9,0.0,Credit Card,5.0,31.8,2025-06-01,36-45
ORD102089,2025-06-22,CUST1248,36.0,Male,West,Home & Kitchen,Bedsheet Set,1.0,87.02,0.0,Net Banking,5.0,87.02,2025-06-01,36-45
ORD102315,2025-06-22,CUST1929,23.0,Male,West,Clothing,Sneakers,3.0,11.11,0.0,UPI,4.0,33.33,2025-06-01,18-25
ORD100479,2025-06-22,CUST1618,45.0,Male,West,Home & Kitchen,Cookware Set,4.0,60.42,10.0,Debit Card,4.0,217.51,2025-06-01,36-45
ORD100800,2025-06-22,CUST1238,36.0,Male,North,Electronics,Bluetooth Speaker,1.0,169.55,0.0,Debit Card,4.0,169.55,2025-06-01,36-45
ORD101044,2025-06-23,CUST2030,42.0,Male,West,Clothing,T-Shirt,1.0,36.88,10.0,Cash on Delivery,3.0,33.19,2025-06-01,36-45
ORD100691,2025-06-23,CUST1554,34.0,Male,South,Sports,Yoga Mat,1.0,29.73,5.0,Debit Card,3.0,28.24,2025-06-01,26-35
ORD100453,2025-06-23,CUST1723,21.0,Male,South,Electronics,Tablet,1.0,105.38,10.0,UPI,3.0,94.84,2025-06-01,18-25
ORD102895,2025-06-23,CUST1678,53.0,Male,South,Home & Kitchen,Bedsheet Set,2.0,96.77,5.0,Credit Card,4.0,183.86,2025-06-01,46-55
ORD101633,2025-06-23,CUST1854,53.0,Female,West,Home & Kitchen,Cookware Set,3.0,60.88,20.0,UPI,4.0,146.11,2025-06-01,46-55
ORD102052,2025-06-23,CUST1792,41.0,Female,North,Home & Kitchen,Desk Lamp,4.0,76.48,15.0,Credit Card,5.0,260.03,2025-06-01,36-45
ORD101905,2025-06-23,CUST1543,43.0,Male,West,Clothing,Jacket,1.0,5.0,5.0,Credit Card,4.0,4.75,2025-06-01,36-45
ORD101755,2025-06-24,CUST1368,35.0,Male,South,Sports,Running Shoes,5.0,72.93,0.0,Credit Card,4.0,364.65,2025-06-01,26-35
ORD100102,2025-06-24,CUST1293,44.0,Female,South,Electronics,Tablet,1.0,110.86,15.0,Credit Card,4.0,94.23,2025-06-01,36-45
ORD101227,2025-06-24,CUST1884,46.0,Male,North,Beauty,Face Cream,1.0,51.91,10.0,Cash on Delivery,4.0,46.72,2025-06-01,46-55
ORD102222,2025-06-24,CUST1778,54.0,Male,North,Clothing,Jeans,1.0,60.83,10.0,Debit Card,5.0,54.75,2025-06-01,46-55
ORD100998,2025-06-24,CUST1715,35.0,Female,Unknown,Clothing,Jeans,3.0,28.47,5.0,Cash on Delivery,3.0,81.14,2025-06-01,26-35
ORD101891,2025-06-24,CUST1379,65.0,Male,East,Electronics,Smartwatch,2.0,300.92,0.0,Credit Card,4.0,601.84,2025-06-01,56+
ORD101166,2025-06-24,CUST1194,20.0,Female,East,Sports,Dumbbell Set,3.0,63.42,5.0,UPI,4.0,180.75,2025-06-01,18-25
ORD102003,2025-06-24,CUST1278,18.0,Male,West,Clothing,Sneakers,1.0,19.39,10.0,UPI,3.0,17.45,2025-06-01,18-25
ORD102865,2025-06-24,CUST1294,49.0,Male,West,Home & Kitchen,Desk Lamp,1.0,38.34,0.0,UPI,4.0,38.34,2025-06-01,46-55
ORD102043,2025-06-24,CUST1712,36.0,Female,East,Clothing,Jacket,2.0,26.55,10.0,Net Banking,5.0,47.79,2025-06-01,36-45
ORD102999,2025-06-24,CUST1697,50.0,Female,West,Clothing,Sneakers,1.0,49.12,0.0,UPI,5.0,49.12,2025-06-01,46-55
ORD101275,2025-06-24,CUST1377,38.0,Male,West,Beauty,Perfume,1.0,32.33,0.0,UPI,3.0,32.33,2025-06-01,36-45
ORD101289,2025-06-24,CUST1689,36.0,Female,North,Electronics,Tablet,3.0,194.4,20.0,Debit Card,5.0,466.56,2025-06-01,36-45
ORD100577,2025-06-25,CUST1871,37.0,Male,South,Sports,Dumbbell Set,2.0,89.49,5.0,Credit Card,5.0,170.03,2025-06-01,36-45
ORD100842,2025-06-25,CUST1871,28.0,Male,West,Beauty,Hair Dryer,4.0,13.56,15.0,Credit Card,4.0,46.1,2025-06-01,26-35
ORD100091,2025-06-25,CUST2165,42.0,Male,South,Beauty,Lipstick Set,5.0,27.83,5.0,Credit Card,4.0,132.19,2025-06-01,36-45
ORD102079,2025-06-25,CUST1672,38.0,Female,South,Home & Kitchen,Desk Lamp,1.0,61.9,10.0,UPI,5.0,55.71,2025-06-01,36-45
ORD100135,2025-06-25,CUST2179,31.0,Female,South,Clothing,Sneakers,2.0,53.91,5.0,Credit Card,4.0,102.43,2025-06-01,26-35
ORD101443,2025-06-25,CUST1860,33.0,Female,South,Clothing,Sneakers,3.0,19.76,0.0,Credit Card,4.0,59.28,2025-06-01,26-35
ORD100048,2025-06-25,CUST1808,38.0,Male,East,Sports,Running Shoes,1.0,47.144999999999996,5.0,UPI,5.0,44.79,2025-06-01,36-45
ORD100521,2025-06-25,CUST2045,36.0,Female,South,Clothing,Jeans,1.0,74.86,0.0,UPI,5.0,74.86,2025-06-01,36-45
ORD100026,2025-06-25,CUST2134,55.0,Male,South,Clothing,Jacket,1.0,54.54,5.0,Debit Card,5.0,51.81,2025-06-01,46-55
ORD101392,2025-06-25,CUST2110,55.0,Female,South,Clothing,Jacket,1.0,39.71,5.0,UPI,5.0,37.72,2025-06-01,46-55
ORD101039,2025-06-25,CUST2009,40.0,Male,West,Home & Kitchen,Desk Lamp,2.0,91.91,0.0,Cash on Delivery,4.0,183.82,2025-06-01,36-45
ORD100548,2025-06-26,CUST1557,52.0,Female,South,Sports,Running Shoes,1.0,50.08,5.0,Debit Card,4.0,47.58,2025-06-01,46-55
ORD100962,2025-06-26,CUST2193,39.0,Male,West,Home & Kitchen,Air Fryer,1.0,77.72,5.0,Cash on Delivery,3.0,73.83,2025-06-01,36-45
ORD100600,2025-06-26,CUST1871,28.0,Male,North,Home & Kitchen,Air Fryer,1.0,71.05,10.0,Debit Card,4.0,63.94,2025-06-01,26-35
ORD100080,2025-06-26,CUST1945,35.0,Female,North,Beauty,Face Cream,5.0,28.9,5.0,Credit Card,4.0,137.28,2025-06-01,26-35
ORD101084,2025-06-26,CUST1359,20.0,Female,West,Clothing,Sneakers,1.0,76.66,0.0,Credit Card,4.0,76.66,2025-06-01,18-25
ORD101086,2025-06-26,CUST2095,30.0,Male,South,Electronics,Smartwatch,3.0,260.68,10.0,Cash on Delivery,5.0,703.84,2025-06-01,26-35
ORD102806,2025-06-26,CUST1017,38.0,Female,East,Clothing,Sneakers,1.0,25.1,10.0,Credit Card,4.0,22.59,2025-06-01,36-45
ORD100500,2025-06-26,CUST1217,40.0,Female,South,Sports,Yoga Mat,3.0,59.28,5.0,Debit Card,5.0,168.95,2025-06-01,36-45
ORD100545,2025-06-26,CUST1667,37.0,Male,North,Home & Kitchen,Cookware Set,2.0,67.96,15.0,Net Banking,4.0,115.53,2025-06-01,36-45
ORD102202,2025-06-27,CUST1674,18.0,Female,North,Beauty,Face Cream,3.0,40.45,0.0,Cash on Delivery,5.0,121.35,2025-06-01,18-25
ORD101398,2025-06-27,CUST1823,54.0,Female,East,Home & Kitchen,Bedsheet Set,1.0,104.87,25.0,UPI,4.0,78.65,2025-06-01,46-55
ORD102866,2025-06-27,CUST2140,48.0,Female,West,Electronics,Tablet,4.0,277.61,0.0,UPI,4.0,1110.44,2025-06-01,46-55
ORD100014,2025-06-27,CUST1462,34.0,Male,East,Clothing,Jeans,4.0,64.79,10.0,Credit Card,4.0,233.24,2025-06-01,26-35
ORD100747,2025-06-27,CUST1172,20.0,Male,East,Clothing,T-Shirt,1.0,38.05,15.0,Credit Card,4.0,32.34,2025-06-01,18-25
ORD100055,2025-06-27,CUST1512,26.0,Female,East,Beauty,Face Cream,2.0,44.48,0.0,Credit Card,4.0,88.96,2025-06-01,26-35
ORD101990,2025-06-27,CUST2008,32.0,Male,West,Electronics,Tablet,3.0,182.89,25.0,Credit Card,4.0,411.5,2025-06-01,26-35
ORD102847,2025-06-28,CUST2061,30.0,Female,South,Electronics,Bluetooth Speaker,3.0,142.31,0.0,Credit Card,4.0,426.93,2025-06-01,26-35
ORD102495,2025-06-28,CUST2157,42.0,Female,East,Electronics,Headphones,4.0,188.04,0.0,Debit Card,3.0,752.16,2025-06-01,36-45
ORD101687,2025-06-28,CUST1941,32.0,Female,South,Home & Kitchen,Cookware Set,2.0,55.64,0.0,UPI,4.0,111.28,2025-06-01,26-35
ORD102822,2025-06-28,CUST1825,36.0,Female,South,Home & Kitchen,Bedsheet Set,4.0,80.78,0.0,UPI,4.0,323.12,2025-06-01,36-45
ORD100501,2025-06-28,CUST1626,33.0,Female,South,Clothing,Jacket,5.0,64.19,10.0,Cash on Delivery,4.0,288.86,2025-06-01,26-35
ORD102422,2025-06-28,CUST1148,27.0,Male,South,Beauty,Lipstick Set,1.0,33.9,10.0,Credit Card,4.0,30.51,2025-06-01,26-35
ORD100196,2025-06-29,CUST1420,50.0,Male,Unknown,Clothing,Sneakers,1.0,51.71,0.0,Credit Card,4.0,51.71,2025-06-01,46-55
ORD100394,2025-06-29,CUST1883,18.0,Male,West,Electronics,Smartwatch,1.0,89.67,5.0,Debit Card,4.0,85.19,2025-06-01,18-25
ORD100644,2025-06-29,CUST1734,44.0,Male,North,Sports,Dumbbell Set,2.0,56.37,5.0,UPI,4.0,107.1,2025-06-01,36-45
ORD102986,2025-06-29,CUST1353,34.0,Female,South,Sports,Dumbbell Set,1.0,92.89875,5.0,Cash on Delivery,2.0,88.25,2025-06-01,26-35
ORD100996,2025-06-29,CUST1965,34.0,Male,South,Beauty,Perfume,1.0,56.22,10.0,Cash on Delivery,4.0,50.6,2025-06-01,26-35
ORD102758,2025-06-29,CUST1712,36.0,Male,East,Beauty,Perfume,3.0,38.39,15.0,Credit Card,5.0,97.89,2025-06-01,36-45
ORD101390,2025-06-29,CUST1528,32.0,Male,West,Electronics,Smartwatch,1.0,225.35,5.0,Credit Card,3.0,214.08,2025-06-01,26-35
ORD100035,2025-06-29,CUST1316,36.0,Male,East,Clothing,Jeans,3.0,75.7,10.0,Cash on Delivery,4.0,204.39,2025-06-01,36-45
ORD102184,2025-06-29,CUST1226,39.0,Male,West,Home & Kitchen,Bedsheet Set,4.0,81.46,5.0,UPI,5.0,309.55,2025-06-01,36-45
ORD100344,2025-06-29,CUST2029,34.0,Male,North,Electronics,Headphones,2.0,151.55,5.0,UPI,4.0,287.94,2025-06-01,26-35
ORD100188,2025-06-29,CUST1464,18.0,Female,West,Beauty,Hair Dryer,2.0,46.52,25.0,Credit Card,4.0,69.78,2025-06-01,18-25
ORD101558,2025-06-29,CUST1091,24.0,Female,South,Clothing,Sneakers,5.0,69.69,5.0,UPI,3.0,331.03,2025-06-01,18-25
ORD102286,2025-06-30,CUST1298,33.0,Female,North,Electronics,Headphones,1.0,259.12,10.0,UPI,4.0,233.21,2025-06-01,26-35
ORD102377,2025-06-30,CUST1222,43.0,Female,North,Sports,Dumbbell Set,1.0,32.02,0.0,Debit Card,5.0,32.02,2025-06-01,36-45
ORD102299,2025-06-30,CUST1861,34.0,Female,Unknown,Home & Kitchen,Desk Lamp,3.0,27.96,0.0,Credit Card,4.0,83.88,2025-06-01,26-35
ORD102397,2025-06-30,CUST1692,38.0,Male,South,Electronics,Headphones,1.0,302.79,20.0,Cash on Delivery,5.0,242.23,2025-06-01,36-45
ORD100087,2025-06-30,CUST1458,47.0,Male,West,Sports,Yoga Mat,2.0,31.99,5.0,UPI,4.0,60.78,2025-06-01,46-55
ORD101391,2025-06-30,CUST2156,34.0,Female,Unknown,Sports,Running Shoes,3.0,60.09,20.0,UPI,5.0,144.22,2025-06-01,26-35
ORD102633,2025-06-30,CUST1374,24.0,Female,East,Clothing,Jeans,4.0,87.17,15.0,Cash on Delivery,4.0,296.38,2025-06-01,18-25
ORD102692,2025-06-30,CUST1844,44.0,Male,West,Beauty,Lipstick Set,2.0,41.44,0.0,UPI,4.0,82.88,2025-06-01,36-45
ORD100830,2025-06-30,CUST1955,36.0,Female,West,Clothing,Jacket,4.0,34.52,0.0,Credit Card,4.0,138.08,2025-06-01,36-45
ORD100288,2025-06-30,CUST1695,36.0,Female,South,Electronics,Tablet,1.0,137.19,0.0,Debit Card,5.0,137.19,2025-06-01,36-45
ORD102785,2025-06-30,CUST1656,38.0,Male,South,Sports,Dumbbell Set,2.0,43.98,5.0,UPI,4.0,83.56,2025-06-01,36-45
ORD101629,2025-07-01,CUST1630,34.0,Female,South,Electronics,Headphones,3.0,152.28,20.0,Net Banking,3.0,365.47,2025-07-01,26-35
ORD102742,2025-07-01,CUST1073,29.0,Female,North,Beauty,Perfume,4.0,9.96,5.0,Debit Card,5.0,37.85,2025-07-01,26-35
ORD100051,2025-07-01,CUST2044,33.0,Female,West,Electronics,Smartwatch,4.0,192.82,15.0,Cash on Delivery,4.0,655.59,2025-07-01,26-35
ORD100208,2025-07-01,CUST2138,30.0,Female,South,Beauty,Hair Dryer,5.0,35.83,15.0,Credit Card,4.0,152.28,2025-07-01,26-35
ORD102736,2025-07-02,CUST1885,18.0,Female,East,Clothing,Jeans,3.0,71.13,15.0,Credit Card,4.0,181.38,2025-07-01,18-25
ORD100618,2025-07-02,CUST1100,36.0,Male,South,Electronics,Smartwatch,1.0,285.53,5.0,Cash on Delivery,4.0,271.25,2025-07-01,36-45
ORD101606,2025-07-02,CUST1768,30.0,Male,South,Sports,Yoga Mat,1.0,46.59,10.0,Cash on Delivery,3.0,41.93,2025-07-01,26-35
ORD101217,2025-07-02,CUST1499,60.0,Female,West,Beauty,Lipstick Set,1.0,35.35,20.0,Net Banking,5.0,28.28,2025-07-01,56+
ORD101315,2025-07-02,CUST1560,36.0,Female,Unknown,Sports,Water Bottle,1.0,64.68,0.0,UPI,4.0,64.68,2025-07-01,36-45
ORD101575,2025-07-02,CUST1684,44.0,Female,West,Electronics,Bluetooth Speaker,1.0,216.8,15.0,Credit Card,4.0,184.28,2025-07-01,36-45
ORD102050,2025-07-02,CUST2127,37.0,Female,South,Clothing,Jacket,2.0,76.33,25.0,UPI,3.0,114.5,2025-07-01,36-45
ORD101031,2025-07-03,CUST2011,42.0,Male,North,Clothing,Jeans,3.0,64.91,0.0,Credit Card,4.0,194.73,2025-07-01,36-45
ORD101815,2025-07-03,CUST1163,32.0,Female,East,Sports,Dumbbell Set,2.0,65.73,20.0,Credit Card,4.0,105.17,2025-07-01,26-35
ORD102747,2025-07-03,CUST1798,60.0,Male,East,Electronics,Smartwatch,1.0,368.88,15.0,Cash on Delivery,4.0,313.55,2025-07-01,56+
ORD102531,2025-07-03,CUST1801,38.0,Male,Unknown,Beauty,Hair Dryer,3.0,25.99,0.0,Cash on Delivery,5.0,77.97,2025-07-01,36-45
ORD102062,2025-07-03,CUST1724,44.0,Female,East,Clothing,Sneakers,1.0,30.94,5.0,UPI,4.0,29.39,2025-07-01,36-45
ORD101654,2025-07-03,CUST1921,24.0,Male,West,Clothing,Sneakers,4.0,47.57,20.0,Net Banking,4.0,152.22,2025-07-01,18-25
ORD101660,2025-07-03,CUST1187,46.0,Female,North,Home & Kitchen,Cookware Set,3.0,50.2,0.0,UPI,4.0,150.6,2025-07-01,46-55
ORD101025,2025-07-03,CUST1018,33.0,Female,East,Electronics,Tablet,3.0,146.94,5.0,Credit Card,4.0,418.78,2025-07-01,26-35
ORD100661,2025-07-03,CUST1381,45.0,Male,East,Clothing,T-Shirt,1.0,76.66,10.0,Credit Card,5.0,68.99,2025-07-01,36-45
ORD100856,2025-07-03,CUST1991,36.0,Female,South,Home & Kitchen,Air Fryer,1.0,115.24,10.0,UPI,4.0,103.72,2025-07-01,36-45
ORD100638,2025-07-04,CUST1171,28.0,Female,South,Home & Kitchen,Desk Lamp,4.0,109.03,0.0,Credit Card,4.0,436.12,2025-07-01,26-35
ORD102444,2025-07-04,CUST1896,24.0,Female,East,Clothing,T-Shirt,2.0,70.59,0.0,Cash on Delivery,4.0,141.18,2025-07-01,18-25
ORD101407,2025-07-04,CUST1275,55.0,Male,South,Sports,Water Bottle,1.0,75.06,5.0,Credit Card,3.0,71.31,2025-07-01,46-55
ORD102671,2025-07-04,CUST1197,38.0,Male,West,Sports,Yoga Mat,2.0,50.45,10.0,UPI,4.0,90.81,2025-07-01,36-45
ORD100271,2025-07-04,CUST1590,30.0,Female,North,Electronics,Tablet,4.0,218.83,25.0,UPI,4.0,656.49,2025-07-01,26-35
ORD101830,2025-07-04,CUST1335,49.0,Male,South,Clothing,T-Shirt,2.0,73.52,5.0,Credit Card,4.0,139.69,2025-07-01,46-55
ORD102623,2025-07-05,CUST1329,44.0,Male,North,Home & Kitchen,Bedsheet Set,1.0,93.93,5.0,Credit Card,5.0,89.23,2025-07-01,36-45
ORD100662,2025-07-05,CUST2172,51.0,Male,West,Sports,Yoga Mat,1.0,11.87,10.0,Cash on Delivery,3.0,10.68,2025-07-01,46-55
ORD102413,2025-07-05,CUST1197,44.0,Female,Unknown,Electronics,Bluetooth Speaker,1.0,242.03,5.0,Cash on Delivery,5.0,229.93,2025-07-01,36-45
ORD101130,2025-07-05,CUST2016,22.0,Female,East,Electronics,Tablet,2.0,215.72,15.0,Credit Card,4.0,366.72,2025-07-01,18-25
ORD101232,2025-07-05,CUST1652,48.0,Female,West,Home & Kitchen,Cookware Set,5.0,70.235,0.0,Cash on Delivery,4.0,351.18,2025-07-01,46-55
ORD101688,2025-07-06,CUST1285,42.0,Female,South,Home & Kitchen,Desk Lamp,2.0,69.91,0.0,Credit Card,4.0,139.82,2025-07-01,36-45
ORD102465,2025-07-06,CUST1052,56.0,Male,West,Home & Kitchen,Bedsheet Set,1.0,85.97,15.0,UPI,4.0,73.07,2025-07-01,56+
ORD102024,2025-07-06,CUST1187,53.0,Male,Unknown,Clothing,Jeans,4.0,52.75,0.0,UPI,4.0,211.0,2025-07-01,46-55
ORD100566,2025-07-06,CUST1494,28.0,Male,South,Home & Kitchen,Air Fryer,5.0,94.46,0.0,Debit Card,4.0,472.3,2025-07-01,26-35
ORD100547,2025-07-06,CUST2095,28.0,Male,North,Electronics,Tablet,1.0,174.62,0.0,Debit Card,5.0,174.62,2025-07-01,26-35
ORD102276,2025-07-06,CUST1971,34.0,Female,Unknown,Clothing,Jacket,1.0,27.49,0.0,Credit Card,5.0,27.49,2025-07-01,26-35
ORD102319,2025-07-06,CUST1339,42.0,Female,South,Clothing,Jeans,4.0,39.18,0.0,UPI,3.0,156.72,2025-07-01,36-45
ORD102338,2025-07-06,CUST1717,55.0,Female,East,Home & Kitchen,Bedsheet Set,1.0,87.38,10.0,Net Banking,4.0,78.64,2025-07-01,46-55
ORD100793,2025-07-06,CUST2196,37.0,Female,South,Sports,Dumbbell Set,1.0,71.25,15.0,UPI,5.0,60.56,2025-07-01,36-45
ORD101220,2025-07-06,CUST1189,38.0,Female,South,Home & Kitchen,Desk Lamp,4.0,40.2,20.0,Credit Card,4.0,128.64,2025-07-01,36-45
ORD100878,2025-07-07,CUST1868,40.0,Female,East,Beauty,Face Cream,3.0,30.63,20.0,Credit Card,3.0,73.51,2025-07-01,36-45
ORD100310,2025-07-07,CUST1311,41.0,Male,South,Clothing,Sneakers,1.0,69.1,0.0,Cash on Delivery,3.0,69.1,2025-07-01,36-45
ORD101659,2025-07-07,CUST1327,38.0,Male,North,Home & Kitchen,Air Fryer,2.0,63.91,25.0,UPI,3.0,95.86,2025-07-01,36-45
ORD101802,2025-07-07,CUST1196,33.0,Male,West,Electronics,Headphones,2.0,151.98,10.0,Credit Card,2.0,273.56,2025-07-01,26-35
ORD102283,2025-07-07,CUST1384,29.0,Male,North,Clothing,Jacket,2.0,57.32,10.0,Credit Card,5.0,103.18,2025-07-01,26-35
ORD100529,2025-07-07,CUST2079,50.0,Female,North,Clothing,T-Shirt,3.0,42.58,5.0,Credit Card,5.0,121.35,2025-07-01,46-55
ORD101973,2025-07-07,CUST1025,48.0,Female,West,Sports,Water Bottle,5.0,42.99,0.0,Debit Card,4.0,214.95,2025-07-01,46-55
ORD101757,2025-07-08,CUST1153,36.0,Female,East,Home & Kitchen,Desk Lamp,1.0,71.17,10.0,UPI,5.0,64.05,2025-07-01,36-45
ORD102188,2025-07-08,CUST1184,26.0,Female,West,Home & Kitchen,Air Fryer,3.0,86.58,0.0,Debit Card,4.0,259.74,2025-07-01,26-35
ORD101429,2025-07-08,CUST1019,49.0,Male,North,Sports,Dumbbell Set,1.0,42.86,5.0,UPI,5.0,40.72,2025-07-01,46-55
ORD101155,2025-07-08,CUST1596,40.0,Female,South,Electronics,Headphones,1.0,293.24,0.0,Debit Card,5.0,293.24,2025-07-01,36-45
ORD102540,2025-07-08,CUST1208,42.0,Female,West,Clothing,Jeans,1.0,90.47,20.0,Credit Card,3.0,72.38,2025-07-01,36-45
ORD100664,2025-07-08,CUST2116,41.0,Male,South,Beauty,Lipstick Set,4.0,38.17,15.0,UPI,5.0,129.78,2025-07-01,36-45
ORD100660,2025-07-08,CUST1389,36.0,Male,West,Electronics,Headphones,2.0,207.67,0.0,Net Banking,4.0,415.34,2025-07-01,36-45
ORD100067,2025-07-08,CUST1183,31.0,Female,Unknown,Home & Kitchen,Desk Lamp,2.0,90.52,0.0,Cash on Delivery,4.0,181.04,2025-07-01,26-35
ORD101439,2025-07-08,CUST1128,36.0,Male,South,Clothing,Jacket,2.0,47.55,0.0,Net Banking,4.0,95.1,2025-07-01,36-45
ORD101171,2025-07-08,CUST1841,30.0,Male,North,Clothing,Jeans,1.0,54.62,25.0,Credit Card,5.0,40.96,2025-07-01,26-35
ORD100256,2025-07-08,CUST2043,44.0,Female,East,Clothing,T-Shirt,4.0,66.21,0.0,Debit Card,5.0,264.84,2025-07-01,36-45
ORD102935,2025-07-08,CUST1688,29.0,Male,North,Home & Kitchen,Cookware Set,4.0,55.96,5.0,Credit Card,3.0,212.65,2025-07-01,26-35
ORD101623,2025-07-08,CUST2115,47.0,Female,South,Beauty,Face Cream,4.0,30.74,10.0,Net Banking,3.0,110.66,2025-07-01,46-55
ORD100235,2025-07-08,CUST1269,36.0,Male,South,Clothing,Jacket,1.0,49.32,10.0,Debit Card,4.0,44.39,2025-07-01,36-45
ORD102884,2025-07-09,CUST1450,36.0,Female,West,Sports,Yoga Mat,4.0,40.63,10.0,UPI,5.0,146.27,2025-07-01,36-45
ORD102126,2025-07-09,CUST2031,22.0,Female,North,Beauty,Lipstick Set,2.0,61.54,15.0,UPI,4.0,104.62,2025-07-01,18-25
ORD102084,2025-07-09,CUST1757,28.0,Female,East,Electronics,Bluetooth Speaker,2.0,330.22,0.0,Credit Card,5.0,660.44,2025-07-01,26-35
ORD102314,2025-07-09,CUST1706,29.0,Male,West,Electronics,Bluetooth Speaker,2.0,168.02,15.0,Debit Card,4.0,285.63,2025-07-01,26-35
ORD102829,2025-07-09,CUST1265,36.0,Female,North,Beauty,Perfume,1.0,45.52,5.0,Credit Card,3.0,43.24,2025-07-01,36-45
ORD101035,2025-07-09,CUST1440,33.0,Male,South,Sports,Dumbbell Set,1.0,55.88,0.0,Credit Card,5.0,55.88,2025-07-01,26-35
ORD101036,2025-07-09,CUST1752,18.0,Male,East,Clothing,Jacket,1.0,38.89,0.0,UPI,3.0,38.89,2025-07-01,18-25
ORD101059,2025-07-09,CUST1791,44.0,Male,South,Electronics,Headphones,1.0,120.57,10.0,Credit Card,4.0,108.51,2025-07-01,36-45
ORD102270,2025-07-10,CUST1672,48.0,Female,South,Clothing,Jacket,2.0,25.24,0.0,Net Banking,3.0,50.48,2025-07-01,46-55
ORD101427,2025-07-10,CUST1255,36.0,Female,West,Clothing,Jacket,1.0,55.69,5.0,Credit Card,3.0,52.91,2025-07-01,36-45
ORD100910,2025-07-10,CUST1389,36.0,Male,South,Home & Kitchen,Cookware Set,1.0,84.69,5.0,UPI,4.0,80.46,2025-07-01,36-45
ORD102067,2025-07-10,CUST1671,34.0,Male,South,Home & Kitchen,Cookware Set,2.0,32.91,15.0,Cash on Delivery,3.0,55.95,2025-07-01,26-35
ORD100802,2025-07-10,CUST2002,39.0,Male,North,Clothing,Jeans,3.0,35.66,0.0,Debit Card,4.0,106.98,2025-07-01,36-45
ORD101199,2025-07-10,CUST1747,21.0,Male,East,Clothing,Jacket,3.0,66.26,15.0,Credit Card,4.0,168.96,2025-07-01,18-25
ORD102461,2025-07-10,CUST1177,30.0,Male,North,Electronics,Bluetooth Speaker,3.0,116.92,10.0,Credit Card,5.0,315.68,2025-07-01,26-35
ORD101822,2025-07-10,CUST1537,35.0,Female,North,Electronics,Tablet,1.0,103.29,20.0,Cash on Delivery,4.0,82.63,2025-07-01,26-35
ORD101805,2025-07-10,CUST1714,31.0,Male,West,Beauty,Perfume,1.0,53.02,5.0,UPI,4.0,50.37,2025-07-01,26-35
ORD101896,2025-07-11,CUST1604,55.0,Male,East,Electronics,Smartwatch,1.0,256.99,10.0,Net Banking,4.0,231.29,2025-07-01,46-55
ORD101717,2025-07-11,CUST2082,34.0,Male,South,Electronics,Headphones,5.0,184.52,0.0,Credit Card,3.0,922.6,2025-07-01,26-35
ORD101213,2025-07-11,CUST1783,21.0,Male,North,Sports,Water Bottle,2.0,56.51,15.0,Credit Card,3.0,96.07,2025-07-01,18-25
ORD102846,2025-07-11,CUST1319,29.0,Female,Unknown,Beauty,Perfume,2.0,44.62,10.0,Credit Card,4.0,80.32,2025-07-01,26-35
ORD100459,2025-07-11,CUST1230,26.0,Male,West,Electronics,Tablet,1.0,262.63,5.0,Credit Card,5.0,249.5,2025-07-01,26-35
ORD101344,2025-07-11,CUST1978,29.0,Female,West,Home & Kitchen,Desk Lamp,1.0,74.74,0.0,Net Banking,5.0,74.74,2025-07-01,26-35
ORD101263,2025-07-12,CUST1856,37.0,Male,South,Sports,Yoga Mat,1.0,56.66,0.0,Credit Card,3.0,56.66,2025-07-01,36-45
ORD100968,2025-07-12,CUST1237,36.0,Female,West,Electronics,Bluetooth Speaker,1.0,101.8,20.0,Net Banking,2.0,81.44,2025-07-01,36-45
ORD101413,2025-07-12,CUST1383,43.0,Male,West,Beauty,Hair Dryer,1.0,43.58,5.0,UPI,3.0,41.4,2025-07-01,36-45
ORD101337,2025-07-12,CUST1215,38.0,Female,North,Home & Kitchen,Air Fryer,3.0,107.65,0.0,Net Banking,3.0,322.95,2025-07-01,36-45
ORD101782,2025-07-12,CUST1235,41.0,Female,West,Beauty,Perfume,2.0,37.85,20.0,UPI,4.0,60.56,2025-07-01,36-45
ORD100255,2025-07-12,CUST2187,49.0,Male,West,Sports,Dumbbell Set,1.0,47.88,0.0,Debit Card,4.0,47.88,2025-07-01,46-55
ORD101865,2025-07-12,CUST1117,25.0,Male,West,Clothing,Jacket,3.0,67.4,10.0,Debit Card,5.0,181.98,2025-07-01,18-25
ORD102786,2025-07-13,CUST2099,39.0,Male,West,Electronics,Tablet,4.0,320.4,25.0,Credit Card,4.0,961.2,2025-07-01,36-45
ORD100266,2025-07-13,CUST1045,50.0,Female,West,Sports,Running Shoes,2.0,73.77,25.0,Debit Card,4.0,110.66,2025-07-01,46-55
ORD102004,2025-07-13,CUST2124,46.0,Female,South,Clothing,T-Shirt,2.0,45.75,0.0,UPI,4.0,91.5,2025-07-01,46-55
ORD102150,2025-07-13,CUST1749,39.0,Male,West,Beauty,Hair Dryer,1.0,32.1,0.0,Credit Card,3.0,32.1,2025-07-01,36-45
ORD102250,2025-07-13,CUST1263,32.0,Female,East,Sports,Water Bottle,1.0,77.55,10.0,UPI,5.0,69.8,2025-07-01,26-35
ORD101234,2025-07-13,CUST2169,44.0,Female,Unknown,Home & Kitchen,Desk Lamp,2.0,18.42,10.0,UPI,4.0,33.16,2025-07-01,36-45
ORD102624,2025-07-14,CUST2045,68.0,Female,North,Home & Kitchen,Cookware Set,4.0,55.18,5.0,Credit Card,3.0,209.68,2025-07-01,56+
ORD100737,2025-07-14,CUST2046,36.0,Female,North,Electronics,Tablet,1.0,146.47,15.0,Credit Card,5.0,124.5,2025-07-01,36-45
ORD101568,2025-07-14,CUST1852,36.0,Female,North,Sports,Water Bottle,4.0,40.16,0.0,Net Banking,4.0,160.64,2025-07-01,36-45
ORD100838,2025-07-14,CUST1833,18.0,Male,Unknown,Home & Kitchen,Cookware Set,1.0,105.33,10.0,Debit Card,4.0,94.8,2025-07-01,18-25
ORD102513,2025-07-14,CUST1161,40.0,Male,South,Sports,Water Bottle,1.0,58.86,10.0,Debit Card,4.0,52.97,2025-07-01,36-45
ORD101364,2025-07-14,CUST1859,50.0,Female,West,Clothing,T-Shirt,2.0,45.13,20.0,Credit Card,4.0,72.21,2025-07-01,46-55
ORD100365,2025-07-15,CUST1859,51.0,Female,North,Electronics,Bluetooth Speaker,1.0,320.3,10.0,Credit Card,4.0,288.27,2025-07-01,46-55
ORD101650,2025-07-15,CUST1548,46.0,Female,West,Clothing,Sneakers,1.0,72.7,10.0,Net Banking,3.0,65.43,2025-07-01,46-55
ORD101540,2025-07-15,CUST1449,47.0,Male,North,Electronics,Bluetooth Speaker,1.0,62.6,0.0,Cash on Delivery,4.0,62.6,2025-07-01,46-55
ORD102288,2025-07-15,CUST1722,43.0,Female,East,Electronics,Smartwatch,5.0,242.77,0.0,Debit Card,4.0,1213.85,2025-07-01,36-45
ORD101645,2025-07-15,CUST1179,37.0,Male,South,Home & Kitchen,Air Fryer,2.0,105.14,0.0,UPI,4.0,210.28,2025-07-01,36-45
ORD102192,2025-07-15,CUST1857,18.0,Male,South,Beauty,Lipstick Set,2.0,28.2,15.0,Net Banking,4.0,47.94,2025-07-01,18-25
ORD102769,2025-07-16,CUST1705,23.0,Male,East,Beauty,Face Cream,2.0,35.43,5.0,UPI,3.0,67.32,2025-07-01,18-25
ORD101358,2025-07-16,CUST1465,40.0,Male,West,Sports,Water Bottle,1.0,54.93,10.0,Debit Card,3.0,49.44,2025-07-01,36-45
ORD100990,2025-07-16,CUST2132,36.0,Female,North,Clothing,T-Shirt,2.0,83.54,5.0,Debit Card,4.0,158.73,2025-07-01,36-45
ORD100953,2025-07-16,CUST1818,34.0,Male,West,Electronics,Tablet,2.0,174.3,20.0,UPI,4.0,278.88,2025-07-01,26-35
ORD101043,2025-07-16,CUST1270,39.0,Male,East,Beauty,Perfume,1.0,9.93,5.0,Credit Card,4.0,9.43,2025-07-01,36-45
ORD100305,2025-07-16,CUST1345,38.0,Female,East,Home & Kitchen,Desk Lamp,1.0,78.36,20.0,UPI,4.0,62.69,2025-07-01,36-45
ORD102368,2025-07-16,CUST1335,29.0,Male,West,Sports,Water Bottle,1.0,69.15,0.0,Credit Card,3.0,69.15,2025-07-01,26-35
ORD101072,2025-07-16,CUST2018,31.0,Female,South,Electronics,Tablet,1.0,78.81,10.0,UPI,5.0,70.93,2025-07-01,26-35
ORD100860,2025-07-16,CUST1375,28.0,Female,East,Beauty,Perfume,1.0,33.46,15.0,Credit Card,5.0,28.44,2025-07-01,26-35
ORD102000,2025-07-16,CUST2110,45.0,Male,West,Home & Kitchen,Bedsheet Set,5.0,75.32,10.0,Cash on Delivery,5.0,338.94,2025-07-01,36-45
ORD100599,2025-07-16,CUST1690,36.0,Female,West,Sports,Dumbbell Set,5.0,47.2,0.0,UPI,4.0,236.0,2025-07-01,36-45
ORD100367,2025-07-16,CUST1506,38.0,Female,East,Clothing,T-Shirt,2.0,78.37,15.0,UPI,3.0,133.23,2025-07-01,36-45
ORD102947,2025-07-17,CUST1626,31.0,Female,East,Home & Kitchen,Cookware Set,1.0,39.46,25.0,Debit Card,4.0,29.6,2025-07-01,26-35
ORD102451,2025-07-17,CUST1294,49.0,Male,East,Beauty,Perfume,4.0,51.66,0.0,UPI,3.0,206.64,2025-07-01,46-55
ORD102382,2025-07-17,CUST1519,35.0,Female,West,Electronics,Bluetooth Speaker,1.0,138.53,0.0,Cash on Delivery,5.0,138.53,2025-07-01,26-35
ORD100316,2025-07-18,CUST1489,32.0,Female,South,Clothing,T-Shirt,2.0,50.78,20.0,UPI,4.0,81.25,2025-07-01,26-35
ORD100596,2025-07-18,CUST2088,50.0,Male,East,Electronics,Tablet,5.0,193.97,0.0,Credit Card,2.0,969.85,2025-07-01,46-55
ORD100224,2025-07-18,CUST1120,30.0,Male,Unknown,Clothing,Sneakers,2.0,81.02,5.0,UPI,3.0,153.94,2025-07-01,26-35
ORD102028,2025-07-19,CUST1851,27.0,Male,Unknown,Beauty,Hair Dryer,1.0,24.09,10.0,Cash on Delivery,4.0,21.68,2025-07-01,26-35
ORD101520,2025-07-19,CUST1370,38.0,Male,West,Sports,Running Shoes,1.0,63.25,15.0,Net Banking,5.0,53.76,2025-07-01,36-45
ORD102904,2025-07-19,CUST1735,34.0,Female,South,Clothing,Jeans,2.0,36.29,0.0,UPI,5.0,72.58,2025-07-01,26-35
ORD101246,2025-07-19,CUST1933,47.0,Female,North,Beauty,Face Cream,3.0,37.98,0.0,UPI,5.0,113.94,2025-07-01,46-55
ORD101485,2025-07-19,CUST1783,39.0,Male,West,Sports,Yoga Mat,1.0,29.02,15.0,Credit Card,4.0,24.67,2025-07-01,36-45
ORD102287,2025-07-19,CUST1663,24.0,Male,South,Electronics,Headphones,1.0,163.18,0.0,Debit Card,3.0,163.18,2025-07-01,18-25
ORD102291,2025-07-19,CUST2179,33.0,Male,Unknown,Sports,Water Bottle,4.0,25.96,5.0,UPI,5.0,98.65,2025-07-01,26-35
ORD102484,2025-07-19,CUST1853,46.0,Female,West,Beauty,Perfume,2.0,45.28,5.0,Debit Card,4.0,86.03,2025-07-01,46-55
ORD101121,2025-07-19,CUST1299,33.0,Female,North,Electronics,Bluetooth Speaker,2.0,168.02,0.0,Credit Card,4.0,336.04,2025-07-01,26-35
ORD101229,2025-07-19,CUST1194,55.0,Female,West,Electronics,Smartwatch,2.0,194.93,0.0,Credit Card,5.0,389.86,2025-07-01,46-55
ORD100250,2025-07-19,CUST1696,44.0,Female,West,Electronics,Bluetooth Speaker,2.0,115.03,10.0,UPI,3.0,207.05,2025-07-01,36-45
ORD101832,2025-07-19,CUST1163,45.0,Female,South,Electronics,Tablet,1.0,112.45,20.0,Credit Card,4.0,89.96,2025-07-01,36-45
ORD100911,2025-07-19,CUST2074,34.0,Female,West,Electronics,Tablet,4.0,220.66,5.0,UPI,4.0,838.51,2025-07-01,26-35
ORD102393,2025-07-19,CUST1930,50.0,Male,West,Sports,Dumbbell Set,2.0,55.13,5.0,UPI,4.0,104.75,2025-07-01,46-55
ORD100543,2025-07-20,CUST1424,35.0,Female,West,Sports,Yoga Mat,1.0,32.69,0.0,Credit Card,3.0,32.69,2025-07-01,26-35
ORD102057,2025-07-20,CUST1500,49.0,Female,Unknown,Clothing,Jacket,2.0,38.76,15.0,Net Banking,4.0,65.89,2025-07-01,46-55
ORD100132,2025-07-20,CUST1058,34.0,Male,North,Clothing,Jacket,4.0,30.41,15.0,Credit Card,3.0,103.39,2025-07-01,26-35
ORD102328,2025-07-20,CUST1685,34.0,Female,East,Clothing,T-Shirt,1.0,5.0,10.0,Credit Card,4.0,4.5,2025-07-01,26-35
ORD100572,2025-07-20,CUST1215,40.0,Male,South,Home & Kitchen,Bedsheet Set,1.0,65.36,0.0,UPI,4.0,65.36,2025-07-01,36-45
ORD101888,2025-07-20,CUST1527,18.0,Male,North,Electronics,Headphones,1.0,304.54,15.0,Credit Card,4.0,258.86,2025-07-01,18-25
ORD102893,2025-07-20,CUST2108,30.0,Male,South,Electronics,Bluetooth Speaker,3.0,159.08,25.0,Cash on Delivery,5.0,357.93,2025-07-01,26-35
ORD102432,2025-07-20,CUST1483,36.0,Male,North,Clothing,Jacket,2.0,48.41,0.0,Credit Card,4.0,96.82,2025-07-01,36-45
ORD102272,2025-07-20,CUST1530,24.0,Male,West,Beauty,Perfume,3.0,26.3,5.0,UPI,5.0,74.96,2025-07-01,18-25
ORD100253,2025-07-20,CUST1425,44.0,Male,South,Sports,Running Shoes,1.0,37.44,15.0,Debit Card,4.0,31.82,2025-07-01,36-45
ORD101498,2025-07-20,CUST1705,32.0,Female,East,Beauty,Lipstick Set,1.0,41.88,10.0,Credit Card,4.0,37.69,2025-07-01,26-35
ORD101335,2025-07-20,CUST1247,37.0,Female,West,Clothing,Sneakers,1.0,80.9,0.0,Net Banking,3.0,80.9,2025-07-01,36-45
ORD100097,2025-07-21,CUST2048,29.0,Male,North,Clothing,Sneakers,2.0,107.31,5.0,UPI,4.0,203.89,2025-07-01,26-35
ORD100195,2025-07-21,CUST1929,31.0,Male,South,Clothing,T-Shirt,1.0,76.3,10.0,Debit Card,3.0,68.67,2025-07-01,26-35
ORD102164,2025-07-21,CUST2102,33.0,Male,North,Sports,Running Shoes,2.0,64.32,0.0,Debit Card,4.0,128.64,2025-07-01,26-35
ORD100163,2025-07-21,CUST1523,38.0,Male,South,Electronics,Tablet,1.0,114.02,20.0,UPI,4.0,91.22,2025-07-01,36-45
ORD100593,2025-07-21,CUST2136,24.0,Male,West,Sports,Dumbbell Set,4.0,36.76,5.0,Debit Card,4.0,139.69,2025-07-01,18-25
ORD102347,2025-07-21,CUST1451,32.0,Female,West,Sports,Water Bottle,3.0,50.69,10.0,Credit Card,4.0,136.86,2025-07-01,26-35
ORD102796,2025-07-21,CUST2138,28.0,Male,East,Clothing,Sneakers,2.0,70.6,0.0,UPI,4.0,141.2,2025-07-01,26-35
ORD101164,2025-07-21,CUST1295,24.0,Male,East,Home & Kitchen,Cookware Set,1.0,83.1,10.0,Credit Card,3.0,74.79,2025-07-01,18-25
ORD102764,2025-07-22,CUST2181,35.0,Male,East,Clothing,Jacket,2.0,64.87,0.0,Cash on Delivery,4.0,129.74,2025-07-01,26-35
ORD100293,2025-07-22,CUST1770,23.0,Male,South,Clothing,Jeans,1.0,60.54,0.0,Debit Card,4.0,60.54,2025-07-01,18-25
ORD100154,2025-07-22,CUST1973,18.0,Female,North,Electronics,Bluetooth Speaker,1.0,231.08,25.0,UPI,3.0,173.31,2025-07-01,18-25
ORD101144,2025-07-22,CUST1987,23.0,Male,South,Sports,Water Bottle,1.0,51.2,10.0,Credit Card,5.0,46.08,2025-07-01,18-25
ORD102586,2025-07-22,CUST1233,36.0,Female,West,Sports,Running Shoes,3.0,34.46,10.0,UPI,4.0,93.04,2025-07-01,36-45
ORD100534,2025-07-22,CUST1099,42.0,Male,South,Beauty,Hair Dryer,4.0,25.26,25.0,Credit Card,5.0,75.78,2025-07-01,36-45
ORD102556,2025-07-22,CUST1811,24.0,Male,South,Home & Kitchen,Bedsheet Set,1.0,71.18,15.0,Debit Card,5.0,60.5,2025-07-01,18-25
ORD100290,2025-07-22,CUST2168,18.0,Male,West,Beauty,Face Cream,4.0,32.78,10.0,UPI,5.0,118.01,2025-07-01,18-25
ORD100832,2025-07-22,CUST1123,30.0,Female,South,Clothing,Jacket,1.0,63.73,0.0,Credit Card,4.0,63.73,2025-07-01,26-35
ORD101371,2025-07-22,CUST1489,40.0,Male,South,Clothing,Jacket,4.0,55.59,0.0,Net Banking,4.0,222.36,2025-07-01,36-45
ORD102557,2025-07-22,CUST2187,36.0,Male,West,Home & Kitchen,Desk Lamp,3.0,90.62,15.0,Credit Card,4.0,231.08,2025-07-01,36-45
ORD102278,2025-07-23,CUST2088,36.0,Male,West,Electronics,Headphones,2.0,67.5,0.0,Credit Card,4.0,135.0,2025-07-01,36-45
ORD100241,2025-07-23,CUST1555,36.0,Female,Unknown,Sports,Running Shoes,1.0,56.78,5.0,Credit Card,3.0,53.94,2025-07-01,36-45
ORD101241,2025-07-23,CUST1812,43.0,Female,West,Home & Kitchen,Bedsheet Set,2.0,76.43,15.0,Credit Card,4.0,129.93,2025-07-01,36-45
ORD102436,2025-07-23,CUST1156,30.0,Female,East,Clothing,T-Shirt,1.0,54.81,0.0,Credit Card,4.0,54.81,2025-07-01,26-35
ORD102154,2025-07-23,CUST1231,18.0,Male,North,Sports,Yoga Mat,2.0,39.48,0.0,UPI,4.0,78.96,2025-07-01,18-25
ORD100557,2025-07-23,CUST1191,44.0,Female,West,Clothing,T-Shirt,2.0,52.74,0.0,Debit Card,5.0,105.48,2025-07-01,36-45
ORD100410,2025-07-23,CUST1687,25.0,Female,North,Home & Kitchen,Bedsheet Set,4.0,58.13,20.0,Credit Card,5.0,186.02,2025-07-01,18-25
ORD102480,2025-07-23,CUST1411,32.0,Male,South,Clothing,T-Shirt,3.0,55.47,5.0,Debit Card,3.0,158.09,2025-07-01,26-35
ORD100131,2025-07-23,CUST1920,55.0,Female,South,Clothing,Jacket,1.0,49.51,5.0,Debit Card,4.0,47.03,2025-07-01,46-55
ORD100398,2025-07-23,CUST1925,35.0,Male,West,Clothing,Jacket,4.0,19.49,20.0,Credit Card,3.0,62.37,2025-07-01,26-35
ORD101287,2025-07-23,CUST2191,39.0,Male,South,Home & Kitchen,Desk Lamp,4.0,90.3,5.0,Credit Card,5.0,343.14,2025-07-01,36-45
ORD102428,2025-07-23,CUST1584,43.0,Female,North,Home & Kitchen,Bedsheet Set,1.0,86.85,5.0,Credit Card,4.0,82.51,2025-07-01,36-45
ORD101957,2025-07-23,CUST2070,32.0,Female,North,Electronics,Headphones,4.0,127.26,10.0,Credit Card,4.0,458.14,2025-07-01,26-35
ORD102517,2025-07-23,CUST1069,26.0,Female,West,Clothing,T-Shirt,1.0,40.52,5.0,UPI,4.0,38.49,2025-07-01,26-35
ORD101602,2025-07-24,CUST1920,29.0,Male,West,Clothing,T-Shirt,1.0,22.82,5.0,Credit Card,4.0,21.68,2025-07-01,26-35
ORD101357,2025-07-24,CUST1473,43.0,Male,East,Clothing,Jacket,1.0,46.01,10.0,Net Banking,5.0,41.41,2025-07-01,36-45
ORD101710,2025-07-24,CUST1384,42.0,Male,South,Clothing,T-Shirt,3.0,67.23,10.0,Net Banking,4.0,181.52,2025-07-01,36-45
ORD100524,2025-07-24,CUST2166,41.0,Male,North,Clothing,T-Shirt,1.0,32.89,0.0,UPI,4.0,32.89,2025-07-01,36-45
ORD102709,2025-07-24,CUST1569,39.0,Female,Unknown,Electronics,Smartwatch,1.0,288.81,0.0,Credit Card,4.0,288.81,2025-07-01,36-45
ORD101418,2025-07-24,CUST1356,31.0,Female,South,Electronics,Tablet,1.0,209.29,0.0,UPI,5.0,209.29,2025-07-01,26-35
ORD102666,2025-07-24,CUST2190,32.0,Male,North,Sports,Water Bottle,1.0,48.67,0.0,Credit Card,4.0,48.67,2025-07-01,26-35
ORD102337,2025-07-24,CUST1408,49.0,Male,South,Home & Kitchen,Bedsheet Set,1.0,62.08,0.0,Cash on Delivery,4.0,62.08,2025-07-01,46-55
ORD102260,2025-07-24,CUST1001,40.0,Male,North,Clothing,Jacket,1.0,81.06,0.0,UPI,4.0,81.06,2025-07-01,36-45
ORD102457,2025-07-24,CUST1905,27.0,Male,West,Home & Kitchen,Desk Lamp,1.0,93.81,5.0,Cash on Delivery,4.0,89.12,2025-07-01,26-35
ORD100227,2025-07-25,CUST1492,56.0,Male,North,Clothing,Sneakers,1.0,58.11,5.0,Credit Card,5.0,55.2,2025-07-01,56+
ORD100089,2025-07-25,CUST2182,32.0,Male,East,Electronics,Headphones,1.0,270.09,15.0,Credit Card,4.0,229.58,2025-07-01,26-35
ORD102363,2025-07-25,CUST1664,42.0,Male,West,Home & Kitchen,Air Fryer,4.0,81.39,5.0,UPI,2.0,309.28,2025-07-01,36-45
ORD101459,2025-07-25,CUST2067,32.0,Male,South,Electronics,Smartwatch,1.0,302.92,0.0,Cash on Delivery,3.0,302.92,2025-07-01,26-35
ORD102378,2025-07-25,CUST1874,22.0,Female,South,Sports,Water Bottle,2.0,34.5,0.0,UPI,3.0,69.0,2025-07-01,18-25
ORD102256,2025-07-25,CUST1930,36.0,Male,West,Sports,Water Bottle,1.0,53.74,0.0,Cash on Delivery,4.0,53.74,2025-07-01,36-45
ORD100333,2025-07-25,CUST1730,27.0,Male,East,Sports,Running Shoes,1.0,48.72,5.0,Credit Card,4.0,46.28,2025-07-01,26-35
ORD101074,2025-07-25,CUST1101,31.0,Female,West,Home & Kitchen,Cookware Set,3.0,43.97,0.0,Credit Card,3.0,131.91,2025-07-01,26-35
ORD101951,2025-07-25,CUST1184,52.0,Male,North,Home & Kitchen,Bedsheet Set,3.0,50.71,0.0,Debit Card,5.0,152.13,2025-07-01,46-55
ORD100686,2025-07-26,CUST1181,39.0,Female,North,Beauty,Face Cream,1.0,43.37,15.0,Credit Card,2.0,36.86,2025-07-01,36-45
ORD101967,2025-07-26,CUST1302,34.0,Female,East,Clothing,T-Shirt,2.0,33.41,0.0,Net Banking,4.0,66.82,2025-07-01,26-35
ORD100194,2025-07-26,CUST1292,37.0,Female,East,Home & Kitchen,Desk Lamp,2.0,114.91,0.0,Debit Card,4.0,229.82,2025-07-01,36-45
ORD101793,2025-07-26,CUST1464,37.0,Male,East,Clothing,T-Shirt,1.0,35.83,0.0,UPI,3.0,35.83,2025-07-01,36-45
ORD100598,2025-07-26,CUST2131,24.0,Female,West,Electronics,Tablet,4.0,37.09,0.0,Credit Card,4.0,148.36,2025-07-01,18-25
ORD101481,2025-07-26,CUST1439,32.0,Male,East,Sports,Yoga Mat,2.0,52.44,0.0,UPI,3.0,104.88,2025-07-01,26-35
ORD101178,2025-07-26,CUST1074,30.0,Male,South,Beauty,Perfume,1.0,37.88,5.0,UPI,5.0,35.99,2025-07-01,26-35
ORD100971,2025-07-27,CUST1871,27.0,Male,North,Home & Kitchen,Desk Lamp,2.0,82.66,5.0,Cash on Delivery,4.0,157.05,2025-07-01,26-35
ORD100556,2025-07-27,CUST2171,29.0,Male,East,Home & Kitchen,Bedsheet Set,1.0,47.66,0.0,Net Banking,4.0,47.66,2025-07-01,26-35
ORD102698,2025-07-27,CUST1684,27.0,Male,South,Electronics,Headphones,1.0,342.1,15.0,Cash on Delivery,2.0,290.79,2025-07-01,26-35
ORD102487,2025-07-27,CUST1603,41.0,Male,North,Clothing,Sneakers,3.0,40.45,0.0,UPI,4.0,121.35,2025-07-01,36-45
ORD102326,2025-07-27,CUST1174,34.0,Male,East,Clothing,Jeans,1.0,53.16,10.0,Credit Card,4.0,47.84,2025-07-01,26-35
ORD102277,2025-07-27,CUST2110,33.0,Female,West,Clothing,Sneakers,1.0,75.94,0.0,Cash on Delivery,4.0,75.94,2025-07-01,26-35
ORD101580,2025-07-27,CUST1943,29.0,Female,North,Home & Kitchen,Air Fryer,1.0,88.38,15.0,Debit Card,4.0,75.12,2025-07-01,26-35
ORD102467,2025-07-27,CUST2189,38.0,Female,East,Sports,Water Bottle,3.0,57.11,10.0,Credit Card,4.0,154.2,2025-07-01,36-45
ORD101416,2025-07-28,CUST1949,36.0,Female,West,Clothing,Jeans,4.0,39.77,10.0,Net Banking,4.0,143.17,2025-07-01,36-45
ORD100046,2025-07-28,CUST1149,48.0,Male,North,Electronics,Tablet,1.0,231.92,0.0,UPI,4.0,231.92,2025-07-01,46-55
ORD101765,2025-07-28,CUST1741,52.0,Male,West,Home & Kitchen,Bedsheet Set,1.0,46.22,20.0,UPI,4.0,36.98,2025-07-01,46-55
ORD102295,2025-07-28,CUST1101,24.0,Male,South,Electronics,Smartwatch,4.0,200.15,0.0,Credit Card,3.0,800.6,2025-07-01,18-25
ORD101092,2025-07-28,CUST1333,40.0,Female,North,Electronics,Bluetooth Speaker,3.0,104.75,5.0,UPI,4.0,298.54,2025-07-01,36-45
ORD102297,2025-07-28,CUST1667,31.0,Male,West,Beauty,Hair Dryer,2.0,49.89,10.0,Credit Card,5.0,89.8,2025-07-01,26-35
ORD100583,2025-07-28,CUST1243,21.0,Female,West,Sports,Dumbbell Set,2.0,45.0,5.0,Debit Card,4.0,85.5,2025-07-01,18-25
ORD100415,2025-07-28,CUST1378,44.0,Male,South,Electronics,Smartwatch,2.0,100.04,0.0,Credit Card,3.0,200.08,2025-07-01,36-45
ORD100073,2025-07-29,CUST1839,29.0,Male,South,Sports,Dumbbell Set,2.0,60.5,20.0,Net Banking,5.0,96.8,2025-07-01,26-35
ORD100752,2025-07-29,CUST2073,20.0,Male,West,Sports,Yoga Mat,2.0,57.76,15.0,Debit Card,4.0,98.19,2025-07-01,18-25
ORD102788,2025-07-29,CUST1525,25.0,Female,Unknown,Clothing,Sneakers,1.0,52.62,15.0,UPI,3.0,44.73,2025-07-01,18-25
ORD100689,2025-07-29,CUST1087,27.0,Female,West,Home & Kitchen,Air Fryer,1.0,32.83,5.0,Net Banking,4.0,31.19,2025-07-01,26-35
ORD101451,2025-07-29,CUST1519,47.0,Female,West,Electronics,Smartwatch,2.0,217.83,5.0,UPI,4.0,413.88,2025-07-01,46-55
ORD102085,2025-07-30,CUST1978,41.0,Female,East,Home & Kitchen,Air Fryer,3.0,73.54,20.0,Cash on Delivery,4.0,176.5,2025-07-01,36-45
ORD102608,2025-07-30,CUST1261,48.0,Male,North,Clothing,Jeans,1.0,64.57,20.0,UPI,5.0,51.66,2025-07-01,46-55
ORD102825,2025-07-30,CUST1013,48.0,Male,South,Electronics,Tablet,1.0,180.61,5.0,Net Banking,4.0,171.58,2025-07-01,46-55
ORD101770,2025-07-30,CUST1979,36.0,Male,South,Home & Kitchen,Air Fryer,1.0,97.68,0.0,Cash on Delivery,3.0,97.68,2025-07-01,36-45
ORD102447,2025-07-30,CUST2089,27.0,Female,North,Sports,Running Shoes,2.0,57.54,0.0,Credit Card,5.0,115.08,2025-07-01,26-35
ORD101029,2025-07-30,CUST1372,37.0,Female,North,Sports,Running Shoes,2.0,29.44,20.0,UPI,5.0,47.1,2025-07-01,36-45
ORD101017,2025-07-30,CUST1258,39.0,Male,East,Home & Kitchen,Air Fryer,2.0,89.3,0.0,Net Banking,4.0,178.6,2025-07-01,36-45
ORD102365,2025-07-30,CUST1621,37.0,Male,West,Electronics,Tablet,4.0,109.02,0.0,Credit Card,3.0,436.08,2025-07-01,36-45
ORD100209,2025-07-30,CUST2065,47.0,Female,West,Home & Kitchen,Desk Lamp,1.0,88.13,5.0,UPI,3.0,83.72,2025-07-01,46-55
ORD101002,2025-07-30,CUST1017,30.0,Male,South,Electronics,Tablet,2.0,212.47,10.0,Debit Card,4.0,382.45,2025-07-01,26-35
ORD100958,2025-07-30,CUST1696,42.0,Male,East,Sports,Water Bottle,1.0,60.84,10.0,UPI,4.0,54.76,2025-07-01,36-45
ORD101211,2025-07-30,CUST1776,30.0,Female,South,Electronics,Bluetooth Speaker,4.0,156.15,20.0,Cash on Delivery,4.0,499.68,2025-07-01,26-35
ORD102303,2025-07-30,CUST1064,27.0,Male,West,Home & Kitchen,Cookware Set,2.0,81.59,5.0,Debit Card,5.0,155.02,2025-07-01,26-35
ORD101484,2025-07-31,CUST2012,18.0,Female,West,Clothing,Jacket,3.0,54.54,20.0,Credit Card,3.0,130.9,2025-07-01,18-25
ORD100897,2025-07-31,CUST1165,26.0,Male,Unknown,Home & Kitchen,Air Fryer,1.0,106.81,10.0,Debit Card,4.0,96.13,2025-07-01,26-35
ORD100988,2025-07-31,CUST1477,20.0,Female,West,Home & Kitchen,Air Fryer,3.0,106.49,10.0,UPI,4.0,287.52,2025-07-01,18-25
ORD101077,2025-07-31,CUST1339,44.0,Male,South,Sports,Yoga Mat,3.0,46.02,10.0,UPI,4.0,124.25,2025-07-01,36-45
ORD100939,2025-07-31,CUST2036,46.0,Female,Unknown,Clothing,Jacket,3.0,94.32,20.0,UPI,5.0,226.37,2025-07-01,46-55
ORD101748,2025-07-31,CUST1950,35.0,Male,South,Clothing,T-Shirt,1.0,85.6,15.0,Credit Card,4.0,72.76,2025-07-01,26-35
ORD102750,2025-07-31,CUST2023,36.0,Female,Unknown,Home & Kitchen,Air Fryer,2.0,62.04,0.0,UPI,4.0,124.08,2025-07-01,36-45
ORD100043,2025-07-31,CUST1130,24.0,Female,North,Home & Kitchen,Air Fryer,2.0,44.83,0.0,Cash on Delivery,3.0,89.66,2025-07-01,18-25
ORD102124,2025-07-31,CUST1570,37.0,Male,North,Clothing,Jeans,3.0,76.36,10.0,UPI,4.0,206.17,2025-07-01,36-45
ORD100553,2025-07-31,CUST1237,22.0,Female,South,Home & Kitchen,Cookware Set,1.0,54.04,15.0,Cash on Delivery,3.0,45.93,2025-07-01,18-25
ORD100363,2025-08-01,CUST1911,52.0,Female,North,Home & Kitchen,Desk Lamp,2.0,63.01,0.0,Debit Card,5.0,126.02,2025-08-01,46-55
ORD101119,2025-08-01,CUST1296,38.0,Male,South,Clothing,Jacket,2.0,30.61,5.0,UPI,4.0,58.16,2025-08-01,36-45
ORD102612,2025-08-01,CUST1862,18.0,Female,West,Clothing,Sneakers,4.0,61.42,0.0,Credit Card,2.0,245.68,2025-08-01,18-25
ORD101867,2025-08-01,CUST1205,36.0,Female,North,Clothing,Sneakers,1.0,37.23,0.0,Credit Card,4.0,37.23,2025-08-01,36-45
ORD102243,2025-08-01,CUST1629,41.0,Female,West,Beauty,Perfume,2.0,31.67,5.0,UPI,4.0,60.17,2025-08-01,36-45
ORD101393,2025-08-01,CUST2001,36.0,Female,West,Electronics,Headphones,1.0,146.25,5.0,Net Banking,4.0,138.94,2025-08-01,36-45
ORD102235,2025-08-01,CUST1200,48.0,Male,South,Electronics,Bluetooth Speaker,1.0,145.96,5.0,UPI,4.0,138.66,2025-08-01,46-55
ORD100973,2025-08-01,CUST2172,32.0,Male,East,Sports,Yoga Mat,3.0,56.88,5.0,Net Banking,3.0,162.11,2025-08-01,26-35
ORD101557,2025-08-01,CUST1424,38.0,Female,North,Sports,Running Shoes,3.0,50.13,15.0,Credit Card,4.0,127.83,2025-08-01,36-45
ORD101691,2025-08-01,CUST1775,42.0,Male,West,Beauty,Hair Dryer,1.0,16.87,10.0,Debit Card,2.0,15.18,2025-08-01,36-45
ORD101641,2025-08-01,CUST1986,18.0,Female,East,Electronics,Tablet,3.0,232.52,10.0,Debit Card,4.0,627.8,2025-08-01,18-25
ORD101665,2025-08-02,CUST1693,42.0,Female,South,Sports,Water Bottle,5.0,71.86,0.0,UPI,5.0,359.3,2025-08-01,36-45
ORD100699,2025-08-02,CUST1093,57.0,Male,North,Electronics,Smartwatch,1.0,256.46,0.0,UPI,4.0,256.46,2025-08-01,56+
ORD102617,2025-08-02,CUST1630,36.0,Male,West,Sports,Water Bottle,3.0,36.08,20.0,Cash on Delivery,5.0,86.59,2025-08-01,36-45
ORD101081,2025-08-03,CUST1501,42.0,Female,East,Sports,Yoga Mat,4.0,17.86,0.0,UPI,4.0,71.44,2025-08-01,36-45
ORD100261,2025-08-03,CUST1490,34.0,Female,South,Home & Kitchen,Air Fryer,4.0,39.53,0.0,UPI,5.0,158.12,2025-08-01,26-35
ORD101506,2025-08-03,CUST1412,24.0,Male,East,Clothing,T-Shirt,1.0,78.08,0.0,Net Banking,5.0,78.08,2025-08-01,18-25
ORD100248,2025-08-03,CUST1725,49.0,Male,North,Electronics,Bluetooth Speaker,4.0,147.24,15.0,Debit Card,4.0,500.62,2025-08-01,46-55
ORD102630,2025-08-03,CUST1350,34.0,Male,North,Clothing,T-Shirt,1.0,25.55,0.0,Debit Card,4.0,25.55,2025-08-01,26-35
ORD101007,2025-08-03,CUST1280,40.0,Male,North,Sports,Running Shoes,2.0,49.49,15.0,UPI,4.0,84.13,2025-08-01,36-45
ORD101095,2025-08-03,CUST1510,37.0,Male,West,Sports,Water Bottle,3.0,58.15,0.0,Net Banking,4.0,174.45,2025-08-01,36-45
ORD100176,2025-08-03,CUST1451,24.0,Male,East,Home & Kitchen,Bedsheet Set,1.0,55.48,0.0,Credit Card,4.0,55.48,2025-08-01,18-25
ORD100796,2025-08-03,CUST1467,50.0,Male,North,Electronics,Tablet,4.0,5.0,15.0,Debit Card,2.0,17.0,2025-08-01,46-55
ORD101962,2025-08-04,CUST2163,49.0,Female,West,Clothing,Sneakers,1.0,82.69,20.0,Net Banking,3.0,66.15,2025-08-01,46-55
ORD102890,2025-08-04,CUST1188,48.0,Female,East,Home & Kitchen,Air Fryer,3.0,53.61,5.0,Credit Card,5.0,152.79,2025-08-01,46-55
ORD100045,2025-08-04,CUST2017,41.0,Male,North,Sports,Water Bottle,2.0,30.79,5.0,Credit Card,4.0,58.5,2025-08-01,36-45
ORD102998,2025-08-04,CUST2132,40.0,Female,Unknown,Electronics,Headphones,1.0,108.39,5.0,UPI,4.0,102.97,2025-08-01,36-45
ORD100673,2025-08-04,CUST2154,35.0,Male,East,Sports,Dumbbell Set,2.0,41.82,10.0,UPI,5.0,75.28,2025-08-01,26-35
ORD101608,2025-08-04,CUST1875,18.0,Female,West,Clothing,T-Shirt,2.0,65.66,10.0,UPI,4.0,118.19,2025-08-01,18-25
ORD102433,2025-08-05,CUST1177,48.0,Male,Unknown,Electronics,Smartwatch,2.0,200.71,15.0,Net Banking,5.0,341.21,2025-08-01,46-55
ORD102545,2025-08-05,CUST1119,46.0,Male,East,Sports,Running Shoes,2.0,5.0,0.0,Net Banking,3.0,10.0,2025-08-01,46-55
ORD102323,2025-08-05,CUST1924,20.0,Male,Unknown,Clothing,Jeans,1.0,40.96,5.0,Debit Card,3.0,38.91,2025-08-01,18-25
ORD100774,2025-08-05,CUST2124,33.0,Male,East,Beauty,Face Cream,2.0,31.48,5.0,Cash on Delivery,3.0,59.81,2025-08-01,26-35
ORD102419,2025-08-05,CUST1843,36.0,Male,South,Beauty,Perfume,1.0,41.66,0.0,Cash on Delivery,5.0,41.66,2025-08-01,36-45
ORD101942,2025-08-05,CUST1078,37.0,Male,West,Clothing,Jeans,2.0,67.33,0.0,Net Banking,5.0,134.66,2025-08-01,36-45
ORD101804,2025-08-05,CUST1078,40.0,Male,Unknown,Electronics,Tablet,1.0,360.59,5.0,UPI,3.0,342.56,2025-08-01,36-45
ORD101683,2025-08-06,CUST1076,37.0,Female,West,Electronics,Headphones,1.0,241.33,0.0,Credit Card,5.0,241.33,2025-08-01,36-45
ORD101582,2025-08-06,CUST1027,39.0,Female,North,Clothing,Sneakers,1.0,42.87,15.0,UPI,4.0,36.44,2025-08-01,36-45
ORD102987,2025-08-06,CUST1387,44.0,Female,East,Electronics,Smartwatch,4.0,166.06,0.0,UPI,4.0,664.24,2025-08-01,36-45
ORD101341,2025-08-06,CUST2033,37.0,Male,East,Home & Kitchen,Air Fryer,4.0,22.95,10.0,UPI,4.0,82.62,2025-08-01,36-45
ORD101592,2025-08-07,CUST2015,43.0,Male,South,Electronics,Smartwatch,2.0,169.23,0.0,Cash on Delivery,4.0,338.46,2025-08-01,36-45
ORD102236,2025-08-07,CUST1147,33.0,Male,South,Clothing,T-Shirt,1.0,60.52,10.0,UPI,4.0,54.47,2025-08-01,26-35
ORD101635,2025-08-07,CUST1341,36.0,Female,North,Beauty,Hair Dryer,2.0,5.49,0.0,Credit Card,4.0,10.98,2025-08-01,36-45
ORD102226,2025-08-07,CUST1451,44.0,Female,West,Clothing,Jacket,3.0,24.09,0.0,Cash on Delivery,5.0,72.27,2025-08-01,36-45
ORD102225,2025-08-07,CUST1546,24.0,Male,West,Beauty,Lipstick Set,2.0,37.02,5.0,Credit Card,4.0,70.34,2025-08-01,18-25
ORD100217,2025-08-08,CUST2001,26.0,Male,South,Clothing,T-Shirt,3.0,67.84,15.0,Credit Card,4.0,172.99,2025-08-01,26-35
ORD101929,2025-08-08,CUST1314,38.0,Male,East,Beauty,Hair Dryer,5.0,47.74,10.0,UPI,3.0,214.83,2025-08-01,36-45
ORD102558,2025-08-08,CUST1924,40.0,Female,East,Sports,Yoga Mat,3.0,62.28,5.0,UPI,4.0,177.5,2025-08-01,36-45
ORD101402,2025-08-08,CUST1850,29.0,Female,West,Electronics,Smartwatch,2.0,231.69,20.0,UPI,5.0,370.7,2025-08-01,26-35
ORD102872,2025-08-08,CUST2012,44.0,Female,East,Electronics,Tablet,3.0,107.11,0.0,UPI,3.0,321.33,2025-08-01,36-45
ORD102774,2025-08-08,CUST1393,33.0,Male,East,Home & Kitchen,Desk Lamp,2.0,85.94,10.0,UPI,5.0,154.69,2025-08-01,26-35
ORD102264,2025-08-09,CUST1352,37.0,Female,South,Sports,Water Bottle,2.0,39.27,0.0,UPI,5.0,78.54,2025-08-01,36-45
ORD102780,2025-08-09,CUST1191,36.0,Male,East,Electronics,Headphones,1.0,341.37,5.0,Credit Card,4.0,324.3,2025-08-01,36-45
ORD101080,2025-08-09,CUST1807,18.0,Female,North,Sports,Running Shoes,3.0,53.5,0.0,Credit Card,4.0,160.5,2025-08-01,18-25
ORD101526,2025-08-09,CUST2193,46.0,Male,North,Beauty,Hair Dryer,1.0,22.93,0.0,Credit Card,5.0,22.93,2025-08-01,46-55
ORD102163,2025-08-09,CUST2059,32.0,Female,West,Home & Kitchen,Desk Lamp,4.0,60.69,0.0,Cash on Delivery,5.0,242.76,2025-08-01,26-35
ORD100554,2025-08-09,CUST1891,46.0,Female,South,Clothing,Jeans,1.0,56.56,5.0,UPI,4.0,53.73,2025-08-01,46-55
ORD100594,2025-08-09,CUST1256,27.0,Male,South,Electronics,Smartwatch,1.0,186.23,5.0,Debit Card,5.0,176.92,2025-08-01,26-35
ORD100161,2025-08-09,CUST1406,43.0,Female,South,Home & Kitchen,Cookware Set,1.0,70.235,0.0,UPI,3.0,70.24,2025-08-01,36-45
ORD100413,2025-08-09,CUST1464,29.0,Female,South,Electronics,Tablet,5.0,182.07,25.0,UPI,4.0,682.76,2025-08-01,26-35
ORD100441,2025-08-09,CUST1017,23.0,Male,South,Electronics,Smartwatch,1.0,36.42,20.0,Debit Card,4.0,29.14,2025-08-01,18-25
ORD101810,2025-08-10,CUST2177,47.0,Female,North,Beauty,Face Cream,2.0,33.25,15.0,Credit Card,2.0,56.52,2025-08-01,46-55
ORD102727,2025-08-10,CUST1081,40.0,Female,South,Beauty,Face Cream,2.0,45.15,15.0,Credit Card,4.0,76.76,2025-08-01,36-45
ORD102592,2025-08-10,CUST1970,31.0,Female,North,Home & Kitchen,Desk Lamp,1.0,68.55,20.0,Net Banking,5.0,54.84,2025-08-01,26-35
ORD101616,2025-08-10,CUST1609,24.0,Male,North,Beauty,Perfume,1.0,21.38,5.0,Credit Card,4.0,20.31,2025-08-01,18-25
ORD102046,2025-08-10,CUST1668,30.0,Male,East,Home & Kitchen,Desk Lamp,1.0,107.69,25.0,UPI,5.0,80.77,2025-08-01,26-35
ORD102516,2025-08-10,CUST1100,34.0,Male,Unknown,Beauty,Hair Dryer,2.0,62.56,10.0,Net Banking,3.0,112.61,2025-08-01,26-35
ORD100654,2025-08-10,CUST1951,50.0,Male,North,Sports,Running Shoes,2.0,56.42,25.0,Net Banking,5.0,84.63,2025-08-01,46-55
ORD101547,2025-08-10,CUST1777,22.0,Male,South,Clothing,Sneakers,2.0,66.85,10.0,Credit Card,2.0,120.33,2025-08-01,18-25
ORD102636,2025-08-10,CUST1294,41.0,Male,South,Sports,Running Shoes,1.0,46.96,5.0,Credit Card,4.0,44.61,2025-08-01,36-45
ORD102503,2025-08-10,CUST2087,40.0,Male,Unknown,Sports,Dumbbell Set,1.0,29.97,15.0,Credit Card,5.0,25.47,2025-08-01,36-45
ORD100387,2025-08-10,CUST1112,18.0,Male,North,Electronics,Tablet,1.0,190.28,10.0,Debit Card,3.0,171.25,2025-08-01,18-25
ORD102254,2025-08-11,CUST1201,43.0,Female,South,Clothing,Jacket,2.0,23.75,5.0,Credit Card,4.0,45.12,2025-08-01,36-45
ORD101488,2025-08-11,CUST1733,33.0,Male,North,Clothing,Jeans,2.0,81.4,5.0,Debit Card,4.0,154.66,2025-08-01,26-35
ORD102479,2025-08-11,CUST1714,36.0,Male,East,Clothing,Jeans,1.0,52.87,20.0,Net Banking,3.0,42.3,2025-08-01,36-45
ORD100666,2025-08-11,CUST1056,46.0,Female,East,Beauty,Face Cream,2.0,33.29,20.0,Credit Card,5.0,53.26,2025-08-01,46-55
ORD100578,2025-08-12,CUST2069,31.0,Male,West,Beauty,Face Cream,1.0,44.03,0.0,Credit Card,4.0,44.03,2025-08-01,26-35
ORD102370,2025-08-12,CUST2066,57.0,Female,North,Home & Kitchen,Cookware Set,2.0,58.76,20.0,UPI,4.0,94.02,2025-08-01,56+
ORD100129,2025-08-12,CUST1030,29.0,Female,South,Electronics,Tablet,1.0,62.89,0.0,Credit Card,4.0,62.89,2025-08-01,26-35
ORD102054,2025-08-12,CUST1591,18.0,Female,North,Clothing,T-Shirt,2.0,48.23,0.0,Credit Card,4.0,96.46,2025-08-01,18-25
ORD102234,2025-08-12,CUST1232,32.0,Female,East,Sports,Dumbbell Set,1.0,54.4,0.0,Cash on Delivery,4.0,54.4,2025-08-01,26-35
ORD102909,2025-08-12,CUST1192,22.0,Female,South,Clothing,Jacket,3.0,79.69,0.0,Cash on Delivery,5.0,239.07,2025-08-01,18-25
ORD100486,2025-08-12,CUST1056,19.0,Female,East,Home & Kitchen,Cookware Set,1.0,82.39,15.0,UPI,3.0,70.03,2025-08-01,18-25
ORD101004,2025-08-13,CUST1866,49.0,Female,Unknown,Sports,Water Bottle,3.0,30.27,0.0,UPI,4.0,90.81,2025-08-01,46-55
ORD100738,2025-08-13,CUST1365,29.0,Male,East,Sports,Yoga Mat,5.0,77.25,0.0,Net Banking,4.0,386.25,2025-08-01,26-35
ORD102569,2025-08-13,CUST2069,33.0,Male,South,Clothing,Jacket,5.0,43.11,20.0,Net Banking,3.0,172.44,2025-08-01,26-35
ORD102730,2025-08-13,CUST2084,37.0,Female,East,Sports,Running Shoes,1.0,91.82,0.0,Credit Card,4.0,91.82,2025-08-01,36-45
ORD101587,2025-08-13,CUST1459,18.0,Male,East,Clothing,T-Shirt,1.0,74.59,5.0,Debit Card,4.0,70.86,2025-08-01,18-25
ORD101075,2025-08-13,CUST1474,36.0,Female,North,Electronics,Smartwatch,1.0,257.08,0.0,UPI,4.0,257.08,2025-08-01,36-45
ORD102794,2025-08-13,CUST1459,27.0,Female,South,Clothing,T-Shirt,3.0,58.28,15.0,Credit Card,4.0,148.61,2025-08-01,26-35
ORD100259,2025-08-13,CUST1026,50.0,Female,South,Clothing,T-Shirt,1.0,41.54,0.0,Credit Card,4.0,41.54,2025-08-01,46-55
ORD102367,2025-08-13,CUST1886,35.0,Male,South,Beauty,Perfume,2.0,27.78,0.0,Debit Card,5.0,55.56,2025-08-01,26-35
ORD101132,2025-08-13,CUST1036,28.0,Female,West,Electronics,Headphones,1.0,326.17,0.0,Credit Card,5.0,326.17,2025-08-01,26-35
ORD100519,2025-08-14,CUST1396,22.0,Female,North,Clothing,Sneakers,3.0,73.89,0.0,Credit Card,5.0,221.67,2025-08-01,18-25
ORD100773,2025-08-14,CUST1171,29.0,Female,West,Electronics,Headphones,1.0,214.13,0.0,Debit Card,5.0,214.13,2025-08-01,26-35
ORD101194,2025-08-14,CUST2116,30.0,Male,Unknown,Electronics,Bluetooth Speaker,4.0,124.31,25.0,UPI,4.0,372.93,2025-08-01,26-35
ORD100370,2025-08-14,CUST2171,32.0,Male,South,Electronics,Bluetooth Speaker,2.0,188.34,0.0,UPI,4.0,376.68,2025-08-01,26-35
ORD100279,2025-08-14,CUST1014,20.0,Female,West,Electronics,Headphones,1.0,71.24,20.0,Cash on Delivery,4.0,56.99,2025-08-01,18-25
ORD100520,2025-08-14,CUST2174,41.0,Female,North,Sports,Running Shoes,1.0,76.66,15.0,Cash on Delivery,4.0,65.16,2025-08-01,36-45
ORD100377,2025-08-14,CUST1496,49.0,Male,South,Home & Kitchen,Cookware Set,1.0,46.41,5.0,Cash on Delivery,5.0,44.09,2025-08-01,46-55
ORD101496,2025-08-14,CUST1406,44.0,Female,West,Beauty,Face Cream,4.0,32.59,0.0,Credit Card,3.0,130.36,2025-08-01,36-45
ORD100818,2025-08-14,CUST1083,41.0,Female,North,Sports,Water Bottle,1.0,51.75,5.0,UPI,4.0,49.16,2025-08-01,36-45
ORD100182,2025-08-15,CUST1412,32.0,Female,East,Electronics,Headphones,2.0,188.5,0.0,Cash on Delivery,4.0,377.0,2025-08-01,26-35
ORD101919,2025-08-15,CUST1318,28.0,Male,North,Clothing,T-Shirt,5.0,62.64,20.0,Debit Card,3.0,250.56,2025-08-01,26-35
ORD102129,2025-08-15,CUST1614,18.0,Female,West,Home & Kitchen,Cookware Set,1.0,66.58,0.0,Debit Card,4.0,66.58,2025-08-01,18-25
ORD102811,2025-08-15,CUST1684,36.0,Female,South,Home & Kitchen,Bedsheet Set,2.0,47.13,0.0,Credit Card,2.0,94.26,2025-08-01,36-45
ORD100811,2025-08-15,CUST1426,40.0,Female,North,Clothing,Jeans,1.0,87.94,0.0,UPI,5.0,87.94,2025-08-01,36-45
ORD100955,2025-08-15,CUST1329,27.0,Male,West,Electronics,Headphones,1.0,98.06,10.0,Credit Card,5.0,88.25,2025-08-01,26-35
ORD101966,2025-08-15,CUST1977,20.0,Female,South,Clothing,Sneakers,2.0,22.3,10.0,Cash on Delivery,5.0,40.14,2025-08-01,18-25
ORD102574,2025-08-15,CUST1614,30.0,Female,South,Home & Kitchen,Bedsheet Set,1.0,58.51,5.0,UPI,5.0,55.58,2025-08-01,26-35
ORD101852,2025-08-16,CUST1562,20.0,Male,East,Electronics,Headphones,1.0,174.71,10.0,Net Banking,5.0,157.24,2025-08-01,18-25
ORD100036,2025-08-16,CUST1929,43.0,Male,East,Clothing,T-Shirt,2.0,97.33,10.0,UPI,4.0,175.19,2025-08-01,36-45
ORD102282,2025-08-16,CUST1914,28.0,Female,West,Home & Kitchen,Desk Lamp,1.0,55.42,0.0,Debit Card,4.0,55.42,2025-08-01,26-35
ORD101698,2025-08-16,CUST1130,46.0,Female,North,Beauty,Hair Dryer,2.0,68.43,0.0,UPI,5.0,136.86,2025-08-01,46-55
ORD101331,2025-08-16,CUST1709,39.0,Female,Unknown,Beauty,Hair Dryer,1.0,21.23,0.0,Credit Card,5.0,21.23,2025-08-01,36-45
ORD100974,2025-08-16,CUST2059,39.0,Male,South,Home & Kitchen,Cookware Set,1.0,55.67,0.0,Cash on Delivery,4.0,55.67,2025-08-01,36-45
ORD101908,2025-08-16,CUST1237,44.0,Female,West,Home & Kitchen,Cookware Set,1.0,53.95,0.0,Debit Card,4.0,53.95,2025-08-01,36-45
ORD100883,2025-08-16,CUST1914,24.0,Male,North,Electronics,Headphones,3.0,141.7,0.0,Credit Card,4.0,425.1,2025-08-01,18-25
ORD102332,2025-08-17,CUST1275,18.0,Male,South,Sports,Water Bottle,1.0,20.2,15.0,UPI,5.0,17.17,2025-08-01,18-25
ORD100744,2025-08-17,CUST1240,59.0,Male,South,Electronics,Smartwatch,2.0,180.83,10.0,Cash on Delivery,4.0,325.49,2025-08-01,56+
ORD102979,2025-08-17,CUST1036,41.0,Male,West,Electronics,Smartwatch,4.0,158.05,10.0,Cash on Delivery,5.0,568.98,2025-08-01,36-45
ORD101963,2025-08-17,CUST1858,40.0,Male,North,Home & Kitchen,Desk Lamp,1.0,85.59,5.0,Credit Card,3.0,81.31,2025-08-01,36-45
ORD102434,2025-08-17,CUST2178,37.0,Female,North,Electronics,Tablet,1.0,195.13,15.0,UPI,4.0,165.86,2025-08-01,36-45
ORD100799,2025-08-17,CUST1372,28.0,Male,South,Home & Kitchen,Cookware Set,1.0,36.24,5.0,Debit Card,3.0,34.43,2025-08-01,26-35
ORD100152,2025-08-17,CUST2048,43.0,Female,West,Sports,Yoga Mat,2.0,8.93,5.0,Credit Card,4.0,16.97,2025-08-01,36-45
ORD100074,2025-08-17,CUST1165,19.0,Female,Unknown,Clothing,Jeans,5.0,33.87,10.0,Credit Card,4.0,152.42,2025-08-01,18-25
ORD101941,2025-08-17,CUST1402,36.0,Female,West,Sports,Yoga Mat,4.0,18.04,20.0,UPI,3.0,57.73,2025-08-01,36-45
ORD102728,2025-08-17,CUST1510,27.0,Female,South,Home & Kitchen,Air Fryer,3.0,74.19,5.0,UPI,4.0,211.44,2025-08-01,26-35
ORD100230,2025-08-18,CUST1100,37.0,Female,East,Sports,Running Shoes,2.0,68.45,0.0,Credit Card,4.0,136.9,2025-08-01,36-45
ORD101664,2025-08-18,CUST1109,31.0,Male,East,Clothing,T-Shirt,3.0,55.93,25.0,Cash on Delivery,4.0,125.84,2025-08-01,26-35
ORD102502,2025-08-18,CUST1983,39.0,Male,East,Electronics,Tablet,2.0,125.47,10.0,UPI,4.0,225.85,2025-08-01,36-45
ORD101172,2025-08-18,CUST1967,30.0,Female,East,Home & Kitchen,Bedsheet Set,1.0,105.65,5.0,Credit Card,5.0,100.37,2025-08-01,26-35
ORD101756,2025-08-18,CUST1539,24.0,Female,East,Clothing,Sneakers,2.0,75.07,0.0,Credit Card,3.0,150.14,2025-08-01,18-25
ORD101257,2025-08-18,CUST1741,36.0,Female,East,Beauty,Hair Dryer,4.0,40.89,10.0,Debit Card,5.0,147.2,2025-08-01,36-45
ORD102279,2025-08-18,CUST1513,33.0,Male,East,Beauty,Perfume,1.0,27.36,0.0,Credit Card,4.0,27.36,2025-08-01,26-35
ORD101472,2025-08-19,CUST2031,48.0,Female,South,Home & Kitchen,Bedsheet Set,1.0,114.53,20.0,Credit Card,4.0,91.62,2025-08-01,46-55
ORD101082,2025-08-19,CUST1736,49.0,Female,South,Beauty,Perfume,4.0,18.44,5.0,Debit Card,3.0,70.07,2025-08-01,46-55
ORD100745,2025-08-19,CUST1879,43.0,Female,Unknown,Electronics,Tablet,4.0,170.22,0.0,Credit Card,5.0,680.88,2025-08-01,36-45
ORD100944,2025-08-19,CUST1558,43.0,Male,Unknown,Sports,Running Shoes,3.0,36.21,0.0,UPI,5.0,108.63,2025-08-01,36-45
ORD102790,2025-08-20,CUST1841,18.0,Male,West,Beauty,Face Cream,2.0,39.61,0.0,Net Banking,4.0,79.22,2025-08-01,18-25
ORD102693,2025-08-20,CUST1670,56.0,Male,South,Beauty,Perfume,1.0,20.91,20.0,UPI,4.0,16.73,2025-08-01,56+
ORD101543,2025-08-20,CUST1415,43.0,Male,West,Clothing,Jacket,2.0,77.53,15.0,Credit Card,5.0,131.8,2025-08-01,36-45
ORD100358,2025-08-20,CUST1230,32.0,Female,Unknown,Beauty,Hair Dryer,2.0,45.01,10.0,Credit Card,5.0,81.02,2025-08-01,26-35
ORD102626,2025-08-20,CUST2025,37.0,Male,West,Clothing,Jacket,1.0,74.94,5.0,UPI,3.0,71.19,2025-08-01,36-45
ORD102420,2025-08-20,CUST2084,60.0,Male,West,Sports,Running Shoes,2.0,52.78,5.0,UPI,3.0,100.28,2025-08-01,56+
ORD101725,2025-08-20,CUST1124,19.0,Female,South,Beauty,Face Cream,3.0,47.43,10.0,Debit Card,3.0,128.06,2025-08-01,18-25
ORD100709,2025-08-20,CUST2019,38.0,Male,West,Sports,Yoga Mat,1.0,12.04,0.0,Cash on Delivery,4.0,12.04,2025-08-01,36-45
ORD101524,2025-08-20,CUST1573,46.0,Male,North,Clothing,T-Shirt,1.0,71.59,5.0,Credit Card,3.0,68.01,2025-08-01,46-55
ORD101424,2025-08-20,CUST1243,27.0,Female,East,Home & Kitchen,Bedsheet Set,3.0,69.62,15.0,Credit Card,3.0,177.53,2025-08-01,26-35
ORD100901,2025-08-21,CUST1696,45.0,Male,West,Clothing,Jacket,1.0,69.81,0.0,UPI,4.0,69.81,2025-08-01,36-45
ORD101814,2025-08-21,CUST1330,40.0,Male,Unknown,Home & Kitchen,Desk Lamp,2.0,80.45,0.0,UPI,4.0,160.9,2025-08-01,36-45
ORD101992,2025-08-21,CUST1339,26.0,Female,West,Home & Kitchen,Bedsheet Set,3.0,53.31,15.0,UPI,5.0,135.94,2025-08-01,26-35
ORD100541,2025-08-21,CUST1721,51.0,Female,West,Electronics,Headphones,4.0,31.31,0.0,Credit Card,4.0,125.24,2025-08-01,46-55
ORD100119,2025-08-21,CUST1401,20.0,Female,West,Sports,Water Bottle,1.0,76.24,0.0,Debit Card,4.0,76.24,2025-08-01,18-25
ORD100628,2025-08-21,CUST1248,43.0,Male,North,Clothing,T-Shirt,1.0,62.14,0.0,UPI,4.0,62.14,2025-08-01,36-45
ORD102702,2025-08-21,CUST2006,36.0,Female,West,Sports,Running Shoes,1.0,18.67,15.0,UPI,4.0,15.87,2025-08-01,36-45
ORD102384,2025-08-21,CUST1820,42.0,Male,West,Beauty,Hair Dryer,2.0,42.75,0.0,Credit Card,3.0,85.5,2025-08-01,36-45
ORD100018,2025-08-21,CUST1207,34.0,Male,South,Beauty,Hair Dryer,3.0,20.64,10.0,Debit Card,5.0,55.73,2025-08-01,26-35
ORD102483,2025-08-21,CUST1067,26.0,Female,West,Sports,Running Shoes,1.0,27.46,20.0,Debit Card,3.0,21.97,2025-08-01,26-35
ORD102449,2025-08-21,CUST1420,40.0,Male,Unknown,Clothing,Jacket,2.0,54.12,0.0,Credit Card,5.0,108.24,2025-08-01,36-45
ORD101759,2025-08-22,CUST1438,66.0,Male,East,Sports,Yoga Mat,1.0,43.1,5.0,Credit Card,4.0,40.94,2025-08-01,56+
ORD101383,2025-08-22,CUST1801,42.0,Female,West,Clothing,Jacket,1.0,44.34,0.0,Debit Card,5.0,44.34,2025-08-01,36-45
ORD101101,2025-08-22,CUST2084,34.0,Female,South,Home & Kitchen,Bedsheet Set,3.0,92.89,10.0,Debit Card,5.0,250.8,2025-08-01,26-35
ORD101253,2025-08-22,CUST1428,36.0,Female,North,Sports,Dumbbell Set,2.0,27.37,0.0,Credit Card,3.0,54.74,2025-08-01,36-45
ORD100006,2025-08-22,CUST1518,38.0,Female,West,Clothing,Jacket,1.0,44.18,0.0,Credit Card,4.0,44.18,2025-08-01,36-45
ORD101534,2025-08-22,CUST1861,44.0,Male,East,Clothing,T-Shirt,5.0,40.91,25.0,UPI,4.0,153.41,2025-08-01,36-45
ORD102718,2025-08-22,CUST1498,38.0,Female,North,Sports,Running Shoes,1.0,53.22,0.0,Debit Card,5.0,53.22,2025-08-01,36-45
ORD101897,2025-08-22,CUST1332,41.0,Male,South,Beauty,Perfume,4.0,48.8,10.0,Credit Card,3.0,175.68,2025-08-01,36-45
ORD100138,2025-08-22,CUST1311,32.0,Male,North,Home & Kitchen,Desk Lamp,1.0,83.09,0.0,Credit Card,4.0,83.09,2025-08-01,26-35
ORD100330,2025-08-22,CUST1874,45.0,Male,North,Home & Kitchen,Bedsheet Set,1.0,101.95,5.0,Credit Card,4.0,96.85,2025-08-01,36-45
ORD100228,2025-08-22,CUST1595,18.0,Male,South,Electronics,Headphones,2.0,217.79,5.0,Cash on Delivery,3.0,413.8,2025-08-01,18-25
ORD100645,2025-08-23,CUST1605,18.0,Female,West,Beauty,Hair Dryer,2.0,36.51,0.0,Net Banking,4.0,73.02,2025-08-01,18-25
ORD102237,2025-08-23,CUST1600,41.0,Female,South,Clothing,Jeans,2.0,60.02,0.0,Credit Card,4.0,120.04,2025-08-01,36-45
ORD100815,2025-08-23,CUST1435,36.0,Male,West,Clothing,Jeans,4.0,100.79,0.0,Debit Card,4.0,403.16,2025-08-01,36-45
ORD101920,2025-08-23,CUST1219,47.0,Male,South,Electronics,Smartwatch,4.0,125.81,0.0,UPI,4.0,503.24,2025-08-01,46-55
ORD101114,2025-08-23,CUST1947,65.0,Female,West,Electronics,Smartwatch,2.0,213.78,0.0,UPI,5.0,427.56,2025-08-01,56+
ORD101501,2025-08-23,CUST1829,32.0,Female,Unknown,Sports,Running Shoes,1.0,38.7,15.0,UPI,4.0,32.9,2025-08-01,26-35
ORD101008,2025-08-23,CUST1057,60.0,Male,South,Clothing,Jacket,1.0,52.2,0.0,Cash on Delivery,2.0,52.2,2025-08-01,56+
ORD102125,2025-08-24,CUST2131,27.0,Female,Unknown,Beauty,Lipstick Set,1.0,21.81,10.0,Net Banking,5.0,19.63,2025-08-01,26-35
ORD101430,2025-08-24,CUST1270,30.0,Male,North,Clothing,Jeans,1.0,57.39,0.0,Credit Card,4.0,57.39,2025-08-01,26-35
ORD101208,2025-08-24,CUST1332,46.0,Female,North,Sports,Dumbbell Set,3.0,42.75,5.0,Debit Card,4.0,121.84,2025-08-01,46-55
ORD100473,2025-08-24,CUST1927,36.0,Male,South,Electronics,Smartwatch,1.0,230.85,0.0,UPI,4.0,230.85,2025-08-01,36-45
ORD102687,2025-08-24,CUST1533,28.0,Female,North,Home & Kitchen,Desk Lamp,5.0,37.8,5.0,Credit Card,4.0,179.55,2025-08-01,26-35
ORD101018,2025-08-24,CUST1417,50.0,Male,North,Sports,Dumbbell Set,4.0,41.45,0.0,UPI,3.0,165.8,2025-08-01,46-55
ORD102808,2025-08-24,CUST1356,20.0,Female,North,Clothing,Jeans,2.0,48.83,10.0,UPI,3.0,87.89,2025-08-01,18-25
ORD101595,2025-08-24,CUST2078,59.0,Female,East,Electronics,Smartwatch,1.0,105.86,20.0,UPI,3.0,84.69,2025-08-01,56+
ORD100823,2025-08-24,CUST2187,49.0,Male,South,Electronics,Headphones,2.0,322.4,20.0,Net Banking,5.0,515.84,2025-08-01,46-55
ORD100215,2025-08-24,CUST1059,32.0,Female,East,Electronics,Smartwatch,1.0,171.7,10.0,Credit Card,3.0,154.53,2025-08-01,26-35
ORD102600,2025-08-24,CUST2013,45.0,Female,West,Electronics,Smartwatch,1.0,182.28,0.0,Net Banking,4.0,182.28,2025-08-01,36-45
ORD101909,2025-08-25,CUST1340,36.0,Male,East,Clothing,T-Shirt,2.0,61.75,0.0,Cash on Delivery,4.0,123.5,2025-08-01,36-45
ORD101834,2025-08-25,CUST1335,42.0,Male,West,Beauty,Lipstick Set,4.0,11.93,5.0,Credit Card,5.0,45.33,2025-08-01,36-45
ORD100809,2025-08-25,CUST1151,27.0,Male,East,Home & Kitchen,Bedsheet Set,1.0,105.79,10.0,Debit Card,5.0,95.21,2025-08-01,26-35
ORD100128,2025-08-25,CUST2132,55.0,Male,South,Sports,Water Bottle,3.0,72.34,15.0,Credit Card,4.0,184.47,2025-08-01,46-55
ORD102519,2025-08-25,CUST1828,25.0,Female,North,Sports,Yoga Mat,1.0,34.79,5.0,Debit Card,3.0,33.05,2025-08-01,18-25
ORD102959,2025-08-25,CUST1868,18.0,Female,West,Electronics,Headphones,1.0,340.31,0.0,Debit Card,2.0,340.31,2025-08-01,18-25
ORD101421,2025-08-25,CUST1564,52.0,Male,East,Sports,Yoga Mat,1.0,59.32,15.0,UPI,4.0,50.42,2025-08-01,46-55
ORD102029,2025-08-25,CUST1318,29.0,Female,North,Clothing,Sneakers,4.0,41.43,20.0,UPI,4.0,132.58,2025-08-01,26-35
ORD101399,2025-08-25,CUST1336,53.0,Female,East,Home & Kitchen,Desk Lamp,1.0,75.66,5.0,Credit Card,4.0,71.88,2025-08-01,46-55
ORD102053,2025-08-26,CUST1018,18.0,Male,West,Electronics,Headphones,4.0,103.58,0.0,UPI,4.0,414.32,2025-08-01,18-25
ORD102437,2025-08-26,CUST1909,35.0,Female,South,Electronics,Bluetooth Speaker,1.0,155.59,0.0,Net Banking,4.0,155.59,2025-08-01,26-35
ORD101041,2025-08-26,CUST1407,39.0,Female,South,Electronics,Bluetooth Speaker,1.0,190.55,5.0,UPI,3.0,181.02,2025-08-01,36-45
ORD101012,2025-08-26,CUST2039,34.0,Female,South,Clothing,T-Shirt,3.0,61.31,0.0,Cash on Delivery,4.0,183.93,2025-08-01,26-35
ORD100527,2025-08-26,CUST1487,38.0,Female,South,Clothing,T-Shirt,1.0,29.28,0.0,Credit Card,5.0,29.28,2025-08-01,36-45
ORD102200,2025-08-27,CUST1788,30.0,Female,West,Clothing,Jeans,1.0,53.24,0.0,Net Banking,5.0,53.24,2025-08-01,26-35
ORD102857,2025-08-27,CUST2131,36.0,Male,North,Home & Kitchen,Desk Lamp,1.0,46.46,10.0,Credit Card,4.0,41.81,2025-08-01,36-45
ORD102032,2025-08-27,CUST1496,34.0,Female,South,Home & Kitchen,Air Fryer,4.0,36.74,10.0,Net Banking,5.0,132.26,2025-08-01,26-35
ORD101212,2025-08-27,CUST2039,44.0,Female,East,Clothing,Jeans,2.0,52.28,5.0,Cash on Delivery,5.0,99.33,2025-08-01,36-45
ORD101709,2025-08-27,CUST1876,36.0,Male,West,Beauty,Hair Dryer,1.0,27.37,5.0,Debit Card,3.0,26.0,2025-08-01,36-45
ORD101367,2025-08-27,CUST1947,41.0,Male,North,Home & Kitchen,Desk Lamp,1.0,99.57,10.0,UPI,4.0,89.61,2025-08-01,36-45
ORD102265,2025-08-27,CUST1737,36.0,Female,West,Home & Kitchen,Cookware Set,3.0,64.72,10.0,UPI,5.0,174.74,2025-08-01,36-45
ORD101933,2025-08-27,CUST1750,36.0,Female,Unknown,Beauty,Face Cream,1.0,31.97,20.0,UPI,4.0,25.58,2025-08-01,36-45
ORD102627,2025-08-27,CUST1186,52.0,Male,South,Sports,Water Bottle,4.0,26.43,25.0,Credit Card,3.0,79.29,2025-08-01,46-55
ORD100213,2025-08-27,CUST1842,18.0,Male,West,Home & Kitchen,Air Fryer,2.0,79.48,10.0,UPI,5.0,143.06,2025-08-01,18-25
ORD101902,2025-08-27,CUST2159,29.0,Male,West,Clothing,Sneakers,1.0,64.15,0.0,Credit Card,5.0,64.15,2025-08-01,26-35
ORD100586,2025-08-27,CUST1175,36.0,Female,South,Sports,Water Bottle,2.0,42.21,5.0,Net Banking,5.0,80.2,2025-08-01,36-45
ORD102928,2025-08-28,CUST1047,27.0,Female,North,Sports,Running Shoes,4.0,49.23,10.0,Cash on Delivery,5.0,177.23,2025-08-01,26-35
ORD100947,2025-08-28,CUST1466,39.0,Male,East,Sports,Running Shoes,2.0,57.51,0.0,Cash on Delivery,5.0,115.02,2025-08-01,36-45
ORD100106,2025-08-28,CUST1467,26.0,Male,North,Home & Kitchen,Cookware Set,2.0,112.28,0.0,Debit Card,4.0,224.56,2025-08-01,26-35
ORD101161,2025-08-28,CUST1089,37.0,Male,North,Sports,Water Bottle,1.0,79.3,5.0,UPI,4.0,75.33,2025-08-01,36-45
ORD101328,2025-08-28,CUST2081,42.0,Female,South,Clothing,T-Shirt,3.0,80.06,0.0,UPI,3.0,240.18,2025-08-01,36-45
ORD100110,2025-08-28,CUST1993,42.0,Male,East,Clothing,Jeans,1.0,33.19,15.0,UPI,4.0,28.21,2025-08-01,36-45
ORD100323,2025-08-28,CUST1455,31.0,Male,East,Beauty,Perfume,3.0,52.78,15.0,UPI,3.0,134.59,2025-08-01,26-35
ORD101224,2025-08-28,CUST1723,47.0,Male,West,Beauty,Hair Dryer,1.0,15.89,0.0,UPI,5.0,15.89,2025-08-01,46-55
ORD100810,2025-08-28,CUST1879,40.0,Female,West,Electronics,Bluetooth Speaker,2.0,154.82,10.0,Net Banking,3.0,278.68,2025-08-01,36-45
ORD100376,2025-08-28,CUST1993,54.0,Male,West,Home & Kitchen,Bedsheet Set,1.0,91.24,5.0,UPI,4.0,86.68,2025-08-01,46-55
ORD101523,2025-08-28,CUST1059,37.0,Male,West,Sports,Yoga Mat,3.0,20.41,25.0,UPI,5.0,45.92,2025-08-01,36-45
ORD102233,2025-08-28,CUST1256,35.0,Male,South,Clothing,Jeans,1.0,43.86,5.0,UPI,4.0,41.67,2025-08-01,26-35
ORD102563,2025-08-29,CUST1409,45.0,Female,North,Electronics,Headphones,1.0,221.95,0.0,Credit Card,4.0,221.95,2025-08-01,36-45
ORD101250,2025-08-29,CUST2187,29.0,Female,West,Beauty,Perfume,4.0,29.66,0.0,Net Banking,3.0,118.64,2025-08-01,26-35
ORD102603,2025-08-29,CUST1017,32.0,Male,North,Clothing,Jeans,4.0,57.44,10.0,UPI,5.0,206.78,2025-08-01,26-35
ORD102061,2025-08-29,CUST1711,60.0,Male,West,Clothing,T-Shirt,1.0,62.78,0.0,Credit Card,5.0,62.78,2025-08-01,56+
ORD100458,2025-08-29,CUST1765,36.0,Male,Unknown,Clothing,Jeans,3.0,28.65,20.0,UPI,5.0,68.76,2025-08-01,36-45
ORD100754,2025-08-29,CUST2135,36.0,Male,Unknown,Home & Kitchen,Cookware Set,2.0,70.17,20.0,Debit Card,4.0,112.27,2025-08-01,36-45
ORD102335,2025-08-29,CUST1808,46.0,Male,North,Clothing,Jacket,1.0,37.18,0.0,Cash on Delivery,3.0,37.18,2025-08-01,46-55
ORD100139,2025-08-29,CUST1671,41.0,Male,South,Electronics,Headphones,3.0,41.7,0.0,Debit Card,5.0,125.1,2025-08-01,36-45
ORD101681,2025-08-30,CUST1540,30.0,Female,South,Beauty,Perfume,1.0,42.58,5.0,UPI,4.0,40.45,2025-08-01,26-35
ORD100643,2025-08-30,CUST1106,18.0,Female,West,Clothing,Jacket,1.0,64.23,0.0,Credit Card,5.0,64.23,2025-08-01,18-25
ORD102259,2025-08-30,CUST1240,24.0,Male,North,Electronics,Bluetooth Speaker,2.0,254.26,25.0,Net Banking,5.0,381.39,2025-08-01,18-25
ORD100165,2025-08-30,CUST1537,18.0,Female,North,Clothing,Jeans,2.0,96.65,5.0,UPI,4.0,183.64,2025-08-01,18-25
ORD101454,2025-08-30,CUST1882,45.0,Male,South,Clothing,Jeans,2.0,21.55,15.0,UPI,4.0,36.64,2025-08-01,36-45
ORD100206,2025-08-30,CUST1593,57.0,Male,West,Clothing,Jacket,1.0,75.7,15.0,UPI,4.0,64.34,2025-08-01,56+
ORD100477,2025-08-30,CUST1947,36.0,Male,West,Electronics,Smartwatch,3.0,66.68,15.0,Cash on Delivery,4.0,170.03,2025-08-01,36-45
ORD102201,2025-08-30,CUST2169,28.0,Male,East,Home & Kitchen,Air Fryer,1.0,58.76,5.0,Credit Card,4.0,55.82,2025-08-01,26-35
ORD101321,2025-08-30,CUST1166,54.0,Female,West,Beauty,Perfume,1.0,49.92,15.0,Credit Card,4.0,42.43,2025-08-01,46-55
ORD101739,2025-08-30,CUST1509,29.0,Female,East,Sports,Running Shoes,2.0,33.79,10.0,Debit Card,4.0,60.82,2025-08-01,26-35
ORD102427,2025-08-31,CUST1431,43.0,Male,North,Clothing,Sneakers,2.0,67.49,0.0,Net Banking,4.0,134.98,2025-08-01,36-45
ORD102460,2025-08-31,CUST1258,25.0,Female,North,Home & Kitchen,Bedsheet Set,3.0,60.76,0.0,UPI,4.0,182.28,2025-08-01,18-25
ORD101324,2025-08-31,CUST2047,39.0,Male,South,Clothing,T-Shirt,1.0,51.09,0.0,Credit Card,4.0,51.09,2025-08-01,36-45
ORD100218,2025-08-31,CUST1219,43.0,Male,West,Electronics,Tablet,3.0,223.23,5.0,Credit Card,5.0,636.21,2025-08-01,36-45
ORD102628,2025-09-01,CUST1534,39.0,Female,East,Electronics,Headphones,1.0,93.11,20.0,Net Banking,5.0,74.49,2025-09-01,36-45
ORD100424,2025-09-01,CUST1418,42.0,Male,East,Electronics,Headphones,1.0,174.13,0.0,Credit Card,4.0,174.13,2025-09-01,36-45
ORD100731,2025-09-01,CUST1905,25.0,Female,South,Electronics,Smartwatch,2.0,175.25,15.0,Credit Card,5.0,297.92,2025-09-01,18-25
ORD101415,2025-09-01,CUST1843,48.0,Female,North,Electronics,Smartwatch,1.0,206.86,0.0,UPI,3.0,206.86,2025-09-01,46-55
ORD101598,2025-09-01,CUST1055,18.0,Male,South,Home & Kitchen,Desk Lamp,4.0,39.3,5.0,Credit Card,4.0,149.34,2025-09-01,18-25
ORD100533,2025-09-01,CUST2038,33.0,Female,North,Clothing,Jacket,2.0,66.49,0.0,Debit Card,4.0,132.98,2025-09-01,26-35
ORD102962,2025-09-02,CUST1878,31.0,Female,North,Electronics,Headphones,2.0,170.4,5.0,Credit Card,3.0,323.76,2025-09-01,26-35
ORD100464,2025-09-02,CUST1944,33.0,Female,South,Home & Kitchen,Cookware Set,1.0,66.0,0.0,UPI,4.0,66.0,2025-09-01,26-35
ORD101545,2025-09-02,CUST1993,39.0,Female,East,Clothing,T-Shirt,2.0,86.03,5.0,UPI,5.0,163.46,2025-09-01,36-45
ORD100030,2025-09-02,CUST1365,34.0,Male,Unknown,Electronics,Headphones,1.0,174.28,5.0,Credit Card,3.0,165.57,2025-09-01,26-35
ORD102605,2025-09-02,CUST1926,25.0,Female,East,Clothing,Jeans,1.0,61.1,5.0,Net Banking,5.0,58.04,2025-09-01,18-25
ORD102887,2025-09-02,CUST1886,31.0,Male,South,Home & Kitchen,Bedsheet Set,1.0,49.83,15.0,UPI,3.0,42.36,2025-09-01,26-35
ORD101255,2025-09-02,CUST1966,36.0,Male,South,Electronics,Tablet,1.0,150.03,0.0,Cash on Delivery,4.0,150.03,2025-09-01,36-45
ORD102819,2025-09-03,CUST1494,24.0,Male,North,Home & Kitchen,Desk Lamp,4.0,26.57,0.0,UPI,5.0,106.28,2025-09-01,18-25
ORD101552,2025-09-03,CUST1256,33.0,Female,South,Home & Kitchen,Cookware Set,4.0,63.2,0.0,UPI,4.0,252.8,2025-09-01,26-35
ORD102793,2025-09-03,CUST1018,18.0,Male,West,Electronics,Smartwatch,5.0,148.94,0.0,UPI,4.0,744.7,2025-09-01,18-25
ORD101550,2025-09-03,CUST1181,36.0,Male,West,Clothing,Sneakers,3.0,56.45,10.0,Credit Card,4.0,152.42,2025-09-01,36-45
ORD101702,2025-09-03,CUST1149,36.0,Male,South,Beauty,Lipstick Set,1.0,51.19,10.0,Debit Card,4.0,46.07,2025-09-01,36-45
ORD102353,2025-09-03,CUST1374,56.0,Female,South,Sports,Dumbbell Set,5.0,46.26,20.0,UPI,5.0,185.04,2025-09-01,56+
ORD101014,2025-09-03,CUST1874,31.0,Female,Unknown,Clothing,Sneakers,1.0,59.47,5.0,Cash on Delivery,4.0,56.5,2025-09-01,26-35
ORD101955,2025-09-03,CUST1557,36.0,Male,East,Sports,Running Shoes,2.0,46.58,0.0,Credit Card,4.0,93.16,2025-09-01,36-45
ORD100237,2025-09-03,CUST1449,56.0,Male,East,Beauty,Perfume,1.0,37.38,20.0,Credit Card,3.0,29.9,2025-09-01,56+
ORD101733,2025-09-03,CUST1514,35.0,Female,South,Clothing,Jacket,2.0,55.97,10.0,Debit Card,4.0,100.75,2025-09-01,26-35
ORD101386,2025-09-04,CUST1769,36.0,Female,East,Electronics,Headphones,1.0,129.59,5.0,UPI,4.0,123.11,2025-09-01,36-45
ORD100461,2025-09-04,CUST1899,32.0,Male,East,Clothing,Sneakers,2.0,65.95,20.0,UPI,4.0,105.52,2025-09-01,26-35
ORD101828,2025-09-04,CUST2157,35.0,Female,South,Home & Kitchen,Bedsheet Set,1.0,120.99,10.0,Cash on Delivery,4.0,108.89,2025-09-01,26-35
ORD102280,2025-09-04,CUST1426,33.0,Female,West,Clothing,Jacket,5.0,25.89,10.0,Credit Card,4.0,116.5,2025-09-01,26-35
ORD100247,2025-09-04,CUST1577,38.0,Female,West,Clothing,Sneakers,2.0,28.49,5.0,Net Banking,4.0,54.13,2025-09-01,36-45
ORD101444,2025-09-04,CUST1052,43.0,Male,East,Electronics,Tablet,2.0,198.88,5.0,Credit Card,4.0,377.87,2025-09-01,36-45
ORD102322,2025-09-04,CUST1446,42.0,Male,West,Sports,Running Shoes,2.0,52.18,0.0,UPI,3.0,104.36,2025-09-01,36-45
ORD100724,2025-09-04,CUST1331,39.0,Female,South,Beauty,Lipstick Set,3.0,41.29,25.0,Credit Card,5.0,92.9,2025-09-01,36-45
ORD100301,2025-09-04,CUST2000,36.0,Female,North,Beauty,Lipstick Set,3.0,55.26,0.0,Credit Card,3.0,165.78,2025-09-01,36-45
ORD100017,2025-09-04,CUST2103,32.0,Male,East,Clothing,T-Shirt,3.0,37.2,5.0,UPI,4.0,106.02,2025-09-01,26-35
ORD102604,2025-09-05,CUST1008,37.0,Male,Unknown,Home & Kitchen,Bedsheet Set,2.0,51.52,5.0,Debit Card,3.0,97.89,2025-09-01,36-45
ORD101917,2025-09-05,CUST1021,30.0,Female,East,Clothing,Jacket,3.0,62.61,10.0,Credit Card,5.0,169.05,2025-09-01,26-35
ORD101546,2025-09-05,CUST1515,43.0,Female,North,Sports,Water Bottle,2.0,16.0,0.0,Credit Card,5.0,32.0,2025-09-01,36-45
ORD102354,2025-09-05,CUST1348,51.0,Male,West,Beauty,Perfume,2.0,56.56,5.0,Cash on Delivery,5.0,107.46,2025-09-01,46-55
ORD100183,2025-09-05,CUST1962,21.0,Male,North,Sports,Yoga Mat,1.0,41.41,5.0,Debit Card,5.0,39.34,2025-09-01,18-25
ORD101215,2025-09-05,CUST1532,18.0,Female,Unknown,Clothing,Sneakers,2.0,54.18,0.0,Net Banking,5.0,108.36,2025-09-01,18-25
ORD100806,2025-09-05,CUST1066,18.0,Male,Unknown,Clothing,Jacket,1.0,42.94,5.0,Credit Card,5.0,40.79,2025-09-01,18-25
ORD101442,2025-09-06,CUST1684,50.0,Female,East,Clothing,Jacket,1.0,54.54,15.0,Debit Card,4.0,46.36,2025-09-01,46-55
ORD100234,2025-09-06,CUST1721,51.0,Male,West,Clothing,Jeans,1.0,92.02,0.0,Cash on Delivery,4.0,92.02,2025-09-01,46-55
ORD102752,2025-09-06,CUST1270,32.0,Female,East,Clothing,Jacket,1.0,56.01,10.0,Cash on Delivery,3.0,50.41,2025-09-01,26-35
ORD102127,2025-09-06,CUST1406,31.0,Male,East,Clothing,Jacket,1.0,39.26,10.0,UPI,5.0,35.33,2025-09-01,26-35
ORD100701,2025-09-06,CUST1825,30.0,Male,North,Clothing,Jeans,1.0,45.14,20.0,Credit Card,4.0,36.11,2025-09-01,26-35
ORD101974,2025-09-06,CUST2027,26.0,Female,South,Clothing,Jeans,1.0,79.86,0.0,Cash on Delivery,5.0,79.86,2025-09-01,26-35
ORD101796,2025-09-07,CUST2018,46.0,Male,West,Clothing,Sneakers,1.0,84.49,5.0,Net Banking,5.0,80.27,2025-09-01,46-55
ORD101797,2025-09-07,CUST1959,36.0,Female,South,Clothing,Jacket,1.0,14.53,15.0,Net Banking,4.0,12.35,2025-09-01,36-45
ORD101596,2025-09-07,CUST1016,22.0,Male,South,Electronics,Bluetooth Speaker,3.0,172.09,15.0,Net Banking,4.0,438.83,2025-09-01,18-25
ORD100847,2025-09-07,CUST1267,39.0,Female,West,Home & Kitchen,Cookware Set,2.0,27.05,0.0,Net Banking,4.0,54.1,2025-09-01,36-45
ORD101738,2025-09-07,CUST1590,31.0,Male,South,Electronics,Smartwatch,5.0,247.54,0.0,Net Banking,5.0,1237.7,2025-09-01,26-35
ORD100136,2025-09-07,CUST1092,53.0,Male,North,Electronics,Headphones,2.0,192.82,0.0,Debit Card,4.0,385.64,2025-09-01,46-55
ORD100619,2025-09-07,CUST1024,34.0,Male,South,Clothing,Sneakers,1.0,47.45,15.0,Debit Card,5.0,40.33,2025-09-01,26-35
ORD101881,2025-09-07,CUST1572,48.0,Female,North,Beauty,Face Cream,5.0,30.83,10.0,UPI,5.0,138.73,2025-09-01,46-55
ORD102051,2025-09-08,CUST1881,30.0,Male,East,Clothing,Jeans,1.0,20.47,20.0,Credit Card,3.0,16.38,2025-09-01,26-35
ORD102313,2025-09-08,CUST2145,31.0,Male,North,Sports,Water Bottle,1.0,18.7,0.0,UPI,5.0,18.7,2025-09-01,26-35
ORD101700,2025-09-08,CUST1332,70.0,Female,South,Sports,Dumbbell Set,3.0,38.3,25.0,Net Banking,4.0,86.18,2025-09-01,56+
ORD102375,2025-09-08,CUST1352,49.0,Male,West,Electronics,Headphones,1.0,97.23,15.0,Credit Card,4.0,82.65,2025-09-01,46-55
ORD100797,2025-09-08,CUST1590,38.0,Female,South,Beauty,Perfume,4.0,21.08,0.0,Credit Card,5.0,84.32,2025-09-01,36-45
ORD100308,2025-09-08,CUST1148,39.0,Male,North,Clothing,Sneakers,2.0,62.58,0.0,Debit Card,5.0,125.16,2025-09-01,36-45
ORD100307,2025-09-08,CUST1536,45.0,Male,West,Sports,Water Bottle,2.0,48.6,0.0,Debit Card,4.0,97.2,2025-09-01,36-45
ORD101764,2025-09-08,CUST1371,39.0,Female,North,Clothing,Jeans,3.0,33.73,0.0,UPI,4.0,101.19,2025-09-01,36-45
ORD101188,2025-09-09,CUST1456,42.0,Female,West,Electronics,Smartwatch,1.0,177.97,25.0,Cash on Delivery,4.0,133.48,2025-09-01,36-45
ORD101763,2025-09-09,CUST1919,34.0,Female,North,Home & Kitchen,Cookware Set,2.0,68.54,5.0,Cash on Delivery,4.0,130.23,2025-09-01,26-35
ORD101855,2025-09-09,CUST1544,48.0,Male,West,Sports,Running Shoes,4.0,82.79,5.0,Net Banking,4.0,314.6,2025-09-01,46-55
ORD100280,2025-09-09,CUST1184,34.0,Male,West,Electronics,Headphones,3.0,215.62,15.0,Credit Card,3.0,549.83,2025-09-01,26-35
ORD102152,2025-09-09,CUST1943,40.0,Male,South,Sports,Running Shoes,1.0,32.21,0.0,Cash on Delivery,5.0,32.21,2025-09-01,36-45
ORD100292,2025-09-09,CUST1556,36.0,Male,South,Home & Kitchen,Bedsheet Set,3.0,60.03,0.0,Credit Card,4.0,180.09,2025-09-01,36-45
ORD100585,2025-09-09,CUST1958,41.0,Male,West,Beauty,Perfume,1.0,42.56,10.0,Cash on Delivery,3.0,38.3,2025-09-01,36-45
ORD102345,2025-09-09,CUST1660,33.0,Female,North,Home & Kitchen,Cookware Set,3.0,53.3,20.0,Debit Card,4.0,127.92,2025-09-01,26-35
ORD102583,2025-09-10,CUST1707,33.0,Female,East,Clothing,Jeans,1.0,67.31,0.0,UPI,4.0,67.31,2025-09-01,26-35
ORD100647,2025-09-10,CUST1553,18.0,Female,West,Clothing,T-Shirt,1.0,12.75,0.0,Cash on Delivery,5.0,12.75,2025-09-01,18-25
ORD100313,2025-09-10,CUST1296,46.0,Female,Unknown,Beauty,Face Cream,3.0,47.69,0.0,Credit Card,4.0,143.07,2025-09-01,46-55
ORD101308,2025-09-10,CUST1473,33.0,Female,East,Home & Kitchen,Bedsheet Set,1.0,77.69,0.0,Net Banking,3.0,77.69,2025-09-01,26-35
ORD100845,2025-09-10,CUST2033,18.0,Female,East,Sports,Water Bottle,2.0,50.2,10.0,UPI,3.0,90.36,2025-09-01,18-25
ORD100373,2025-09-10,CUST1800,18.0,Female,East,Electronics,Bluetooth Speaker,1.0,148.98,5.0,Net Banking,3.0,141.53,2025-09-01,18-25
ORD100446,2025-09-10,CUST1746,18.0,Male,South,Electronics,Headphones,2.0,172.92,0.0,Credit Card,4.0,345.84,2025-09-01,18-25
ORD101177,2025-09-10,CUST1391,23.0,Male,South,Home & Kitchen,Air Fryer,1.0,63.89,0.0,Credit Card,4.0,63.89,2025-09-01,18-25
ORD101703,2025-09-10,CUST1586,32.0,Male,South,Clothing,Sneakers,5.0,45.17,20.0,Cash on Delivery,4.0,180.68,2025-09-01,26-35
ORD100513,2025-09-11,CUST2119,36.0,Male,East,Clothing,Sneakers,1.0,81.39,0.0,UPI,4.0,81.39,2025-09-01,36-45
ORD100924,2025-09-11,CUST1177,38.0,Female,South,Clothing,T-Shirt,1.0,61.96,25.0,Debit Card,4.0,46.47,2025-09-01,36-45
ORD101972,2025-09-11,CUST1019,36.0,Female,South,Clothing,Jacket,4.0,63.73,10.0,UPI,5.0,229.43,2025-09-01,36-45
ORD100768,2025-09-11,CUST1862,18.0,Female,North,Clothing,Jeans,2.0,61.58,15.0,Credit Card,5.0,104.69,2025-09-01,18-25
ORD102198,2025-09-11,CUST1380,37.0,Female,East,Home & Kitchen,Cookware Set,3.0,58.65,0.0,UPI,5.0,175.95,2025-09-01,36-45
ORD102415,2025-09-12,CUST2089,36.0,Female,North,Sports,Yoga Mat,1.0,49.29,0.0,Credit Card,4.0,49.29,2025-09-01,36-45
ORD101097,2025-09-12,CUST2157,49.0,Female,West,Sports,Running Shoes,1.0,76.81,0.0,Credit Card,3.0,76.81,2025-09-01,46-55
ORD102500,2025-09-12,CUST1183,46.0,Male,North,Electronics,Smartwatch,1.0,156.07,20.0,Credit Card,5.0,124.86,2025-09-01,46-55
ORD100978,2025-09-12,CUST2096,47.0,Female,East,Clothing,T-Shirt,1.0,25.06,10.0,Debit Card,4.0,22.55,2025-09-01,46-55
ORD102245,2025-09-12,CUST1525,37.0,Male,North,Electronics,Bluetooth Speaker,3.0,150.04,5.0,UPI,5.0,427.61,2025-09-01,36-45
ORD102988,2025-09-12,CUST1752,40.0,Female,West,Beauty,Lipstick Set,1.0,46.82,10.0,Credit Card,4.0,42.14,2025-09-01,36-45
ORD101530,2025-09-12,CUST1011,36.0,Male,West,Sports,Water Bottle,1.0,53.42,25.0,UPI,4.0,40.06,2025-09-01,36-45
ORD101231,2025-09-12,CUST1684,36.0,Female,North,Sports,Running Shoes,1.0,51.23,0.0,UPI,4.0,51.23,2025-09-01,36-45
ORD101554,2025-09-12,CUST1920,63.0,Male,West,Home & Kitchen,Bedsheet Set,3.0,102.7,0.0,Credit Card,5.0,308.1,2025-09-01,56+
ORD100406,2025-09-13,CUST1867,36.0,Female,West,Clothing,T-Shirt,1.0,107.31,0.0,UPI,4.0,107.31,2025-09-01,36-45
ORD102058,2025-09-13,CUST2082,45.0,Female,East,Home & Kitchen,Bedsheet Set,1.0,84.47,10.0,UPI,4.0,76.02,2025-09-01,36-45
ORD101437,2025-09-13,CUST1096,30.0,Male,North,Beauty,Hair Dryer,1.0,27.19,20.0,UPI,5.0,21.75,2025-09-01,26-35
ORD100405,2025-09-13,CUST1862,42.0,Male,North,Sports,Running Shoes,1.0,46.25,0.0,Debit Card,4.0,46.25,2025-09-01,36-45
ORD102643,2025-09-13,CUST1621,27.0,Male,West,Clothing,Jeans,4.0,86.4,5.0,UPI,5.0,328.32,2025-09-01,26-35
ORD101070,2025-09-13,CUST1646,46.0,Female,South,Clothing,Jeans,4.0,63.41,0.0,Cash on Delivery,4.0,253.64,2025-09-01,46-55
ORD101925,2025-09-13,CUST1366,27.0,Female,West,Electronics,Smartwatch,1.0,192.82,10.0,Debit Card,3.0,173.54,2025-09-01,26-35
ORD102921,2025-09-13,CUST1951,38.0,Female,West,Electronics,Bluetooth Speaker,4.0,120.29,25.0,UPI,5.0,360.87,2025-09-01,36-45
ORD102174,2025-09-13,CUST1111,53.0,Male,West,Sports,Yoga Mat,1.0,45.63,0.0,UPI,5.0,45.63,2025-09-01,46-55
ORD100349,2025-09-13,CUST1230,30.0,Female,West,Beauty,Hair Dryer,2.0,35.83,0.0,UPI,4.0,71.66,2025-09-01,26-35
ORD102170,2025-09-13,CUST1720,32.0,Male,East,Home & Kitchen,Air Fryer,2.0,81.64,5.0,Credit Card,5.0,155.12,2025-09-01,26-35
ORD102101,2025-09-14,CUST1529,33.0,Male,Unknown,Electronics,Headphones,3.0,225.19,10.0,Credit Card,3.0,608.01,2025-09-01,26-35
ORD102740,2025-09-14,CUST1433,36.0,Female,Unknown,Clothing,Jeans,1.0,5.0,0.0,Credit Card,4.0,5.0,2025-09-01,36-45
ORD100943,2025-09-14,CUST2108,50.0,Female,East,Electronics,Headphones,2.0,252.65,0.0,Credit Card,3.0,505.3,2025-09-01,46-55
ORD102678,2025-09-14,CUST1067,43.0,Male,Unknown,Home & Kitchen,Cookware Set,2.0,99.34,10.0,Debit Card,5.0,178.81,2025-09-01,36-45
ORD100317,2025-09-15,CUST2159,28.0,Female,North,Clothing,Jeans,2.0,62.35,5.0,Credit Card,4.0,118.46,2025-09-01,26-35
ORD101626,2025-09-15,CUST1931,61.0,Male,North,Clothing,T-Shirt,1.0,85.58,0.0,UPI,4.0,85.58,2025-09-01,56+
ORD102862,2025-09-15,CUST1151,28.0,Male,West,Beauty,Lipstick Set,1.0,48.12,5.0,Debit Card,4.0,45.71,2025-09-01,26-35
ORD101768,2025-09-15,CUST1397,36.0,Female,West,Clothing,Jacket,3.0,54.54,0.0,Debit Card,3.0,163.62,2025-09-01,36-45
ORD101742,2025-09-15,CUST1363,40.0,Female,Unknown,Clothing,Jacket,2.0,47.1,10.0,Net Banking,2.0,84.78,2025-09-01,36-45
ORD100837,2025-09-15,CUST1274,29.0,Male,West,Sports,Yoga Mat,3.0,37.66,0.0,Credit Card,3.0,112.98,2025-09-01,26-35
ORD101471,2025-09-16,CUST2106,51.0,Female,North,Electronics,Tablet,1.0,75.34,0.0,Credit Card,4.0,75.34,2025-09-01,46-55
ORD102093,2025-09-16,CUST1812,33.0,Male,East,Home & Kitchen,Cookware Set,1.0,72.34,5.0,Cash on Delivery,4.0,68.72,2025-09-01,26-35
ORD102775,2025-09-16,CUST1326,30.0,Female,South,Electronics,Headphones,1.0,55.1,20.0,UPI,5.0,44.08,2025-09-01,26-35
ORD101841,2025-09-16,CUST1015,42.0,Female,West,Clothing,Jeans,2.0,52.92,10.0,UPI,5.0,95.26,2025-09-01,36-45
ORD100697,2025-09-16,CUST1796,36.0,Male,East,Sports,Yoga Mat,2.0,67.89,5.0,Cash on Delivery,3.0,128.99,2025-09-01,36-45
ORD102362,2025-09-16,CUST1382,18.0,Male,South,Sports,Water Bottle,1.0,18.9,0.0,Credit Card,3.0,18.9,2025-09-01,18-25
ORD102251,2025-09-16,CUST1692,45.0,Male,West,Electronics,Smartwatch,1.0,242.94,5.0,Credit Card,4.0,230.79,2025-09-01,36-45
ORD101105,2025-09-17,CUST2178,36.0,Male,South,Electronics,Bluetooth Speaker,3.0,10.13,15.0,Debit Card,4.0,25.83,2025-09-01,36-45
ORD100965,2025-09-17,CUST1199,40.0,Male,West,Sports,Water Bottle,1.0,43.64,10.0,UPI,4.0,39.28,2025-09-01,36-45
ORD100932,2025-09-17,CUST1078,46.0,Male,South,Home & Kitchen,Air Fryer,1.0,62.43,0.0,UPI,3.0,62.43,2025-09-01,46-55
ORD100058,2025-09-17,CUST1442,27.0,Male,South,Clothing,Jeans,4.0,32.57,5.0,Credit Card,5.0,123.77,2025-09-01,26-35
ORD102591,2025-09-17,CUST1685,49.0,Female,East,Sports,Dumbbell Set,2.0,56.33,0.0,UPI,5.0,112.66,2025-09-01,46-55
ORD102879,2025-09-17,CUST1573,40.0,Male,South,Home & Kitchen,Cookware Set,4.0,41.12,10.0,Cash on Delivery,4.0,148.03,2025-09-01,36-45
ORD102146,2025-09-17,CUST2048,42.0,Male,East,Beauty,Face Cream,1.0,47.14,0.0,Credit Card,4.0,47.14,2025-09-01,36-45
ORD100848,2025-09-17,CUST1765,36.0,Male,North,Home & Kitchen,Cookware Set,1.0,67.26,0.0,Credit Card,5.0,67.26,2025-09-01,36-45
ORD100805,2025-09-17,CUST2133,58.0,Female,South,Sports,Running Shoes,2.0,54.63,15.0,UPI,4.0,92.87,2025-09-01,56+
ORD100748,2025-09-17,CUST1200,50.0,Female,South,Beauty,Perfume,3.0,34.96,5.0,UPI,3.0,99.64,2025-09-01,46-55
ORD100636,2025-09-18,CUST1802,32.0,Female,North,Home & Kitchen,Bedsheet Set,1.0,71.11,5.0,Credit Card,5.0,67.55,2025-09-01,26-35
ORD102033,2025-09-18,CUST1100,26.0,Male,West,Clothing,T-Shirt,3.0,68.05,10.0,Credit Card,5.0,183.74,2025-09-01,26-35
ORD100421,2025-09-18,CUST1180,54.0,Female,North,Clothing,T-Shirt,2.0,51.41,5.0,Net Banking,2.0,97.68,2025-09-01,46-55
ORD100603,2025-09-18,CUST1326,27.0,Female,West,Beauty,Face Cream,3.0,21.33,5.0,Credit Card,4.0,60.79,2025-09-01,26-35
ORD101349,2025-09-18,CUST1845,36.0,Male,East,Clothing,T-Shirt,2.0,18.66,0.0,Cash on Delivery,3.0,37.32,2025-09-01,36-45
ORD101169,2025-09-18,CUST2035,41.0,Male,North,Clothing,Jeans,1.0,50.82,0.0,Credit Card,4.0,50.82,2025-09-01,36-45
ORD101379,2025-09-18,CUST1364,23.0,Male,West,Home & Kitchen,Air Fryer,2.0,73.87,5.0,Debit Card,5.0,140.35,2025-09-01,18-25
ORD100109,2025-09-18,CUST1899,47.0,Female,East,Electronics,Headphones,1.0,202.79,5.0,UPI,5.0,192.65,2025-09-01,46-55
ORD102697,2025-09-18,CUST1369,27.0,Female,West,Electronics,Smartwatch,1.0,69.4,25.0,Debit Card,5.0,52.05,2025-09-01,26-35
ORD100915,2025-09-19,CUST1595,40.0,Male,Unknown,Clothing,Sneakers,1.0,75.49,20.0,Debit Card,3.0,60.39,2025-09-01,36-45
ORD100380,2025-09-19,CUST2050,37.0,Male,East,Beauty,Hair Dryer,1.0,28.6,15.0,Credit Card,5.0,24.31,2025-09-01,36-45
ORD102475,2025-09-19,CUST2164,20.0,Male,South,Clothing,T-Shirt,1.0,101.28,0.0,Cash on Delivery,3.0,101.28,2025-09-01,18-25
ORD101773,2025-09-19,CUST1507,38.0,Female,South,Clothing,Sneakers,1.0,50.15,5.0,Credit Card,4.0,47.64,2025-09-01,36-45
ORD102828,2025-09-19,CUST1665,18.0,Male,South,Electronics,Tablet,2.0,185.97,0.0,Credit Card,4.0,371.94,2025-09-01,18-25
ORD102416,2025-09-19,CUST1927,40.0,Male,West,Electronics,Tablet,3.0,238.57,15.0,UPI,3.0,608.35,2025-09-01,36-45
ORD100966,2025-09-19,CUST2033,45.0,Female,North,Beauty,Hair Dryer,2.0,47.3,0.0,Cash on Delivery,4.0,94.6,2025-09-01,36-45
ORD102185,2025-09-20,CUST1923,45.0,Female,South,Home & Kitchen,Desk Lamp,1.0,84.32,20.0,Credit Card,4.0,67.46,2025-09-01,36-45
ORD100639,2025-09-20,CUST2039,32.0,Male,South,Home & Kitchen,Air Fryer,3.0,67.79,0.0,Net Banking,5.0,203.37,2025-09-01,26-35
ORD100828,2025-09-20,CUST1460,39.0,Male,East,Clothing,Jacket,5.0,11.97,10.0,UPI,4.0,53.86,2025-09-01,36-45
ORD100620,2025-09-20,CUST2038,48.0,Female,West,Sports,Running Shoes,1.0,54.18,15.0,UPI,3.0,46.05,2025-09-01,46-55
ORD101347,2025-09-20,CUST2113,18.0,Female,North,Beauty,Lipstick Set,1.0,31.33,0.0,UPI,5.0,31.33,2025-09-01,18-25
ORD101034,2025-09-20,CUST1684,36.0,Male,North,Home & Kitchen,Desk Lamp,1.0,108.02,20.0,Cash on Delivery,5.0,86.42,2025-09-01,36-45
ORD102978,2025-09-21,CUST2005,31.0,Male,East,Sports,Yoga Mat,1.0,92.89875,10.0,Debit Card,4.0,83.61,2025-09-01,26-35
ORD101313,2025-09-21,CUST1177,35.0,Female,West,Clothing,Sneakers,1.0,53.56,10.0,Net Banking,4.0,48.2,2025-09-01,26-35
ORD102653,2025-09-22,CUST1587,37.0,Male,East,Sports,Dumbbell Set,1.0,45.49,10.0,UPI,3.0,40.94,2025-09-01,36-45
ORD100168,2025-09-22,CUST1526,40.0,Male,East,Sports,Yoga Mat,2.0,67.15,10.0,UPI,3.0,120.87,2025-09-01,36-45
ORD102618,2025-09-22,CUST1565,52.0,Female,West,Sports,Water Bottle,4.0,52.76,10.0,Credit Card,4.0,189.94,2025-09-01,46-55
ORD102552,2025-09-22,CUST2181,37.0,Female,South,Clothing,Jeans,1.0,62.16,0.0,Debit Card,5.0,62.16,2025-09-01,36-45
ORD101827,2025-09-22,CUST1438,40.0,Male,West,Clothing,Sneakers,1.0,73.57,0.0,UPI,4.0,73.57,2025-09-01,36-45
ORD102379,2025-09-22,CUST1909,39.0,Male,North,Clothing,Sneakers,5.0,43.65,5.0,UPI,4.0,207.34,2025-09-01,36-45
ORD101674,2025-09-22,CUST1125,26.0,Male,West,Beauty,Hair Dryer,1.0,47.39,0.0,Credit Card,5.0,47.39,2025-09-01,26-35
ORD100240,2025-09-22,CUST2138,42.0,Female,West,Electronics,Smartwatch,2.0,192.82,0.0,Credit Card,4.0,385.64,2025-09-01,36-45
ORD102034,2025-09-23,CUST1106,26.0,Female,West,Electronics,Bluetooth Speaker,3.0,230.28,10.0,Cash on Delivery,3.0,621.76,2025-09-01,26-35
ORD100720,2025-09-23,CUST2100,45.0,Male,South,Clothing,Sneakers,1.0,55.65,0.0,Credit Card,3.0,55.65,2025-09-01,36-45
ORD100378,2025-09-23,CUST1188,18.0,Male,West,Electronics,Bluetooth Speaker,1.0,72.11,0.0,Net Banking,4.0,72.11,2025-09-01,18-25
ORD101539,2025-09-23,CUST1795,39.0,Female,East,Home & Kitchen,Bedsheet Set,4.0,101.53,10.0,Net Banking,5.0,365.51,2025-09-01,36-45
ORD100451,2025-09-23,CUST1561,43.0,Female,North,Sports,Yoga Mat,4.0,53.13,10.0,Debit Card,5.0,191.27,2025-09-01,36-45
ORD102783,2025-09-23,CUST1368,36.0,Male,West,Sports,Water Bottle,4.0,46.99,5.0,UPI,3.0,178.56,2025-09-01,36-45
ORD101460,2025-09-24,CUST1159,36.0,Female,North,Beauty,Lipstick Set,2.0,40.65,10.0,Debit Card,5.0,73.17,2025-09-01,36-45
ORD102140,2025-09-24,CUST1670,36.0,Male,East,Sports,Running Shoes,1.0,44.32,20.0,UPI,2.0,35.46,2025-09-01,36-45
ORD102985,2025-09-24,CUST1043,41.0,Male,North,Home & Kitchen,Air Fryer,3.0,78.4,0.0,UPI,4.0,235.2,2025-09-01,36-45
ORD101218,2025-09-24,CUST1645,26.0,Female,West,Beauty,Hair Dryer,1.0,46.4,10.0,Credit Card,4.0,41.76,2025-09-01,26-35
ORD102049,2025-09-24,CUST1647,32.0,Male,North,Home & Kitchen,Desk Lamp,5.0,52.02,15.0,Credit Card,4.0,221.08,2025-09-01,26-35
ORD101981,2025-09-25,CUST1102,49.0,Female,South,Clothing,Jeans,1.0,64.91,0.0,Credit Card,4.0,64.91,2025-09-01,46-55
ORD101468,2025-09-25,CUST1151,40.0,Male,West,Clothing,T-Shirt,2.0,69.41,0.0,Credit Card,3.0,138.82,2025-09-01,36-45
ORD102106,2025-09-25,CUST1081,24.0,Male,Unknown,Home & Kitchen,Bedsheet Set,3.0,71.4,0.0,UPI,3.0,214.2,2025-09-01,18-25
ORD100225,2025-09-25,CUST1194,43.0,Male,East,Home & Kitchen,Air Fryer,2.0,58.81,5.0,Net Banking,4.0,111.74,2025-09-01,36-45
ORD101590,2025-09-25,CUST1475,34.0,Male,South,Electronics,Headphones,3.0,275.77,5.0,Credit Card,4.0,785.94,2025-09-01,26-35
ORD100928,2025-09-25,CUST1339,34.0,Female,West,Sports,Yoga Mat,1.0,50.46,10.0,UPI,5.0,45.41,2025-09-01,26-35
ORD102056,2025-09-26,CUST1480,47.0,Male,West,Electronics,Bluetooth Speaker,4.0,174.54,5.0,Debit Card,5.0,663.25,2025-09-01,46-55
ORD102213,2025-09-26,CUST1264,32.0,Female,East,Electronics,Tablet,1.0,187.27,0.0,Credit Card,5.0,187.27,2025-09-01,26-35
ORD102696,2025-09-26,CUST1602,27.0,Female,South,Sports,Water Bottle,3.0,52.11,5.0,UPI,4.0,148.51,2025-09-01,26-35
ORD102781,2025-09-26,CUST1213,31.0,Female,South,Home & Kitchen,Desk Lamp,1.0,31.49,10.0,UPI,4.0,28.34,2025-09-01,26-35
ORD101366,2025-09-26,CUST1123,34.0,Female,North,Clothing,Jacket,1.0,61.94,5.0,UPI,5.0,58.84,2025-09-01,26-35
ORD102099,2025-09-27,CUST1308,45.0,Female,West,Sports,Dumbbell Set,3.0,31.29,10.0,Debit Card,4.0,84.48,2025-09-01,36-45
ORD101475,2025-09-27,CUST1293,26.0,Male,East,Home & Kitchen,Bedsheet Set,3.0,53.16,10.0,Debit Card,4.0,143.53,2025-09-01,26-35
ORD102684,2025-09-27,CUST1426,36.0,Female,North,Clothing,T-Shirt,5.0,52.42,20.0,UPI,3.0,209.68,2025-09-01,36-45
ORD100788,2025-09-27,CUST1227,51.0,Female,North,Clothing,Jeans,2.0,73.36,0.0,UPI,2.0,146.72,2025-09-01,46-55
ORD101883,2025-09-27,CUST1884,19.0,Female,North,Home & Kitchen,Cookware Set,4.0,82.61,15.0,Credit Card,4.0,280.87,2025-09-01,18-25
ORD100865,2025-09-27,CUST1832,40.0,Female,South,Electronics,Headphones,1.0,368.88,0.0,UPI,4.0,368.88,2025-09-01,36-45
ORD100539,2025-09-28,CUST2060,41.0,Male,East,Home & Kitchen,Bedsheet Set,3.0,77.16,0.0,Credit Card,5.0,231.48,2025-09-01,36-45
ORD101490,2025-09-28,CUST1607,32.0,Male,West,Beauty,Face Cream,2.0,32.09,0.0,Credit Card,4.0,64.18,2025-09-01,26-35
ORD101986,2025-09-28,CUST1583,18.0,Female,East,Electronics,Tablet,1.0,117.72,20.0,Credit Card,4.0,94.18,2025-09-01,18-25
ORD100439,2025-09-28,CUST1355,47.0,Male,North,Sports,Water Bottle,1.0,29.3,0.0,UPI,3.0,29.3,2025-09-01,46-55
ORD102350,2025-09-28,CUST1009,33.0,Female,East,Clothing,T-Shirt,1.0,77.54,0.0,Net Banking,4.0,77.54,2025-09-01,26-35
ORD101653,2025-09-28,CUST1265,35.0,Male,South,Beauty,Face Cream,4.0,30.98,0.0,Cash on Delivery,4.0,123.92,2025-09-01,26-35
ORD102499,2025-09-28,CUST1008,60.0,Female,North,Clothing,Jacket,5.0,60.0,25.0,Credit Card,5.0,225.0,2025-09-01,56+
ORD101363,2025-09-28,CUST1129,54.0,Female,West,Sports,Running Shoes,1.0,14.18,15.0,Cash on Delivery,5.0,12.05,2025-09-01,46-55
ORD101209,2025-09-28,CUST1384,52.0,Male,North,Electronics,Tablet,1.0,200.06,5.0,UPI,5.0,190.06,2025-09-01,46-55
ORD102178,2025-09-29,CUST1236,33.0,Male,East,Electronics,Smartwatch,1.0,131.86,0.0,Cash on Delivery,4.0,131.86,2025-09-01,26-35
ORD102704,2025-09-29,CUST2108,67.0,Female,Unknown,Sports,Water Bottle,3.0,51.63,10.0,Credit Card,4.0,139.4,2025-09-01,56+
ORD102701,2025-09-29,CUST1914,29.0,Male,West,Clothing,T-Shirt,1.0,58.74,25.0,Net Banking,4.0,44.06,2025-09-01,26-35
ORD101918,2025-09-29,CUST1974,41.0,Male,North,Clothing,Sneakers,3.0,54.71,10.0,Credit Card,5.0,147.72,2025-09-01,36-45
ORD102117,2025-09-29,CUST1240,19.0,Female,East,Home & Kitchen,Air Fryer,2.0,94.41,25.0,Credit Card,4.0,141.62,2025-09-01,18-25
ORD102842,2025-09-29,CUST1223,20.0,Male,West,Sports,Running Shoes,1.0,48.28,20.0,UPI,3.0,38.62,2025-09-01,18-25
ORD100926,2025-09-29,CUST1046,31.0,Male,West,Electronics,Headphones,1.0,118.23,10.0,UPI,5.0,106.41,2025-09-01,26-35
ORD102645,2025-09-29,CUST1633,36.0,Female,West,Home & Kitchen,Desk Lamp,2.0,62.23,20.0,Debit Card,5.0,99.57,2025-09-01,36-45
ORD102496,2025-09-30,CUST1545,35.0,Female,South,Home & Kitchen,Bedsheet Set,1.0,90.24,0.0,Credit Card,4.0,90.24,2025-09-01,26-35
ORD101020,2025-09-30,CUST1703,36.0,Female,East,Clothing,Jeans,2.0,48.76,0.0,Net Banking,4.0,97.52,2025-09-01,36-45
ORD101056,2025-09-30,CUST1200,18.0,Male,South,Sports,Dumbbell Set,2.0,73.23,0.0,Debit Card,3.0,146.46,2025-09-01,18-25
ORD100595,2025-09-30,CUST1037,34.0,Male,North,Sports,Yoga Mat,1.0,59.08,5.0,Cash on Delivery,4.0,56.13,2025-09-01,26-35
ORD100159,2025-09-30,CUST1807,44.0,Female,South,Clothing,T-Shirt,1.0,53.55,0.0,UPI,4.0,53.55,2025-09-01,36-45
ORD100997,2025-09-30,CUST1375,51.0,Male,West,Electronics,Tablet,2.0,284.63,0.0,Credit Card,5.0,569.26,2025-09-01,46-55
ORD101401,2025-09-30,CUST1859,23.0,Female,North,Clothing,Jeans,2.0,34.81,5.0,Debit Card,4.0,66.14,2025-09-01,18-25
ORD102570,2025-09-30,CUST1760,57.0,Male,West,Home & Kitchen,Air Fryer,2.0,48.78,10.0,Credit Card,4.0,87.8,2025-09-01,56+
ORD100244,2025-09-30,CUST1343,42.0,Male,West,Clothing,Jacket,1.0,62.31,15.0,UPI,3.0,52.96,2025-09-01,36-45
ORD101353,2025-09-30,CUST1613,39.0,Male,South,Sports,Water Bottle,5.0,49.45,15.0,Debit Card,4.0,210.16,2025-09-01,36-45
ORD102958,2025-09-30,CUST2140,51.0,Female,Unknown,Home & Kitchen,Desk Lamp,2.0,92.01,0.0,UPI,3.0,184.02,2025-09-01,46-55
ORD101915,2025-10-01,CUST1389,37.0,Male,West,Electronics,Bluetooth Speaker,1.0,164.08,0.0,Cash on Delivery,4.0,164.08,2025-10-01,36-45
ORD100712,2025-10-01,CUST1998,36.0,Female,East,Clothing,Sneakers,1.0,28.99,5.0,Net Banking,4.0,27.54,2025-10-01,36-45
ORD101186,2025-10-01,CUST1451,40.0,Male,East,Home & Kitchen,Air Fryer,2.0,68.93,0.0,Credit Card,4.0,137.86,2025-10-01,36-45
ORD102294,2025-10-01,CUST1231,18.0,Male,Unknown,Clothing,Jacket,1.0,56.52,0.0,Debit Card,4.0,56.52,2025-10-01,18-25
ORD101932,2025-10-01,CUST1938,45.0,Female,North,Home & Kitchen,Desk Lamp,1.0,54.31,0.0,UPI,3.0,54.31,2025-10-01,36-45
ORD100475,2025-10-01,CUST1015,29.0,Male,North,Electronics,Tablet,4.0,305.89,0.0,Cash on Delivery,5.0,1223.56,2025-10-01,26-35
ORD101180,2025-10-01,CUST1458,44.0,Male,West,Clothing,Jacket,2.0,81.61,10.0,UPI,4.0,146.9,2025-10-01,36-45
ORD102462,2025-10-01,CUST2178,50.0,Female,West,Sports,Yoga Mat,5.0,42.62,0.0,UPI,4.0,213.1,2025-10-01,46-55
ORD101772,2025-10-01,CUST1726,35.0,Female,North,Sports,Yoga Mat,2.0,32.53,5.0,UPI,4.0,61.81,2025-10-01,26-35
ORD100977,2025-10-02,CUST1229,31.0,Female,North,Home & Kitchen,Cookware Set,1.0,105.29,5.0,Credit Card,5.0,100.03,2025-10-01,26-35
ORD102156,2025-10-02,CUST1067,48.0,Female,North,Sports,Running Shoes,1.0,34.23,5.0,Credit Card,4.0,32.52,2025-10-01,46-55
ORD100889,2025-10-02,CUST1782,45.0,Male,North,Home & Kitchen,Bedsheet Set,1.0,76.88,0.0,Credit Card,4.0,76.88,2025-10-01,36-45
ORD102424,2025-10-02,CUST2004,27.0,Female,North,Home & Kitchen,Cookware Set,2.0,74.85,0.0,Debit Card,5.0,149.7,2025-10-01,26-35
ORD100649,2025-10-02,CUST1898,36.0,Female,North,Clothing,Jeans,2.0,42.54,10.0,Credit Card,4.0,76.57,2025-10-01,36-45
ORD102491,2025-10-02,CUST1950,38.0,Female,West,Electronics,Tablet,3.0,200.43,25.0,UPI,4.0,450.97,2025-10-01,36-45
ORD102055,2025-10-02,CUST1854,58.0,Female,North,Beauty,Perfume,2.0,45.54,10.0,Credit Card,3.0,81.97,2025-10-01,56+
ORD100969,2025-10-02,CUST1137,38.0,Male,North,Clothing,T-Shirt,1.0,79.42,10.0,Cash on Delivery,4.0,71.48,2025-10-01,36-45
ORD100111,2025-10-03,CUST1321,18.0,Male,East,Sports,Running Shoes,1.0,60.04,25.0,Credit Card,4.0,45.03,2025-10-01,18-25
ORD101135,2025-10-03,CUST1552,53.0,Female,North,Home & Kitchen,Desk Lamp,1.0,32.23,0.0,Debit Card,4.0,32.23,2025-10-01,46-55
ORD101892,2025-10-03,CUST2160,41.0,Male,South,Electronics,Smartwatch,1.0,175.51,5.0,Credit Card,4.0,166.73,2025-10-01,36-45
ORD102854,2025-10-03,CUST1126,27.0,Male,East,Home & Kitchen,Bedsheet Set,1.0,76.68,20.0,Credit Card,3.0,61.34,2025-10-01,26-35
ORD102694,2025-10-03,CUST1867,38.0,Female,East,Electronics,Bluetooth Speaker,2.0,105.2,0.0,UPI,4.0,210.4,2025-10-01,36-45
ORD102690,2025-10-03,CUST1665,38.0,Male,East,Home & Kitchen,Desk Lamp,1.0,105.16,15.0,Credit Card,4.0,89.39,2025-10-01,36-45
ORD100116,2025-10-04,CUST1004,21.0,Male,North,Home & Kitchen,Air Fryer,1.0,107.13,5.0,Credit Card,5.0,101.77,2025-10-01,18-25
ORD100422,2025-10-04,CUST1200,31.0,Male,East,Beauty,Lipstick Set,5.0,51.64,10.0,Net Banking,4.0,232.38,2025-10-01,26-35
ORD102860,2025-10-04,CUST1992,41.0,Female,West,Clothing,T-Shirt,1.0,61.85,5.0,UPI,3.0,58.76,2025-10-01,36-45
ORD100472,2025-10-04,CUST1941,30.0,Male,Unknown,Sports,Yoga Mat,2.0,37.41,0.0,Net Banking,4.0,74.82,2025-10-01,26-35
ORD102091,2025-10-04,CUST1002,34.0,Female,West,Clothing,Jacket,1.0,66.86,10.0,Credit Card,5.0,60.17,2025-10-01,26-35
ORD101806,2025-10-04,CUST1611,29.0,Male,South,Home & Kitchen,Desk Lamp,1.0,79.28,15.0,UPI,4.0,67.39,2025-10-01,26-35
ORD102145,2025-10-04,CUST1026,48.0,Male,West,Sports,Running Shoes,1.0,54.79,10.0,UPI,5.0,49.31,2025-10-01,46-55
ORD102966,2025-10-04,CUST1429,37.0,Female,West,Electronics,Bluetooth Speaker,2.0,119.44,5.0,UPI,4.0,226.94,2025-10-01,36-45
ORD102469,2025-10-04,CUST2029,50.0,Male,South,Beauty,Face Cream,5.0,29.49,0.0,UPI,4.0,147.45,2025-10-01,46-55
ORD101207,2025-10-04,CUST1864,23.0,Female,West,Clothing,T-Shirt,2.0,61.63,5.0,Cash on Delivery,5.0,117.1,2025-10-01,18-25
ORD101843,2025-10-04,CUST1126,20.0,Female,South,Sports,Running Shoes,4.0,19.03,15.0,Credit Card,5.0,64.7,2025-10-01,18-25
ORD102759,2025-10-04,CUST1337,34.0,Male,West,Clothing,Sneakers,1.0,70.92,0.0,Debit Card,4.0,70.92,2025-10-01,26-35
ORD101320,2025-10-04,CUST2004,35.0,Male,North,Electronics,Bluetooth Speaker,1.0,59.95,0.0,UPI,4.0,59.95,2025-10-01,26-35
ORD100369,2025-10-05,CUST1157,18.0,Female,East,Sports,Dumbbell Set,1.0,57.16,20.0,Credit Card,4.0,45.73,2025-10-01,18-25
ORD102366,2025-10-05,CUST1385,37.0,Female,West,Electronics,Bluetooth Speaker,1.0,188.53,5.0,Debit Card,5.0,179.1,2025-10-01,36-45
ORD101651,2025-10-05,CUST2139,47.0,Female,North,Electronics,Smartwatch,3.0,173.74,5.0,Cash on Delivery,3.0,495.16,2025-10-01,46-55
ORD100061,2025-10-05,CUST1370,55.0,Female,West,Home & Kitchen,Desk Lamp,2.0,36.95,0.0,Cash on Delivery,5.0,73.9,2025-10-01,46-55
ORD101299,2025-10-05,CUST2116,33.0,Male,West,Clothing,Jeans,2.0,45.15,0.0,UPI,4.0,90.3,2025-10-01,26-35
ORD101638,2025-10-06,CUST1014,32.0,Female,East,Beauty,Lipstick Set,4.0,56.0,5.0,Credit Card,5.0,212.8,2025-10-01,26-35
ORD102357,2025-10-06,CUST1307,33.0,Male,South,Home & Kitchen,Bedsheet Set,1.0,58.96,0.0,Debit Card,4.0,58.96,2025-10-01,26-35
ORD100436,2025-10-06,CUST1141,39.0,Female,South,Electronics,Smartwatch,1.0,170.7,10.0,Credit Card,4.0,153.63,2025-10-01,36-45
ORD102983,2025-10-06,CUST1522,18.0,Female,North,Electronics,Tablet,2.0,213.96,5.0,Credit Card,4.0,406.52,2025-10-01,18-25
ORD102652,2025-10-06,CUST1775,34.0,Female,Unknown,Beauty,Hair Dryer,3.0,32.37,0.0,UPI,5.0,97.11,2025-10-01,26-35
ORD102800,2025-10-07,CUST2178,33.0,Male,North,Clothing,Jacket,1.0,56.73,10.0,Debit Card,3.0,51.06,2025-10-01,26-35
ORD100343,2025-10-07,CUST1845,58.0,Male,East,Sports,Yoga Mat,1.0,48.23,10.0,Debit Card,4.0,43.41,2025-10-01,56+
ORD102306,2025-10-07,CUST1462,42.0,Female,East,Clothing,Sneakers,2.0,86.16,0.0,UPI,4.0,172.32,2025-10-01,36-45
ORD100071,2025-10-07,CUST1451,35.0,Male,North,Home & Kitchen,Desk Lamp,1.0,80.35,0.0,UPI,3.0,80.35,2025-10-01,26-35
ORD102593,2025-10-07,CUST2167,30.0,Male,East,Home & Kitchen,Desk Lamp,1.0,67.66,15.0,UPI,4.0,57.51,2025-10-01,26-35
ORD102859,2025-10-07,CUST1101,50.0,Female,West,Clothing,Sneakers,4.0,72.09,0.0,Net Banking,4.0,288.36,2025-10-01,46-55
ORD101462,2025-10-07,CUST1894,35.0,Male,South,Home & Kitchen,Air Fryer,1.0,78.32,20.0,Cash on Delivery,5.0,62.66,2025-10-01,26-35
ORD102784,2025-10-07,CUST1780,38.0,Male,North,Beauty,Hair Dryer,1.0,24.94,25.0,Debit Card,3.0,18.71,2025-10-01,36-45
ORD102711,2025-10-07,CUST1478,26.0,Female,West,Beauty,Perfume,5.0,26.8,5.0,Net Banking,4.0,127.3,2025-10-01,26-35
ORD100904,2025-10-07,CUST1035,51.0,Male,South,Clothing,T-Shirt,2.0,45.12,15.0,Debit Card,4.0,76.7,2025-10-01,46-55
ORD101671,2025-10-07,CUST1491,47.0,Male,North,Clothing,Jeans,3.0,38.02,0.0,Credit Card,4.0,114.06,2025-10-01,46-55
ORD102271,2025-10-07,CUST2019,52.0,Female,West,Sports,Running Shoes,3.0,57.96,10.0,Debit Card,4.0,156.49,2025-10-01,46-55
ORD102779,2025-10-07,CUST2145,43.0,Female,Unknown,Clothing,Jeans,2.0,60.82,10.0,Credit Card,3.0,109.48,2025-10-01,36-45
ORD100008,2025-10-07,CUST1545,22.0,Male,North,Clothing,Jacket,1.0,24.79,25.0,Credit Card,4.0,18.59,2025-10-01,18-25
ORD102339,2025-10-08,CUST1911,27.0,Female,Unknown,Sports,Dumbbell Set,4.0,40.22,5.0,Credit Card,4.0,152.84,2025-10-01,26-35
ORD101889,2025-10-08,CUST1936,55.0,Male,West,Home & Kitchen,Air Fryer,1.0,88.06,10.0,Cash on Delivery,4.0,79.25,2025-10-01,46-55
ORD102147,2025-10-08,CUST1305,40.0,Female,South,Beauty,Hair Dryer,2.0,39.12,0.0,Cash on Delivery,4.0,78.24,2025-10-01,36-45
ORD102778,2025-10-08,CUST1107,50.0,Male,North,Clothing,Sneakers,2.0,74.13,0.0,Credit Card,3.0,148.26,2025-10-01,46-55
ORD102030,2025-10-08,CUST1363,19.0,Female,West,Clothing,Jacket,1.0,53.82,5.0,Credit Card,5.0,51.13,2025-10-01,18-25
ORD101138,2025-10-08,CUST1374,36.0,Female,North,Sports,Running Shoes,3.0,68.38,15.0,UPI,5.0,174.37,2025-10-01,36-45
ORD101948,2025-10-08,CUST1408,44.0,Male,West,Beauty,Perfume,5.0,49.94,5.0,UPI,4.0,237.21,2025-10-01,36-45
ORD101187,2025-10-08,CUST1515,57.0,Female,East,Clothing,Sneakers,4.0,9.04,10.0,Net Banking,4.0,32.54,2025-10-01,56+
ORD100694,2025-10-08,CUST1204,48.0,Male,South,Electronics,Bluetooth Speaker,5.0,293.79,15.0,Debit Card,4.0,1248.61,2025-10-01,46-55
ORD102681,2025-10-08,CUST1634,36.0,Male,West,Clothing,Jeans,1.0,86.78,0.0,UPI,5.0,86.78,2025-10-01,36-45
ORD100951,2025-10-08,CUST1968,55.0,Female,North,Home & Kitchen,Air Fryer,4.0,55.82,10.0,UPI,4.0,200.95,2025-10-01,46-55
ORD101003,2025-10-09,CUST1350,49.0,Female,West,Electronics,Bluetooth Speaker,1.0,256.58,5.0,Credit Card,3.0,243.75,2025-10-01,46-55
ORD101205,2025-10-09,CUST2176,21.0,Female,Unknown,Clothing,T-Shirt,4.0,58.36,5.0,UPI,5.0,221.77,2025-10-01,18-25
ORD100949,2025-10-09,CUST2173,25.0,Female,South,Beauty,Perfume,2.0,16.87,10.0,UPI,4.0,30.37,2025-10-01,18-25
ORD101450,2025-10-09,CUST1311,42.0,Male,North,Clothing,Jacket,1.0,76.39,5.0,Cash on Delivery,4.0,72.57,2025-10-01,36-45
ORD100925,2025-10-09,CUST1155,20.0,Male,East,Sports,Water Bottle,5.0,35.71,20.0,Debit Card,4.0,142.84,2025-10-01,18-25
ORD102193,2025-10-09,CUST2190,27.0,Female,North,Electronics,Headphones,1.0,133.21,20.0,UPI,3.0,106.57,2025-10-01,26-35
ORD102039,2025-10-09,CUST1588,46.0,Male,East,Electronics,Smartwatch,2.0,275.74,20.0,Cash on Delivery,4.0,441.18,2025-10-01,46-55
ORD101426,2025-10-10,CUST1894,51.0,Female,North,Clothing,T-Shirt,2.0,58.93,10.0,Net Banking,4.0,106.07,2025-10-01,46-55
ORD102876,2025-10-10,CUST2086,29.0,Male,South,Home & Kitchen,Desk Lamp,1.0,76.61,0.0,Credit Card,4.0,76.61,2025-10-01,26-35
ORD102008,2025-10-10,CUST1296,22.0,Male,West,Electronics,Bluetooth Speaker,1.0,81.25,15.0,UPI,5.0,69.06,2025-10-01,18-25
ORD101824,2025-10-10,CUST2139,44.0,Male,East,Sports,Yoga Mat,2.0,29.55,0.0,UPI,3.0,59.1,2025-10-01,36-45
ORD102189,2025-10-10,CUST1615,51.0,Male,South,Electronics,Tablet,1.0,161.91,0.0,UPI,4.0,161.91,2025-10-01,46-55
ORD101677,2025-10-10,CUST1040,55.0,Male,West,Home & Kitchen,Air Fryer,3.0,79.05,0.0,Debit Card,3.0,237.15,2025-10-01,46-55
ORD100175,2025-10-10,CUST1340,24.0,Female,Unknown,Home & Kitchen,Desk Lamp,2.0,79.93,0.0,UPI,3.0,159.86,2025-10-01,18-25
ORD102699,2025-10-10,CUST2091,43.0,Female,North,Home & Kitchen,Air Fryer,1.0,78.05,15.0,Debit Card,4.0,66.34,2025-10-01,36-45
ORD100509,2025-10-11,CUST1795,32.0,Female,South,Home & Kitchen,Air Fryer,1.0,64.63,15.0,UPI,5.0,54.94,2025-10-01,26-35
ORD102669,2025-10-11,CUST1625,40.0,Female,Unknown,Sports,Dumbbell Set,1.0,68.64,10.0,Credit Card,4.0,61.78,2025-10-01,36-45
ORD100899,2025-10-11,CUST1544,36.0,Male,North,Clothing,T-Shirt,1.0,70.3,0.0,UPI,4.0,70.3,2025-10-01,36-45
ORD100753,2025-10-11,CUST1666,23.0,Male,North,Clothing,T-Shirt,2.0,75.93,20.0,Net Banking,5.0,121.49,2025-10-01,18-25
ORD100952,2025-10-11,CUST1583,36.0,Male,North,Clothing,Jacket,2.0,61.57,0.0,UPI,5.0,123.14,2025-10-01,36-45
ORD102048,2025-10-12,CUST1635,41.0,Male,East,Home & Kitchen,Air Fryer,1.0,53.7,0.0,Net Banking,3.0,53.7,2025-10-01,36-45
ORD101222,2025-10-12,CUST1310,30.0,Female,South,Sports,Dumbbell Set,5.0,54.21,10.0,Net Banking,5.0,243.95,2025-10-01,26-35
ORD100705,2025-10-12,CUST1466,36.0,Male,West,Beauty,Face Cream,2.0,56.89,0.0,Credit Card,4.0,113.78,2025-10-01,36-45
ORD100542,2025-10-12,CUST1257,43.0,Female,South,Clothing,Jacket,1.0,27.53,10.0,Debit Card,5.0,24.78,2025-10-01,36-45
ORD102915,2025-10-12,CUST1712,38.0,Male,North,Clothing,Jacket,3.0,62.37,15.0,Net Banking,4.0,159.04,2025-10-01,36-45
ORD102526,2025-10-12,CUST1543,18.0,Male,South,Clothing,Jacket,2.0,60.27,15.0,Credit Card,5.0,102.46,2025-10-01,18-25
ORD101352,2025-10-12,CUST1357,39.0,Male,Unknown,Electronics,Headphones,4.0,118.43,0.0,Net Banking,3.0,473.72,2025-10-01,36-45
ORD100427,2025-10-13,CUST2032,29.0,Male,North,Electronics,Bluetooth Speaker,4.0,56.74,5.0,Cash on Delivery,3.0,215.61,2025-10-01,26-35
ORD102509,2025-10-13,CUST1850,42.0,Male,South,Clothing,Jacket,1.0,34.26,25.0,UPI,4.0,25.7,2025-10-01,36-45
ORD102820,2025-10-13,CUST2020,37.0,Male,North,Electronics,Bluetooth Speaker,2.0,302.79,5.0,UPI,4.0,575.3,2025-10-01,36-45
ORD102533,2025-10-13,CUST1034,38.0,Male,East,Electronics,Tablet,1.0,153.31,0.0,Net Banking,4.0,153.31,2025-10-01,36-45
ORD101276,2025-10-13,CUST2130,44.0,Female,West,Clothing,T-Shirt,3.0,49.69,0.0,Net Banking,4.0,149.07,2025-10-01,36-45
ORD100246,2025-10-13,CUST1584,34.0,Male,West,Electronics,Smartwatch,4.0,225.08,15.0,Cash on Delivery,2.0,765.27,2025-10-01,26-35
ORD100063,2025-10-13,CUST1814,21.0,Male,North,Beauty,Lipstick Set,2.0,41.67,25.0,UPI,5.0,62.5,2025-10-01,18-25
ORD100506,2025-10-13,CUST1898,31.0,Female,South,Electronics,Tablet,1.0,140.44,0.0,Cash on Delivery,5.0,140.44,2025-10-01,26-35
ORD101944,2025-10-13,CUST1942,28.0,Male,West,Home & Kitchen,Air Fryer,5.0,80.6,0.0,Credit Card,5.0,403.0,2025-10-01,26-35
ORD101124,2025-10-13,CUST1366,46.0,Male,South,Electronics,Headphones,3.0,230.41,5.0,Credit Card,5.0,656.67,2025-10-01,46-55
ORD102916,2025-10-14,CUST1986,36.0,Female,East,Electronics,Bluetooth Speaker,1.0,198.97,15.0,Net Banking,5.0,169.12,2025-10-01,36-45
ORD100918,2025-10-14,CUST1763,42.0,Female,East,Clothing,Sneakers,1.0,49.4,15.0,UPI,4.0,41.99,2025-10-01,36-45
ORD101853,2025-10-14,CUST1160,18.0,Male,East,Clothing,Jeans,2.0,62.69,25.0,Debit Card,4.0,94.04,2025-10-01,18-25
ORD102897,2025-10-14,CUST1400,39.0,Male,West,Sports,Dumbbell Set,2.0,58.63,20.0,Cash on Delivery,4.0,93.81,2025-10-01,36-45
ORD102329,2025-10-15,CUST1657,40.0,Male,South,Home & Kitchen,Desk Lamp,1.0,70.58,25.0,Debit Card,5.0,52.94,2025-10-01,36-45
ORD101844,2025-10-15,CUST1670,28.0,Male,South,Clothing,Jacket,1.0,26.71,5.0,UPI,4.0,25.37,2025-10-01,26-35
ORD100902,2025-10-15,CUST2155,40.0,Male,South,Clothing,Sneakers,1.0,57.97,20.0,UPI,4.0,46.38,2025-10-01,36-45
ORD101431,2025-10-15,CUST1487,70.0,Female,North,Clothing,T-Shirt,4.0,78.38,5.0,Debit Card,3.0,297.84,2025-10-01,56+
ORD101771,2025-10-15,CUST1021,41.0,Female,North,Clothing,Jacket,1.0,65.92,0.0,Cash on Delivery,4.0,65.92,2025-10-01,36-45
ORD101466,2025-10-15,CUST1899,57.0,Female,Unknown,Clothing,Jacket,1.0,73.47,0.0,Cash on Delivery,3.0,73.47,2025-10-01,56+
ORD102677,2025-10-15,CUST2137,23.0,Female,East,Clothing,Sneakers,3.0,72.19,15.0,Credit Card,5.0,184.08,2025-10-01,18-25
ORD101221,2025-10-15,CUST1745,36.0,Male,South,Beauty,Lipstick Set,2.0,43.86,0.0,Debit Card,3.0,87.72,2025-10-01,36-45
ORD102439,2025-10-15,CUST1157,44.0,Male,West,Beauty,Perfume,2.0,26.26,20.0,Credit Card,4.0,42.02,2025-10-01,36-45
ORD101113,2025-10-15,CUST1460,31.0,Male,West,Home & Kitchen,Bedsheet Set,1.0,32.3,5.0,Cash on Delivery,4.0,30.68,2025-10-01,26-35
ORD102575,2025-10-15,CUST2017,33.0,Male,East,Beauty,Perfume,1.0,7.51,0.0,Net Banking,5.0,7.51,2025-10-01,26-35
ORD100772,2025-10-16,CUST1792,40.0,Female,South,Home & Kitchen,Desk Lamp,1.0,88.55,10.0,Credit Card,5.0,79.69,2025-10-01,36-45
ORD102561,2025-10-16,CUST1540,48.0,Female,West,Clothing,Sneakers,4.0,42.42,0.0,UPI,4.0,169.68,2025-10-01,46-55
ORD102191,2025-10-16,CUST1834,24.0,Female,South,Home & Kitchen,Cookware Set,5.0,111.36,0.0,Debit Card,4.0,556.8,2025-10-01,18-25
ORD100361,2025-10-16,CUST1239,21.0,Female,West,Beauty,Face Cream,2.0,22.55,15.0,UPI,3.0,38.34,2025-10-01,18-25
ORD101935,2025-10-16,CUST1187,35.0,Male,East,Clothing,T-Shirt,2.0,34.86,10.0,Credit Card,4.0,62.75,2025-10-01,26-35
ORD100991,2025-10-16,CUST1142,33.0,Male,East,Sports,Dumbbell Set,1.0,31.98,10.0,Credit Card,3.0,28.78,2025-10-01,26-35
ORD102316,2025-10-16,CUST1064,32.0,Female,South,Beauty,Face Cream,1.0,25.29,10.0,Cash on Delivery,4.0,22.76,2025-10-01,26-35
ORD102094,2025-10-17,CUST1197,41.0,Male,East,Home & Kitchen,Cookware Set,1.0,57.04,0.0,Net Banking,4.0,57.04,2025-10-01,36-45
ORD101327,2025-10-17,CUST1601,33.0,Male,South,Home & Kitchen,Cookware Set,3.0,85.02,15.0,Credit Card,4.0,216.8,2025-10-01,26-35
ORD100789,2025-10-17,CUST1006,38.0,Female,South,Sports,Yoga Mat,5.0,12.71,0.0,Debit Card,4.0,63.55,2025-10-01,36-45
ORD100743,2025-10-17,CUST1354,21.0,Male,West,Clothing,Jeans,2.0,77.53,5.0,UPI,4.0,147.31,2025-10-01,18-25
ORD100430,2025-10-17,CUST1650,26.0,Male,West,Beauty,Lipstick Set,3.0,27.14,0.0,Credit Card,4.0,81.42,2025-10-01,26-35
ORD102390,2025-10-17,CUST1805,47.0,Female,West,Beauty,Perfume,5.0,25.33,20.0,Credit Card,4.0,101.32,2025-10-01,46-55
ORD101819,2025-10-17,CUST2041,18.0,Female,North,Home & Kitchen,Bedsheet Set,2.0,59.8,5.0,UPI,4.0,113.62,2025-10-01,18-25
ORD101365,2025-10-17,CUST1762,49.0,Female,North,Home & Kitchen,Bedsheet Set,3.0,49.82,10.0,UPI,4.0,134.51,2025-10-01,46-55
ORD102663,2025-10-18,CUST1840,35.0,Male,East,Beauty,Hair Dryer,1.0,22.02,10.0,Cash on Delivery,4.0,19.82,2025-10-01,26-35
ORD102244,2025-10-18,CUST1833,26.0,Male,South,Home & Kitchen,Bedsheet Set,3.0,99.59,15.0,UPI,3.0,253.95,2025-10-01,26-35
ORD101325,2025-10-18,CUST1058,30.0,Female,South,Home & Kitchen,Desk Lamp,1.0,73.74,0.0,Net Banking,4.0,73.74,2025-10-01,26-35
ORD102933,2025-10-18,CUST1615,26.0,Male,South,Clothing,Sneakers,2.0,34.7,10.0,Net Banking,4.0,62.46,2025-10-01,26-35
ORD102036,2025-10-18,CUST1358,33.0,Female,North,Home & Kitchen,Air Fryer,4.0,87.3,15.0,Credit Card,4.0,296.82,2025-10-01,26-35
ORD100172,2025-10-18,CUST1070,26.0,Female,West,Sports,Running Shoes,1.0,55.85,0.0,Credit Card,4.0,55.85,2025-10-01,26-35
ORD102497,2025-10-18,CUST1022,36.0,Female,North,Home & Kitchen,Bedsheet Set,4.0,99.19,0.0,Cash on Delivery,5.0,396.76,2025-10-01,36-45
ORD100024,2025-10-18,CUST1133,23.0,Male,West,Beauty,Perfume,5.0,27.71,10.0,Credit Card,4.0,124.7,2025-10-01,18-25
ORD102481,2025-10-18,CUST1671,47.0,Male,South,Clothing,Jacket,1.0,64.84,5.0,Credit Card,3.0,61.6,2025-10-01,46-55
ORD100170,2025-10-18,CUST1706,46.0,Female,East,Home & Kitchen,Air Fryer,1.0,70.07,0.0,Credit Card,4.0,70.07,2025-10-01,46-55
ORD100960,2025-10-18,CUST2115,25.0,Male,North,Sports,Running Shoes,2.0,25.36,5.0,Debit Card,4.0,48.18,2025-10-01,18-25
ORD100474,2025-10-18,CUST1600,22.0,Male,North,Sports,Yoga Mat,1.0,63.73,10.0,Debit Card,5.0,57.36,2025-10-01,18-25
ORD102560,2025-10-19,CUST1539,37.0,Female,North,Sports,Water Bottle,1.0,18.21,0.0,Cash on Delivery,5.0,18.21,2025-10-01,36-45
ORD101895,2025-10-19,CUST2072,27.0,Male,Unknown,Beauty,Lipstick Set,5.0,47.27,10.0,UPI,5.0,212.72,2025-10-01,26-35
ORD101911,2025-10-19,CUST1207,39.0,Male,South,Home & Kitchen,Bedsheet Set,3.0,94.81,0.0,Net Banking,5.0,284.43,2025-10-01,36-45
ORD102195,2025-10-19,CUST1415,61.0,Male,West,Beauty,Perfume,1.0,52.06,5.0,Debit Card,3.0,49.46,2025-10-01,56+
ORD100538,2025-10-19,CUST1049,43.0,Male,South,Clothing,Jeans,2.0,41.09,0.0,Debit Card,4.0,82.18,2025-10-01,36-45
ORD101106,2025-10-20,CUST1105,39.0,Female,South,Clothing,Sneakers,1.0,74.99,0.0,Debit Card,4.0,74.99,2025-10-01,36-45
ORD101593,2025-10-20,CUST1869,47.0,Male,South,Electronics,Headphones,1.0,271.71,0.0,Credit Card,3.0,271.71,2025-10-01,46-55
ORD100579,2025-10-20,CUST1941,28.0,Female,East,Beauty,Lipstick Set,3.0,32.0,0.0,Credit Card,4.0,96.0,2025-10-01,26-35
ORD102670,2025-10-20,CUST1811,31.0,Male,East,Electronics,Headphones,2.0,188.73,0.0,Debit Card,5.0,377.46,2025-10-01,26-35
ORD101345,2025-10-21,CUST1506,23.0,Female,North,Home & Kitchen,Air Fryer,1.0,10.69,0.0,Credit Card,4.0,10.69,2025-10-01,18-25
ORD100069,2025-10-21,CUST1531,25.0,Male,East,Clothing,Jeans,3.0,96.94,5.0,UPI,4.0,276.28,2025-10-01,18-25
ORD102498,2025-10-21,CUST1648,36.0,Male,North,Home & Kitchen,Bedsheet Set,3.0,100.5,20.0,Net Banking,4.0,241.2,2025-10-01,36-45
ORD100641,2025-10-21,CUST1470,34.0,Female,South,Beauty,Face Cream,1.0,25.5,0.0,UPI,5.0,25.5,2025-10-01,26-35
ORD101384,2025-10-21,CUST1226,41.0,Female,South,Electronics,Tablet,3.0,116.31,0.0,Cash on Delivery,4.0,348.93,2025-10-01,36-45
ORD100312,2025-10-21,CUST1331,32.0,Female,West,Sports,Dumbbell Set,3.0,55.16,10.0,Cash on Delivery,4.0,148.93,2025-10-01,26-35
ORD100841,2025-10-21,CUST1982,23.0,Female,West,Clothing,Jacket,3.0,83.55,5.0,Net Banking,4.0,238.12,2025-10-01,18-25
ORD102691,2025-10-21,CUST2113,41.0,Male,South,Home & Kitchen,Cookware Set,2.0,77.84,0.0,UPI,4.0,155.68,2025-10-01,36-45
ORD100537,2025-10-21,CUST1443,38.0,Female,South,Beauty,Lipstick Set,1.0,46.68,5.0,Net Banking,4.0,44.35,2025-10-01,36-45
ORD101009,2025-10-21,CUST2004,21.0,Male,East,Clothing,Jacket,1.0,75.04,20.0,UPI,4.0,60.03,2025-10-01,18-25
ORD101019,2025-10-22,CUST2138,40.0,Male,South,Beauty,Perfume,2.0,35.96,0.0,Debit Card,5.0,71.92,2025-10-01,36-45
ORD100231,2025-10-22,CUST1808,33.0,Male,West,Beauty,Face Cream,3.0,5.0,15.0,UPI,5.0,12.75,2025-10-01,26-35
ORD100861,2025-10-22,CUST1429,45.0,Male,West,Beauty,Face Cream,2.0,21.85,10.0,Cash on Delivery,4.0,39.33,2025-10-01,36-45
ORD101914,2025-10-22,CUST1276,40.0,Female,West,Beauty,Perfume,1.0,32.22,0.0,Cash on Delivery,5.0,32.22,2025-10-01,36-45
ORD101601,2025-10-23,CUST1593,23.0,Female,West,Clothing,Jacket,1.0,55.69,0.0,Credit Card,4.0,55.69,2025-10-01,18-25
ORD102582,2025-10-23,CUST1127,33.0,Female,East,Electronics,Smartwatch,2.0,202.01,0.0,Credit Card,4.0,404.02,2025-10-01,26-35
ORD102748,2025-10-23,CUST1584,24.0,Male,West,Home & Kitchen,Cookware Set,1.0,54.04,0.0,Debit Card,4.0,54.04,2025-10-01,18-25
ORD101885,2025-10-23,CUST1821,45.0,Male,West,Clothing,Jacket,1.0,67.72,15.0,Debit Card,4.0,57.56,2025-10-01,36-45
ORD100207,2025-10-23,CUST2099,19.0,Female,West,Sports,Water Bottle,1.0,44.22,20.0,UPI,5.0,35.38,2025-10-01,18-25
ORD101285,2025-10-23,CUST1850,36.0,Female,West,Electronics,Headphones,1.0,173.33,5.0,Credit Card,5.0,164.66,2025-10-01,36-45
ORD100303,2025-10-23,CUST1824,41.0,Female,West,Electronics,Bluetooth Speaker,1.0,12.43,15.0,Net Banking,4.0,10.57,2025-10-01,36-45
ORD100162,2025-10-23,CUST2153,43.0,Male,East,Sports,Running Shoes,1.0,50.64,10.0,Net Banking,5.0,45.58,2025-10-01,36-45
ORD100085,2025-10-23,CUST1155,44.0,Male,North,Home & Kitchen,Desk Lamp,1.0,32.26,20.0,Net Banking,5.0,25.81,2025-10-01,36-45
ORD100954,2025-10-24,CUST1776,18.0,Female,East,Electronics,Headphones,1.0,99.25,15.0,Debit Card,5.0,84.36,2025-10-01,18-25
ORD101273,2025-10-24,CUST1174,42.0,Male,West,Clothing,Sneakers,2.0,51.9,20.0,UPI,4.0,83.04,2025-10-01,36-45
ORD100764,2025-10-24,CUST1104,40.0,Female,West,Clothing,Jeans,1.0,57.8,5.0,Net Banking,5.0,54.91,2025-10-01,36-45
ORD101306,2025-10-24,CUST1833,37.0,Female,North,Sports,Yoga Mat,1.0,44.73,15.0,Debit Card,2.0,38.02,2025-10-01,36-45
ORD101609,2025-10-24,CUST1092,48.0,Female,West,Sports,Running Shoes,4.0,57.21,0.0,Cash on Delivery,5.0,228.84,2025-10-01,46-55
ORD102310,2025-10-24,CUST1656,37.0,Male,East,Electronics,Bluetooth Speaker,1.0,257.22,15.0,Credit Card,3.0,218.64,2025-10-01,36-45
ORD102135,2025-10-24,CUST1831,36.0,Female,North,Sports,Water Bottle,2.0,5.0,15.0,UPI,4.0,8.5,2025-10-01,36-45
ORD102501,2025-10-25,CUST1805,19.0,Male,East,Beauty,Lipstick Set,2.0,37.47,5.0,Credit Card,4.0,71.19,2025-10-01,18-25
ORD102348,2025-10-25,CUST1167,45.0,Male,West,Electronics,Bluetooth Speaker,2.0,309.94,5.0,Cash on Delivery,4.0,588.89,2025-10-01,36-45
ORD100625,2025-10-25,CUST1280,47.0,Female,East,Beauty,Face Cream,1.0,61.95,10.0,Debit Card,4.0,55.76,2025-10-01,46-55
ORD101954,2025-10-25,CUST1100,40.0,Male,North,Sports,Running Shoes,3.0,69.07,10.0,Cash on Delivery,4.0,186.49,2025-10-01,36-45
ORD100476,2025-10-25,CUST1925,29.0,Female,East,Home & Kitchen,Air Fryer,1.0,61.56,10.0,Cash on Delivery,3.0,55.4,2025-10-01,26-35
ORD101969,2025-10-25,CUST1180,36.0,Female,North,Home & Kitchen,Cookware Set,1.0,134.6575,10.0,Cash on Delivery,4.0,121.19,2025-10-01,36-45
ORD101453,2025-10-25,CUST1901,33.0,Female,West,Clothing,Jeans,1.0,83.8,0.0,UPI,5.0,83.8,2025-10-01,26-35
ORD102706,2025-10-25,CUST1971,21.0,Female,North,Beauty,Lipstick Set,1.0,25.06,0.0,UPI,5.0,25.06,2025-10-01,18-25
ORD102482,2025-10-25,CUST1323,43.0,Male,Unknown,Electronics,Headphones,1.0,58.56,0.0,UPI,4.0,58.56,2025-10-01,36-45
ORD100827,2025-10-26,CUST1102,18.0,Female,South,Home & Kitchen,Cookware Set,4.0,68.4,5.0,UPI,3.0,259.92,2025-10-01,18-25
ORD101533,2025-10-26,CUST1582,27.0,Male,North,Home & Kitchen,Desk Lamp,2.0,62.19,10.0,Credit Card,3.0,111.94,2025-10-01,26-35
ORD102358,2025-10-26,CUST1429,21.0,Female,East,Clothing,Jacket,2.0,74.85,0.0,UPI,3.0,149.7,2025-10-01,18-25
ORD102735,2025-10-26,CUST2105,44.0,Male,East,Clothing,Jacket,1.0,36.33,0.0,Cash on Delivery,4.0,36.33,2025-10-01,36-45
ORD102877,2025-10-26,CUST1619,19.0,Female,North,Home & Kitchen,Cookware Set,2.0,84.34,0.0,UPI,4.0,168.68,2025-10-01,18-25
ORD100711,2025-10-27,CUST2113,33.0,Male,East,Electronics,Bluetooth Speaker,4.0,53.77,0.0,Credit Card,5.0,215.08,2025-10-01,26-35
ORD102281,2025-10-27,CUST2028,48.0,Female,Unknown,Clothing,Sneakers,3.0,79.77,10.0,UPI,3.0,215.38,2025-10-01,46-55
ORD100903,2025-10-27,CUST2194,30.0,Female,Unknown,Beauty,Lipstick Set,4.0,16.27,0.0,Credit Card,3.0,65.08,2025-10-01,26-35
ORD101102,2025-10-27,CUST1228,31.0,Male,West,Sports,Yoga Mat,1.0,90.34,0.0,Net Banking,5.0,90.34,2025-10-01,26-35
ORD100708,2025-10-27,CUST1335,36.0,Female,South,Electronics,Tablet,1.0,200.76,0.0,Credit Card,4.0,200.76,2025-10-01,36-45
ORD101503,2025-10-27,CUST1803,59.0,Female,South,Clothing,T-Shirt,1.0,61.17,0.0,Credit Card,4.0,61.17,2025-10-01,56+
ORD101676,2025-10-27,CUST1305,51.0,Female,East,Beauty,Hair Dryer,4.0,40.04,10.0,Net Banking,5.0,144.14,2025-10-01,46-55
ORD101445,2025-10-27,CUST1842,18.0,Female,South,Clothing,Sneakers,3.0,58.6,25.0,UPI,3.0,131.85,2025-10-01,18-25
ORD100193,2025-10-28,CUST1785,42.0,Female,South,Home & Kitchen,Desk Lamp,4.0,91.47,20.0,Debit Card,3.0,292.7,2025-10-01,36-45
ORD100676,2025-10-28,CUST1881,36.0,Male,East,Home & Kitchen,Air Fryer,4.0,55.92,5.0,Cash on Delivery,5.0,212.5,2025-10-01,36-45
ORD101727,2025-10-28,CUST2071,28.0,Male,West,Electronics,Tablet,2.0,194.96,0.0,Credit Card,5.0,389.92,2025-10-01,26-35
ORD100409,2025-10-28,CUST1426,38.0,Male,West,Clothing,Sneakers,2.0,59.09,5.0,UPI,4.0,112.27,2025-10-01,36-45
ORD102092,2025-10-28,CUST1546,18.0,Male,North,Clothing,T-Shirt,1.0,60.34,0.0,Credit Card,4.0,60.34,2025-10-01,18-25
ORD101380,2025-10-28,CUST1285,56.0,Female,North,Clothing,Jacket,4.0,49.94,5.0,UPI,4.0,189.77,2025-10-01,56+
ORD101870,2025-10-29,CUST1812,24.0,Male,South,Beauty,Face Cream,2.0,38.55,0.0,UPI,4.0,77.1,2025-10-01,18-25
ORD102247,2025-10-29,CUST1404,40.0,Female,South,Clothing,T-Shirt,2.0,37.35,0.0,Debit Card,3.0,74.7,2025-10-01,36-45
ORD100615,2025-10-29,CUST1324,22.0,Male,West,Electronics,Tablet,2.0,214.56,5.0,Credit Card,5.0,407.66,2025-10-01,18-25
ORD100300,2025-10-29,CUST1515,28.0,Female,South,Home & Kitchen,Air Fryer,2.0,72.44,15.0,Debit Card,5.0,123.15,2025-10-01,26-35
ORD100482,2025-10-29,CUST2031,28.0,Female,Unknown,Beauty,Hair Dryer,2.0,15.99,10.0,Debit Card,3.0,28.78,2025-10-01,26-35
ORD101295,2025-10-29,CUST1163,38.0,Female,South,Beauty,Hair Dryer,3.0,45.87,20.0,Debit Card,4.0,110.09,2025-10-01,36-45
ORD102837,2025-10-29,CUST1088,44.0,Female,North,Home & Kitchen,Air Fryer,1.0,71.39,15.0,Credit Card,4.0,60.68,2025-10-01,36-45
ORD102075,2025-10-29,CUST1750,34.0,Male,West,Clothing,Sneakers,4.0,62.09,0.0,Credit Card,4.0,248.36,2025-10-01,26-35
ORD100938,2025-10-29,CUST1127,22.0,Female,East,Electronics,Headphones,2.0,268.96,20.0,Cash on Delivery,5.0,430.34,2025-10-01,18-25
ORD101784,2025-10-29,CUST1045,40.0,Male,South,Home & Kitchen,Cookware Set,1.0,77.01,0.0,Net Banking,5.0,77.01,2025-10-01,36-45
ORD101305,2025-10-29,CUST1029,27.0,Female,North,Clothing,T-Shirt,2.0,56.18,20.0,Cash on Delivery,4.0,89.89,2025-10-01,26-35
ORD102403,2025-10-29,CUST2188,45.0,Male,East,Beauty,Lipstick Set,1.0,55.32,20.0,Credit Card,5.0,44.26,2025-10-01,36-45
ORD100147,2025-10-29,CUST1234,26.0,Male,South,Clothing,Sneakers,2.0,62.55,0.0,UPI,4.0,125.1,2025-10-01,26-35
ORD101406,2025-10-29,CUST1510,35.0,Female,South,Electronics,Smartwatch,1.0,338.26,15.0,Credit Card,4.0,287.52,2025-10-01,26-35
ORD100005,2025-10-29,CUST1247,56.0,Male,South,Beauty,Face Cream,2.0,36.41,5.0,UPI,4.0,69.18,2025-10-01,56+
ORD101318,2025-10-30,CUST1617,30.0,Female,East,Sports,Yoga Mat,1.0,56.32,15.0,Credit Card,3.0,47.87,2025-10-01,26-35
ORD101787,2025-10-30,CUST1922,52.0,Female,North,Home & Kitchen,Cookware Set,1.0,38.43,0.0,Cash on Delivery,3.0,38.43,2025-10-01,46-55
ORD100794,2025-10-30,CUST2144,41.0,Female,East,Beauty,Lipstick Set,2.0,45.4,0.0,Credit Card,5.0,90.8,2025-10-01,36-45
ORD102719,2025-10-30,CUST1768,36.0,Male,North,Electronics,Bluetooth Speaker,3.0,119.52,5.0,Cash on Delivery,5.0,340.63,2025-10-01,36-45
ORD100437,2025-10-30,CUST2155,31.0,Male,East,Electronics,Tablet,3.0,334.11,0.0,UPI,4.0,1002.33,2025-10-01,26-35
ORD102490,2025-10-30,CUST2125,38.0,Female,North,Sports,Water Bottle,3.0,8.63,10.0,Debit Card,4.0,23.3,2025-10-01,36-45
ORD101880,2025-10-30,CUST2064,40.0,Male,West,Home & Kitchen,Cookware Set,4.0,98.55,5.0,UPI,4.0,374.49,2025-10-01,36-45
ORD100567,2025-10-31,CUST1375,34.0,Male,South,Electronics,Bluetooth Speaker,2.0,90.85,5.0,UPI,4.0,172.61,2025-10-01,26-35
ORD100963,2025-10-31,CUST1875,45.0,Female,South,Clothing,T-Shirt,1.0,62.65,0.0,Debit Card,4.0,62.65,2025-10-01,36-45
ORD101788,2025-10-31,CUST1591,44.0,Female,East,Electronics,Tablet,2.0,292.19,0.0,Credit Card,3.0,584.38,2025-10-01,36-45
ORD101394,2025-10-31,CUST1802,41.0,Female,North,Sports,Water Bottle,3.0,57.82,5.0,Credit Card,4.0,164.79,2025-10-01,36-45
ORD101573,2025-10-31,CUST1054,18.0,Female,West,Clothing,Sneakers,1.0,63.06,0.0,Credit Card,4.0,63.06,2025-10-01,18-25
ORD101333,2025-10-31,CUST1476,36.0,Female,North,Electronics,Smartwatch,1.0,148.39,5.0,Credit Card,4.0,140.97,2025-10-01,36-45
ORD101910,2025-10-31,CUST1166,35.0,Male,North,Electronics,Bluetooth Speaker,2.0,155.97,0.0,UPI,4.0,311.94,2025-10-01,26-35
ORD102078,2025-10-31,CUST1370,27.0,Male,East,Home & Kitchen,Cookware Set,1.0,94.3,10.0,Debit Card,5.0,84.87,2025-10-01,26-35
ORD101837,2025-10-31,CUST1155,57.0,Male,North,Sports,Dumbbell Set,3.0,63.21,0.0,Credit Card,3.0,189.63,2025-10-01,56+
ORD102844,2025-10-31,CUST1239,39.0,Female,South,Sports,Dumbbell Set,2.0,70.55,0.0,Credit Card,4.0,141.1,2025-10-01,36-45
ORD103200,2025-11-01,CUST1990,30.0,Male,South,Home & Kitchen,Bedsheet Set,1.0,87.97,20.0,UPI,3.0,70.38,2025-11-01,26-35
ORD101657,2025-11-01,CUST1185,43.0,Female,North,Sports,Water Bottle,1.0,33.8,0.0,Cash on Delivery,4.0,33.8,2025-11-01,36-45
ORD101569,2025-11-01,CUST1329,33.0,Male,South,Home & Kitchen,Desk Lamp,4.0,84.26,10.0,Debit Card,3.0,303.34,2025-11-01,26-35
ORD102700,2025-11-01,CUST1197,18.0,Male,South,Clothing,Jacket,2.0,58.27,10.0,UPI,5.0,104.89,2025-11-01,18-25
ORD103322,2025-11-01,CUST1188,27.0,Female,North,Electronics,Bluetooth Speaker,5.0,117.2,0.0,Credit Card,5.0,586.0,2025-11-01,26-35
ORD101277,2025-11-01,CUST1132,19.0,Male,North,Sports,Yoga Mat,1.0,67.63,0.0,UPI,4.0,67.63,2025-11-01,18-25
ORD102581,2025-11-01,CUST1403,31.0,Male,East,Home & Kitchen,Desk Lamp,2.0,55.19,10.0,UPI,5.0,99.34,2025-11-01,26-35
ORD102035,2025-11-01,CUST1276,27.0,Male,South,Electronics,Smartwatch,1.0,95.56,10.0,UPI,4.0,86.0,2025-11-01,26-35
ORD103229,2025-11-01,CUST1427,51.0,Male,North,Home & Kitchen,Air Fryer,1.0,96.07,15.0,Credit Card,3.0,81.66,2025-11-01,46-55
ORD100703,2025-11-01,CUST1881,28.0,Male,West,Sports,Dumbbell Set,1.0,40.32,0.0,Cash on Delivery,3.0,40.32,2025-11-01,26-35
ORD102815,2025-11-01,CUST1478,48.0,Male,West,Clothing,Sneakers,3.0,70.11,10.0,UPI,4.0,189.3,2025-11-01,46-55
ORD101410,2025-11-01,CUST1794,33.0,Male,South,Home & Kitchen,Bedsheet Set,3.0,91.93,0.0,Debit Card,3.0,275.79,2025-11-01,26-35
ORD100637,2025-11-01,CUST1321,18.0,Female,North,Electronics,Smartwatch,3.0,216.55,20.0,Credit Card,4.0,519.72,2025-11-01,18-25
ORD103065,2025-11-01,CUST1678,43.0,Male,West,Clothing,Jeans,3.0,68.6,0.0,UPI,4.0,205.8,2025-11-01,36-45
ORD103316,2025-11-01,CUST1785,39.0,Male,East,Sports,Running Shoes,5.0,5.0,10.0,Cash on Delivery,4.0,22.5,2025-11-01,36-45
ORD101531,2025-11-02,CUST1411,47.0,Female,Unknown,Clothing,Sneakers,5.0,66.66,15.0,UPI,4.0,283.3,2025-11-01,46-55
ORD101516,2025-11-02,CUST1080,18.0,Female,West,Clothing,Jeans,3.0,41.21,15.0,Credit Card,5.0,105.09,2025-11-01,18-25
ORD103234,2025-11-02,CUST2156,36.0,Male,North,Beauty,Perfume,3.0,14.43,15.0,Debit Card,4.0,36.8,2025-11-01,36-45
ORD103342,2025-11-02,CUST1698,51.0,Female,North,Home & Kitchen,Desk Lamp,2.0,30.05,0.0,Debit Card,4.0,60.1,2025-11-01,46-55
ORD103142,2025-11-02,CUST1778,33.0,Male,South,Electronics,Smartwatch,1.0,245.73,5.0,Credit Card,5.0,233.44,2025-11-01,26-35
ORD102472,2025-11-02,CUST1649,38.0,Male,North,Beauty,Hair Dryer,1.0,14.29,0.0,Credit Card,3.0,14.29,2025-11-01,36-45
ORD102440,2025-11-02,CUST1690,52.0,Male,East,Sports,Water Bottle,1.0,27.81,5.0,Credit Card,3.0,26.42,2025-11-01,46-55
ORD101076,2025-11-02,CUST1745,36.0,Female,South,Electronics,Bluetooth Speaker,1.0,191.24,5.0,Credit Card,4.0,181.68,2025-11-01,36-45
ORD102791,2025-11-02,CUST1717,38.0,Female,South,Sports,Running Shoes,3.0,5.78,0.0,Credit Card,5.0,17.34,2025-11-01,36-45
ORD102746,2025-11-02,CUST1567,36.0,Male,North,Clothing,Jacket,1.0,48.99,0.0,Credit Card,5.0,48.99,2025-11-01,36-45
ORD103127,2025-11-02,CUST1728,41.0,Male,West,Electronics,Smartwatch,1.0,123.62,5.0,Debit Card,3.0,117.44,2025-11-01,36-45
ORD102179,2025-11-02,CUST1970,28.0,Female,North,Home & Kitchen,Cookware Set,2.0,82.32,15.0,UPI,5.0,139.94,2025-11-01,26-35
ORD100007,2025-11-02,CUST2118,36.0,Male,West,Electronics,Bluetooth Speaker,4.0,146.67,0.0,Credit Card,4.0,586.68,2025-11-01,36-45
ORD103207,2025-11-02,CUST1200,29.0,Female,East,Home & Kitchen,Desk Lamp,4.0,37.91,0.0,Cash on Delivery,4.0,151.64,2025-11-01,26-35
ORD103190,2025-11-02,CUST1096,35.0,Female,West,Clothing,Sneakers,2.0,60.44,25.0,Credit Card,3.0,90.66,2025-11-01,26-35
ORD100137,2025-11-02,CUST1735,38.0,Male,East,Home & Kitchen,Cookware Set,2.0,79.96,0.0,Net Banking,4.0,159.92,2025-11-01,36-45
ORD100434,2025-11-03,CUST2142,41.0,Female,East,Sports,Water Bottle,4.0,22.23,10.0,Cash on Delivery,4.0,80.03,2025-11-01,36-45
ORD103401,2025-11-03,CUST1409,41.0,Male,South,Clothing,T-Shirt,1.0,43.77,0.0,Debit Card,4.0,43.77,2025-11-01,36-45
ORD102430,2025-11-03,CUST1139,44.0,Female,South,Beauty,Lipstick Set,1.0,38.66,10.0,UPI,4.0,34.79,2025-11-01,36-45
ORD103310,2025-11-03,CUST1295,46.0,Female,East,Electronics,Bluetooth Speaker,3.0,221.59,0.0,Cash on Delivery,4.0,664.77,2025-11-01,46-55
ORD103253,2025-11-03,CUST2191,55.0,Female,East,Sports,Yoga Mat,4.0,32.05,25.0,Credit Card,5.0,96.15,2025-11-01,46-55
ORD103105,2025-11-03,CUST1737,34.0,Male,South,Sports,Running Shoes,1.0,5.0,0.0,UPI,4.0,5.0,2025-11-01,26-35
ORD102972,2025-11-03,CUST2160,24.0,Male,East,Electronics,Headphones,1.0,79.78,5.0,UPI,4.0,75.79,2025-11-01,18-25
ORD103055,2025-11-03,CUST2103,24.0,Female,South,Electronics,Bluetooth Speaker,1.0,135.24,0.0,Cash on Delivery,3.0,135.24,2025-11-01,18-25
ORD103121,2025-11-03,CUST1126,32.0,Male,Unknown,Clothing,Jeans,5.0,50.69,5.0,Credit Card,4.0,240.78,2025-11-01,26-35
ORD103272,2025-11-03,CUST1996,35.0,Male,South,Beauty,Hair Dryer,1.0,28.88,15.0,Cash on Delivery,4.0,24.55,2025-11-01,26-35
ORD103081,2025-11-04,CUST2078,19.0,Male,West,Electronics,Headphones,4.0,99.34,15.0,Credit Card,4.0,337.76,2025-11-01,18-25
ORD103360,2025-11-04,CUST2074,58.0,Female,West,Sports,Water Bottle,1.0,23.69,5.0,Debit Card,5.0,22.51,2025-11-01,56+
ORD103147,2025-11-04,CUST1919,57.0,Female,South,Clothing,Jeans,3.0,85.99,0.0,UPI,5.0,257.97,2025-11-01,56+
ORD101085,2025-11-04,CUST1138,48.0,Male,Unknown,Home & Kitchen,Cookware Set,1.0,86.03,5.0,Cash on Delivery,4.0,81.73,2025-11-01,46-55
ORD103329,2025-11-04,CUST1300,36.0,Female,North,Beauty,Hair Dryer,3.0,36.84,5.0,Credit Card,4.0,104.99,2025-11-01,36-45
ORD102042,2025-11-04,CUST1628,35.0,Male,South,Beauty,Face Cream,1.0,32.21,15.0,Credit Card,4.0,27.38,2025-11-01,26-35
ORD102668,2025-11-04,CUST1702,26.0,Male,South,Sports,Yoga Mat,2.0,42.58,5.0,Debit Card,4.0,80.9,2025-11-01,26-35
ORD103193,2025-11-04,CUST1965,29.0,Male,South,Beauty,Face Cream,3.0,39.89,5.0,Net Banking,4.0,113.69,2025-11-01,26-35
ORD103290,2025-11-04,CUST1437,44.0,Male,South,Electronics,Smartwatch,1.0,220.01,5.0,Debit Card,4.0,209.01,2025-11-01,36-45
ORD103382,2025-11-04,CUST2184,34.0,Female,North,Sports,Yoga Mat,1.0,65.27,20.0,Net Banking,3.0,52.22,2025-11-01,26-35
ORD103280,2025-11-04,CUST1663,28.0,Male,East,Home & Kitchen,Air Fryer,1.0,33.78,10.0,UPI,4.0,30.4,2025-11-01,26-35
ORD101280,2025-11-04,CUST1501,45.0,Male,North,Sports,Running Shoes,1.0,59.6,5.0,Debit Card,5.0,56.62,2025-11-01,36-45
ORD101562,2025-11-04,CUST1845,34.0,Female,South,Clothing,Jeans,1.0,57.65,0.0,Debit Card,4.0,57.65,2025-11-01,26-35
ORD102588,2025-11-04,CUST1519,31.0,Male,South,Sports,Water Bottle,1.0,57.9,10.0,Cash on Delivery,4.0,52.11,2025-11-01,26-35
ORD102071,2025-11-04,CUST1678,21.0,Female,South,Electronics,Headphones,2.0,293.23,10.0,Credit Card,5.0,527.81,2025-11-01,18-25
ORD102355,2025-11-04,CUST2052,38.0,Male,West,Sports,Yoga Mat,1.0,22.42,0.0,Credit Card,3.0,22.42,2025-11-01,36-45
ORD101107,2025-11-04,CUST2196,39.0,Male,West,Clothing,Jeans,4.0,47.73,10.0,Debit Card,5.0,171.83,2025-11-01,36-45
ORD103271,2025-11-04,CUST2065,38.0,Male,North,Home & Kitchen,Cookware Set,5.0,49.37,10.0,Cash on Delivery,5.0,222.16,2025-11-01,36-45
ORD100717,2025-11-04,CUST1646,29.0,Male,Unknown,Home & Kitchen,Cookware Set,5.0,91.3,0.0,Credit Card,5.0,456.5,2025-11-01,26-35
ORD103031,2025-11-05,CUST1812,31.0,Female,East,Clothing,Jacket,2.0,61.1,0.0,Credit Card,4.0,122.2,2025-11-01,26-35
ORD102493,2025-11-05,CUST1743,22.0,Male,North,Sports,Water Bottle,2.0,33.59,15.0,Credit Card,4.0,57.1,2025-11-01,18-25
ORD103354,2025-11-05,CUST1981,67.0,Male,West,Clothing,Jacket,1.0,74.84,5.0,UPI,3.0,71.1,2025-11-01,56+
ORD100393,2025-11-05,CUST1280,25.0,Female,North,Beauty,Lipstick Set,1.0,37.47,25.0,UPI,5.0,28.1,2025-11-01,18-25
ORD103275,2025-11-05,CUST1421,18.0,Female,North,Beauty,Lipstick Set,4.0,30.32,0.0,Credit Card,4.0,121.28,2025-11-01,18-25
ORD102168,2025-11-05,CUST1296,28.0,Female,West,Beauty,Lipstick Set,3.0,21.19,25.0,Debit Card,4.0,47.68,2025-11-01,26-35
ORD100272,2025-11-05,CUST1182,50.0,Male,East,Beauty,Lipstick Set,2.0,42.32,20.0,Debit Card,5.0,67.71,2025-11-01,46-55
ORD103138,2025-11-05,CUST1471,18.0,Male,East,Electronics,Bluetooth Speaker,1.0,265.05,0.0,Net Banking,5.0,265.05,2025-11-01,18-25
ORD102215,2025-11-05,CUST1179,36.0,Male,West,Clothing,Jacket,2.0,81.07,25.0,Credit Card,5.0,121.6,2025-11-01,36-45
ORD102883,2025-11-05,CUST1043,36.0,Male,South,Sports,Dumbbell Set,1.0,71.79,0.0,Credit Card,3.0,71.79,2025-11-01,36-45
ORD103250,2025-11-05,CUST1859,22.0,Male,West,Clothing,Jeans,4.0,45.36,0.0,Debit Card,3.0,181.44,2025-11-01,18-25
ORD100734,2025-11-05,CUST1622,30.0,Male,East,Home & Kitchen,Bedsheet Set,2.0,57.42,25.0,UPI,5.0,86.13,2025-11-01,26-35
ORD101776,2025-11-05,CUST1469,32.0,Female,South,Electronics,Headphones,4.0,90.02,15.0,Debit Card,3.0,306.07,2025-11-01,26-35
ORD100668,2025-11-05,CUST1262,23.0,Female,East,Sports,Dumbbell Set,1.0,67.25,5.0,Credit Card,5.0,63.89,2025-11-01,18-25
ORD103046,2025-11-05,CUST1307,48.0,Male,North,Clothing,Jacket,1.0,16.54,5.0,Credit Card,3.0,15.71,2025-11-01,46-55
ORD103158,2025-11-06,CUST1727,51.0,Male,South,Home & Kitchen,Cookware Set,2.0,75.06,10.0,Debit Card,3.0,135.11,2025-11-01,46-55
ORD103408,2025-11-06,CUST1195,52.0,Female,North,Sports,Water Bottle,1.0,52.14,0.0,Credit Card,4.0,52.14,2025-11-01,46-55
ORD103284,2025-11-06,CUST1098,30.0,Male,South,Home & Kitchen,Bedsheet Set,1.0,36.49,0.0,Debit Card,4.0,36.49,2025-11-01,26-35
ORD100779,2025-11-06,CUST1603,44.0,Female,West,Clothing,T-Shirt,4.0,35.92,0.0,Net Banking,3.0,143.68,2025-11-01,36-45
ORD103073,2025-11-06,CUST1120,35.0,Female,North,Clothing,T-Shirt,1.0,87.76,0.0,Cash on Delivery,4.0,87.76,2025-11-01,26-35
ORD101497,2025-11-06,CUST2073,32.0,Male,North,Home & Kitchen,Air Fryer,1.0,118.95,10.0,Cash on Delivery,5.0,107.06,2025-11-01,26-35
ORD103214,2025-11-06,CUST1846,41.0,Female,West,Clothing,Sneakers,1.0,59.63,10.0,UPI,3.0,53.67,2025-11-01,36-45
ORD100460,2025-11-06,CUST2040,31.0,Female,South,Beauty,Perfume,1.0,57.18,15.0,Debit Card,4.0,48.6,2025-11-01,26-35
ORD100987,2025-11-06,CUST1357,36.0,Female,West,Clothing,Jeans,2.0,69.17,0.0,UPI,5.0,138.34,2025-11-01,36-45
ORD103404,2025-11-06,CUST2031,34.0,Male,East,Clothing,Jeans,1.0,58.63,0.0,Debit Card,4.0,58.63,2025-11-01,26-35
ORD103101,2025-11-07,CUST1105,47.0,Male,West,Home & Kitchen,Air Fryer,3.0,72.27,0.0,UPI,3.0,216.81,2025-11-01,46-55
ORD103443,2025-11-07,CUST2137,50.0,Female,East,Clothing,T-Shirt,2.0,48.98,0.0,Credit Card,5.0,97.96,2025-11-01,46-55
ORD101637,2025-11-07,CUST1778,44.0,Female,East,Beauty,Lipstick Set,1.0,29.56,10.0,UPI,4.0,26.6,2025-11-01,36-45
ORD100528,2025-11-07,CUST2115,34.0,Female,South,Home & Kitchen,Desk Lamp,4.0,106.47,10.0,UPI,5.0,383.29,2025-11-01,26-35
ORD101839,2025-11-07,CUST2087,32.0,Female,West,Clothing,Jeans,3.0,76.47,0.0,UPI,4.0,229.41,2025-11-01,26-35
ORD100075,2025-11-07,CUST2014,26.0,Female,West,Sports,Dumbbell Set,1.0,79.56,25.0,UPI,4.0,59.67,2025-11-01,26-35
ORD100077,2025-11-07,CUST1019,40.0,Female,East,Sports,Water Bottle,1.0,44.77,20.0,Credit Card,4.0,35.82,2025-11-01,36-45
ORD101339,2025-11-07,CUST1201,50.0,Male,West,Electronics,Smartwatch,3.0,129.74,15.0,Credit Card,4.0,330.84,2025-11-01,46-55
ORD100914,2025-11-08,CUST1336,22.0,Female,South,Home & Kitchen,Air Fryer,3.0,29.94,0.0,Net Banking,4.0,89.82,2025-11-01,18-25
ORD101679,2025-11-08,CUST1636,46.0,Male,North,Beauty,Lipstick Set,3.0,19.65,5.0,Debit Card,4.0,56.0,2025-11-01,46-55
ORD100470,2025-11-08,CUST1896,18.0,Female,South,Electronics,Tablet,4.0,216.74,5.0,Credit Card,4.0,823.61,2025-11-01,18-25
ORD103287,2025-11-08,CUST1221,38.0,Female,West,Clothing,Sneakers,1.0,81.81,0.0,Credit Card,3.0,81.81,2025-11-01,36-45
ORD100155,2025-11-08,CUST1538,24.0,Female,South,Clothing,Jacket,2.0,61.93,0.0,UPI,5.0,123.86,2025-11-01,18-25
ORD103279,2025-11-08,CUST2179,32.0,Male,Unknown,Electronics,Smartwatch,3.0,155.92,10.0,Net Banking,3.0,420.98,2025-11-01,26-35
ORD100448,2025-11-08,CUST1141,42.0,Male,South,Clothing,Jacket,1.0,92.62,5.0,UPI,3.0,87.99,2025-11-01,36-45
ORD103134,2025-11-08,CUST1039,46.0,Female,West,Home & Kitchen,Bedsheet Set,5.0,80.99,10.0,Credit Card,4.0,364.46,2025-11-01,46-55
ORD102799,2025-11-08,CUST1311,46.0,Female,South,Sports,Yoga Mat,1.0,64.67,10.0,Debit Card,5.0,58.2,2025-11-01,46-55
ORD103273,2025-11-08,CUST1147,47.0,Male,South,Home & Kitchen,Bedsheet Set,3.0,45.65,0.0,Credit Card,4.0,136.95,2025-11-01,46-55
ORD103100,2025-11-08,CUST1346,48.0,Female,West,Electronics,Tablet,1.0,205.53,20.0,Credit Card,4.0,164.42,2025-11-01,46-55
ORD102506,2025-11-08,CUST2175,30.0,Female,West,Electronics,Bluetooth Speaker,5.0,173.88,5.0,Credit Card,4.0,825.93,2025-11-01,26-35
ORD103434,2025-11-08,CUST2042,29.0,Male,South,Sports,Yoga Mat,1.0,67.51,5.0,Credit Card,4.0,64.13,2025-11-01,26-35
ORD101446,2025-11-09,CUST2119,42.0,Female,East,Sports,Running Shoes,1.0,52.98,5.0,Cash on Delivery,4.0,50.33,2025-11-01,36-45
ORD100726,2025-11-09,CUST1897,33.0,Female,West,Sports,Yoga Mat,1.0,48.48,15.0,Credit Card,4.0,41.21,2025-11-01,26-35
ORD103070,2025-11-09,CUST1269,44.0,Female,North,Home & Kitchen,Desk Lamp,1.0,54.6,0.0,Net Banking,5.0,54.6,2025-11-01,36-45
ORD103258,2025-11-09,CUST1701,43.0,Male,North,Sports,Dumbbell Set,2.0,46.26,0.0,Net Banking,3.0,92.52,2025-11-01,36-45
ORD102325,2025-11-09,CUST1095,28.0,Male,East,Home & Kitchen,Air Fryer,1.0,78.03,25.0,Credit Card,4.0,58.52,2025-11-01,26-35
ORD102542,2025-11-09,CUST1733,36.0,Female,East,Beauty,Perfume,3.0,43.79,0.0,Credit Card,4.0,131.37,2025-11-01,36-45
ORD103409,2025-11-09,CUST2032,51.0,Male,West,Home & Kitchen,Desk Lamp,1.0,72.53,0.0,Net Banking,5.0,72.53,2025-11-01,46-55
ORD100787,2025-11-09,CUST1674,32.0,Male,East,Sports,Dumbbell Set,1.0,26.07,25.0,UPI,3.0,19.55,2025-11-01,26-35
ORD103378,2025-11-09,CUST1273,55.0,Male,West,Clothing,Jeans,1.0,61.85,10.0,UPI,4.0,55.66,2025-11-01,46-55
ORD103169,2025-11-10,CUST1310,37.0,Male,South,Home & Kitchen,Bedsheet Set,1.0,76.94,0.0,UPI,4.0,76.94,2025-11-01,36-45
ORD103300,2025-11-10,CUST1337,38.0,Male,South,Sports,Water Bottle,1.0,28.28,5.0,UPI,3.0,26.87,2025-11-01,36-45
ORD101789,2025-11-10,CUST1109,49.0,Female,North,Electronics,Bluetooth Speaker,2.0,108.16,5.0,Debit Card,4.0,205.5,2025-11-01,46-55
ORD103400,2025-11-10,CUST2100,47.0,Male,East,Sports,Yoga Mat,1.0,35.48,5.0,Net Banking,5.0,33.71,2025-11-01,46-55
ORD100623,2025-11-10,CUST1017,24.0,Male,East,Beauty,Perfume,3.0,28.87,0.0,UPI,3.0,86.61,2025-11-01,18-25
ORD103356,2025-11-10,CUST1346,40.0,Male,South,Home & Kitchen,Bedsheet Set,1.0,10.79,0.0,UPI,5.0,10.79,2025-11-01,36-45
ORD103239,2025-11-10,CUST1332,28.0,Male,South,Clothing,Jeans,1.0,69.29,0.0,Credit Card,5.0,69.29,2025-11-01,26-35
ORD103268,2025-11-10,CUST1010,19.0,Female,South,Sports,Running Shoes,1.0,56.84,0.0,Credit Card,5.0,56.84,2025-11-01,18-25
ORD103129,2025-11-10,CUST1993,32.0,Male,South,Sports,Yoga Mat,4.0,65.42,5.0,UPI,3.0,248.6,2025-11-01,26-35
ORD102901,2025-11-10,CUST1994,27.0,Male,East,Clothing,T-Shirt,1.0,93.34,0.0,Cash on Delivery,3.0,93.34,2025-11-01,26-35
ORD101374,2025-11-10,CUST1192,49.0,Male,East,Clothing,T-Shirt,1.0,59.68,15.0,Debit Card,5.0,50.73,2025-11-01,46-55
ORD100920,2025-11-10,CUST1313,46.0,Male,North,Clothing,Sneakers,1.0,53.29,15.0,Cash on Delivery,4.0,45.3,2025-11-01,46-55
ORD101594,2025-11-10,CUST1555,42.0,Male,Unknown,Clothing,T-Shirt,1.0,73.19,20.0,Cash on Delivery,4.0,58.55,2025-11-01,36-45
ORD102016,2025-11-10,CUST1728,54.0,Female,North,Clothing,T-Shirt,1.0,53.95,15.0,Net Banking,3.0,45.86,2025-11-01,46-55
ORD103194,2025-11-10,CUST1650,36.0,Male,West,Sports,Yoga Mat,1.0,38.94,10.0,Net Banking,2.0,35.05,2025-11-01,36-45
ORD103237,2025-11-10,CUST1173,37.0,Male,West,Electronics,Smartwatch,2.0,151.19,20.0,Credit Card,4.0,241.9,2025-11-01,36-45
ORD100803,2025-11-10,CUST1077,36.0,Female,South,Home & Kitchen,Cookware Set,4.0,44.82,15.0,Net Banking,5.0,152.39,2025-11-01,36-45
ORD103327,2025-11-11,CUST1900,37.0,Female,East,Sports,Dumbbell Set,1.0,78.63,10.0,Debit Card,4.0,70.77,2025-11-01,36-45
ORD103211,2025-11-11,CUST2191,33.0,Male,South,Clothing,Jeans,2.0,10.68,5.0,UPI,4.0,20.29,2025-11-01,26-35
ORD103108,2025-11-11,CUST1435,41.0,Female,South,Sports,Running Shoes,4.0,46.85,10.0,Credit Card,5.0,168.66,2025-11-01,36-45
ORD100062,2025-11-11,CUST1806,27.0,Female,North,Sports,Water Bottle,3.0,36.86,5.0,Debit Card,5.0,105.05,2025-11-01,26-35
ORD103288,2025-11-11,CUST1420,40.0,Female,North,Clothing,Jacket,1.0,75.82,0.0,UPI,4.0,75.82,2025-11-01,36-45
ORD100285,2025-11-11,CUST1533,18.0,Male,North,Beauty,Lipstick Set,1.0,46.42,15.0,Debit Card,5.0,39.46,2025-11-01,18-25
ORD103277,2025-11-11,CUST1997,18.0,Male,East,Clothing,Sneakers,2.0,46.08,0.0,UPI,3.0,92.16,2025-11-01,18-25
ORD103394,2025-11-11,CUST1668,36.0,Female,West,Clothing,Sneakers,1.0,53.88,0.0,Net Banking,4.0,53.88,2025-11-01,36-45
ORD103338,2025-11-11,CUST1811,18.0,Male,East,Clothing,T-Shirt,2.0,29.93,0.0,Credit Card,4.0,59.86,2025-11-01,18-25
ORD102723,2025-11-11,CUST1031,19.0,Male,North,Electronics,Bluetooth Speaker,2.0,132.16,0.0,Cash on Delivery,5.0,264.32,2025-11-01,18-25
ORD103350,2025-11-11,CUST1138,41.0,Female,South,Clothing,T-Shirt,1.0,44.0,0.0,Credit Card,3.0,44.0,2025-11-01,36-45
ORD103212,2025-11-12,CUST1097,27.0,Male,South,Beauty,Hair Dryer,1.0,43.19,15.0,Cash on Delivery,4.0,36.71,2025-11-01,26-35
ORD101864,2025-11-12,CUST2186,18.0,Male,South,Beauty,Lipstick Set,2.0,44.88,25.0,Cash on Delivery,4.0,67.32,2025-11-01,18-25
ORD101343,2025-11-12,CUST2099,30.0,Female,North,Home & Kitchen,Bedsheet Set,2.0,53.31,5.0,Credit Card,5.0,101.29,2025-11-01,26-35
ORD103406,2025-11-12,CUST1938,35.0,Male,North,Sports,Yoga Mat,1.0,13.71,20.0,Credit Card,3.0,10.97,2025-11-01,26-35
ORD103203,2025-11-12,CUST2008,35.0,Female,East,Beauty,Hair Dryer,3.0,37.97,0.0,Credit Card,4.0,113.91,2025-11-01,26-35
ORD103337,2025-11-12,CUST1267,25.0,Male,South,Sports,Dumbbell Set,2.0,45.52,15.0,Credit Card,4.0,77.38,2025-11-01,18-25
ORD100508,2025-11-12,CUST1102,22.0,Female,Unknown,Electronics,Headphones,1.0,105.58,20.0,Debit Card,4.0,84.46,2025-11-01,18-25
ORD100112,2025-11-12,CUST1238,20.0,Female,West,Beauty,Lipstick Set,2.0,19.62,0.0,Debit Card,4.0,39.24,2025-11-01,18-25
ORD103115,2025-11-12,CUST1583,30.0,Female,South,Clothing,T-Shirt,1.0,49.93,20.0,Credit Card,4.0,39.94,2025-11-01,26-35
ORD103006,2025-11-12,CUST1061,34.0,Female,West,Sports,Water Bottle,2.0,43.98,0.0,Net Banking,4.0,87.96,2025-11-01,26-35
ORD102997,2025-11-12,CUST1319,35.0,Male,West,Clothing,Jacket,4.0,86.44,5.0,Credit Card,4.0,328.47,2025-11-01,26-35
ORD103427,2025-11-12,CUST1316,28.0,Female,West,Home & Kitchen,Desk Lamp,1.0,71.95,15.0,Debit Card,4.0,61.16,2025-11-01,26-35
ORD103276,2025-11-12,CUST2109,30.0,Female,West,Electronics,Tablet,1.0,189.9,5.0,Net Banking,4.0,180.4,2025-11-01,26-35
ORD103043,2025-11-12,CUST1882,55.0,Male,South,Sports,Yoga Mat,3.0,55.81,0.0,Cash on Delivery,5.0,167.43,2025-11-01,46-55
ORD100834,2025-11-13,CUST2087,36.0,Female,North,Beauty,Lipstick Set,2.0,39.32,15.0,Credit Card,3.0,66.84,2025-11-01,36-45
ORD103196,2025-11-13,CUST1035,52.0,Female,North,Sports,Yoga Mat,1.0,28.27,0.0,Net Banking,4.0,28.27,2025-11-01,46-55
ORD103240,2025-11-13,CUST1147,31.0,Female,West,Electronics,Tablet,1.0,189.06,0.0,UPI,4.0,189.06,2025-11-01,26-35
ORD103339,2025-11-13,CUST2166,29.0,Male,North,Sports,Water Bottle,1.0,71.33,5.0,Credit Card,4.0,67.76,2025-11-01,26-35
ORD100839,2025-11-13,CUST2073,32.0,Female,East,Home & Kitchen,Desk Lamp,3.0,46.31,0.0,Debit Card,3.0,138.93,2025-11-01,26-35
ORD102864,2025-11-13,CUST2160,33.0,Male,North,Beauty,Hair Dryer,1.0,41.93,0.0,UPI,5.0,41.93,2025-11-01,26-35
ORD103030,2025-11-13,CUST1759,32.0,Female,West,Sports,Dumbbell Set,2.0,56.63,15.0,Debit Card,3.0,96.27,2025-11-01,26-35
ORD101528,2025-11-13,CUST1567,34.0,Female,Unknown,Clothing,Sneakers,2.0,75.1,0.0,UPI,4.0,150.2,2025-11-01,26-35
ORD101930,2025-11-13,CUST1191,49.0,Male,North,Beauty,Hair Dryer,5.0,40.01,0.0,Cash on Delivery,5.0,200.05,2025-11-01,46-55
ORD103440,2025-11-14,CUST1399,18.0,Male,North,Sports,Dumbbell Set,3.0,50.07,0.0,Net Banking,4.0,150.21,2025-11-01,18-25
ORD100216,2025-11-14,CUST1888,32.0,Male,West,Beauty,Hair Dryer,1.0,17.37,5.0,Cash on Delivery,3.0,16.5,2025-11-01,26-35
ORD103206,2025-11-14,CUST1714,27.0,Female,Unknown,Sports,Dumbbell Set,1.0,58.41,5.0,Credit Card,3.0,55.49,2025-11-01,26-35
ORD103223,2025-11-14,CUST1551,18.0,Male,North,Electronics,Headphones,2.0,75.23,10.0,Debit Card,4.0,135.41,2025-11-01,18-25
ORD101976,2025-11-14,CUST1843,22.0,Male,South,Beauty,Hair Dryer,1.0,35.6,0.0,Debit Card,5.0,35.6,2025-11-01,18-25
ORD103352,2025-11-14,CUST1631,45.0,Female,West,Electronics,Headphones,3.0,143.81,10.0,UPI,4.0,388.29,2025-11-01,36-45
ORD101728,2025-11-14,CUST1703,35.0,Female,South,Electronics,Headphones,1.0,195.94,10.0,Credit Card,4.0,176.35,2025-11-01,26-35
ORD103114,2025-11-14,CUST1719,51.0,Female,Unknown,Clothing,T-Shirt,3.0,43.45,20.0,Debit Card,4.0,104.28,2025-11-01,46-55
ORD102751,2025-11-14,CUST1751,38.0,Female,East,Electronics,Smartwatch,2.0,297.77,15.0,UPI,5.0,506.21,2025-11-01,36-45
ORD101055,2025-11-14,CUST1545,42.0,Female,North,Home & Kitchen,Air Fryer,3.0,17.07,15.0,Debit Card,3.0,43.53,2025-11-01,36-45
ORD103351,2025-11-14,CUST1291,42.0,Female,South,Home & Kitchen,Bedsheet Set,2.0,67.97,0.0,UPI,3.0,135.94,2025-11-01,36-45
ORD100871,2025-11-14,CUST1772,51.0,Female,East,Electronics,Bluetooth Speaker,3.0,274.54,0.0,Cash on Delivery,2.0,823.62,2025-11-01,46-55
ORD103186,2025-11-14,CUST1527,36.0,Female,East,Electronics,Smartwatch,2.0,237.67,5.0,UPI,4.0,451.57,2025-11-01,36-45
ORD100704,2025-11-14,CUST2174,32.0,Female,North,Sports,Dumbbell Set,2.0,54.77,15.0,Debit Card,4.0,93.11,2025-11-01,26-35
ORD100254,2025-11-14,CUST1803,26.0,Female,West,Beauty,Lipstick Set,1.0,49.26,0.0,Credit Card,4.0,49.26,2025-11-01,26-35
ORD102443,2025-11-15,CUST1593,36.0,Female,East,Clothing,Sneakers,2.0,81.46,10.0,Credit Card,4.0,146.63,2025-11-01,36-45
ORD103397,2025-11-15,CUST1987,29.0,Female,South,Clothing,Sneakers,1.0,40.15,15.0,Cash on Delivery,4.0,34.13,2025-11-01,26-35
ORD103232,2025-11-15,CUST1316,47.0,Male,South,Home & Kitchen,Cookware Set,1.0,27.49,0.0,Cash on Delivery,4.0,27.49,2025-11-01,46-55
ORD102371,2025-11-15,CUST1041,38.0,Male,West,Clothing,Sneakers,4.0,66.11,5.0,Credit Card,4.0,251.22,2025-11-01,36-45
ORD102208,2025-11-15,CUST1948,39.0,Male,West,Clothing,Sneakers,1.0,42.86,0.0,Credit Card,4.0,42.86,2025-11-01,36-45
ORD103387,2025-11-15,CUST1224,36.0,Male,West,Sports,Dumbbell Set,4.0,47.24,10.0,Debit Card,5.0,170.06,2025-11-01,36-45
ORD100536,2025-11-15,CUST1492,29.0,Female,West,Clothing,T-Shirt,5.0,59.58,0.0,Debit Card,5.0,297.9,2025-11-01,26-35
ORD102510,2025-11-15,CUST1117,32.0,Female,South,Electronics,Bluetooth Speaker,2.0,183.48,5.0,Cash on Delivery,4.0,348.61,2025-11-01,26-35
ORD103411,2025-11-15,CUST1612,27.0,Male,West,Sports,Yoga Mat,4.0,10.91,20.0,Debit Card,4.0,34.91,2025-11-01,26-35
ORD102527,2025-11-15,CUST1281,46.0,Female,West,Clothing,T-Shirt,2.0,67.6,0.0,UPI,4.0,135.2,2025-11-01,46-55
ORD103225,2025-11-16,CUST1754,44.0,Female,West,Clothing,Sneakers,5.0,89.12,15.0,Debit Card,4.0,378.76,2025-11-01,36-45
ORD100993,2025-11-16,CUST1214,34.0,Female,North,Clothing,T-Shirt,1.0,64.71,10.0,Credit Card,4.0,58.24,2025-11-01,26-35
ORD103097,2025-11-16,CUST1040,47.0,Female,East,Electronics,Headphones,2.0,70.68,0.0,Net Banking,3.0,141.36,2025-11-01,46-55
ORD101192,2025-11-16,CUST1825,29.0,Female,South,Home & Kitchen,Desk Lamp,2.0,92.83,10.0,Credit Card,4.0,167.09,2025-11-01,26-35
ORD102257,2025-11-16,CUST2025,49.0,Male,South,Sports,Dumbbell Set,1.0,53.09,0.0,UPI,4.0,53.09,2025-11-01,46-55
ORD100205,2025-11-16,CUST1060,29.0,Male,South,Clothing,Jeans,2.0,58.5,0.0,Cash on Delivery,3.0,117.0,2025-11-01,26-35
ORD103439,2025-11-16,CUST1646,40.0,Male,Unknown,Home & Kitchen,Cookware Set,2.0,42.88,0.0,UPI,3.0,85.76,2025-11-01,36-45
ORD103410,2025-11-16,CUST1755,49.0,Male,South,Electronics,Smartwatch,1.0,224.82,0.0,Credit Card,4.0,224.82,2025-11-01,46-55
ORD103413,2025-11-16,CUST1116,36.0,Male,East,Beauty,Face Cream,1.0,44.43,15.0,Credit Card,5.0,37.77,2025-11-01,36-45
ORD102412,2025-11-16,CUST1694,36.0,Male,Unknown,Beauty,Hair Dryer,2.0,43.89,0.0,Credit Card,5.0,87.78,2025-11-01,36-45
ORD103398,2025-11-17,CUST1245,18.0,Female,South,Home & Kitchen,Bedsheet Set,1.0,71.04,5.0,Net Banking,4.0,67.49,2025-11-01,18-25
ORD101747,2025-11-17,CUST1759,33.0,Female,West,Home & Kitchen,Desk Lamp,1.0,46.14,5.0,Debit Card,3.0,43.83,2025-11-01,26-35
ORD103285,2025-11-17,CUST1552,43.0,Female,West,Electronics,Bluetooth Speaker,1.0,222.72,0.0,UPI,4.0,222.72,2025-11-01,36-45
ORD102528,2025-11-17,CUST1949,21.0,Male,West,Beauty,Perfume,2.0,40.34,0.0,Credit Card,4.0,80.68,2025-11-01,18-25
ORD103035,2025-11-17,CUST1019,22.0,Female,East,Home & Kitchen,Air Fryer,1.0,62.17,0.0,UPI,5.0,62.17,2025-11-01,18-25
ORD100334,2025-11-17,CUST1973,34.0,Female,South,Clothing,Jeans,3.0,47.5,5.0,UPI,5.0,135.38,2025-11-01,26-35
ORD103133,2025-11-17,CUST1772,42.0,Female,North,Home & Kitchen,Desk Lamp,1.0,60.36,0.0,UPI,5.0,60.36,2025-11-01,36-45
ORD103135,2025-11-17,CUST2068,52.0,Male,East,Sports,Dumbbell Set,1.0,54.15,0.0,Net Banking,5.0,54.15,2025-11-01,46-55
ORD103195,2025-11-17,CUST1757,25.0,Female,South,Sports,Dumbbell Set,2.0,51.34,0.0,UPI,3.0,102.68,2025-11-01,18-25
ORD103058,2025-11-17,CUST1850,22.0,Male,North,Beauty,Hair Dryer,1.0,35.87,10.0,Cash on Delivery,4.0,32.28,2025-11-01,18-25
ORD102455,2025-11-17,CUST1067,18.0,Female,South,Sports,Running Shoes,1.0,33.49,0.0,Credit Card,4.0,33.49,2025-11-01,18-25
ORD103353,2025-11-17,CUST1631,40.0,Male,East,Clothing,Jeans,2.0,16.58,10.0,UPI,4.0,29.84,2025-11-01,36-45
ORD102908,2025-11-17,CUST1395,42.0,Male,North,Home & Kitchen,Bedsheet Set,2.0,39.34,0.0,Credit Card,3.0,78.68,2025-11-01,36-45
ORD100478,2025-11-17,CUST1943,44.0,Male,West,Electronics,Smartwatch,1.0,97.87,10.0,UPI,3.0,88.08,2025-11-01,36-45
ORD103176,2025-11-18,CUST1499,37.0,Female,West,Electronics,Smartwatch,1.0,284.56,10.0,UPI,2.0,256.1,2025-11-01,36-45
ORD101678,2025-11-18,CUST2100,36.0,Male,East,Electronics,Tablet,1.0,111.58,0.0,Debit Card,4.0,111.58,2025-11-01,36-45
ORD101458,2025-11-18,CUST1641,47.0,Female,West,Clothing,T-Shirt,1.0,38.12,15.0,UPI,4.0,32.4,2025-11-01,46-55
ORD101685,2025-11-18,CUST2146,41.0,Female,East,Sports,Dumbbell Set,1.0,57.55,0.0,Credit Card,3.0,57.55,2025-11-01,36-45
ORD101868,2025-11-18,CUST2059,41.0,Female,South,Home & Kitchen,Bedsheet Set,1.0,103.65,20.0,Credit Card,4.0,82.92,2025-11-01,36-45
ORD102980,2025-11-18,CUST2000,42.0,Male,North,Home & Kitchen,Cookware Set,2.0,115.74,15.0,Debit Card,3.0,196.76,2025-11-01,36-45
ORD100034,2025-11-18,CUST2053,49.0,Male,North,Clothing,T-Shirt,1.0,47.33,20.0,Debit Card,4.0,37.86,2025-11-01,46-55
ORD102290,2025-11-18,CUST1373,36.0,Male,East,Clothing,Sneakers,1.0,41.28,0.0,Debit Card,5.0,41.28,2025-11-01,36-45
ORD103130,2025-11-18,CUST1692,48.0,Male,Unknown,Sports,Yoga Mat,2.0,66.71,0.0,UPI,4.0,133.42,2025-11-01,46-55
ORD103161,2025-11-18,CUST1443,18.0,Male,East,Home & Kitchen,Desk Lamp,2.0,73.64,10.0,Net Banking,4.0,132.55,2025-11-01,18-25
ORD102398,2025-11-18,CUST1668,20.0,Male,Unknown,Electronics,Tablet,5.0,64.28,0.0,Credit Card,4.0,321.4,2025-11-01,18-25
ORD102535,2025-11-18,CUST1008,37.0,Male,South,Clothing,Sneakers,2.0,57.21,10.0,Credit Card,3.0,102.98,2025-11-01,36-45
ORD101643,2025-11-18,CUST1296,29.0,Female,East,Electronics,Bluetooth Speaker,4.0,105.51,0.0,Credit Card,5.0,422.04,2025-11-01,26-35
ORD100849,2025-11-18,CUST2195,26.0,Male,South,Home & Kitchen,Cookware Set,1.0,80.01,5.0,Cash on Delivery,3.0,76.01,2025-11-01,26-35
ORD102120,2025-11-18,CUST1911,36.0,Male,West,Electronics,Smartwatch,1.0,190.2,5.0,Credit Card,5.0,180.69,2025-11-01,36-45
ORD103177,2025-11-18,CUST1503,45.0,Male,East,Clothing,Jeans,2.0,66.01,10.0,Cash on Delivery,4.0,118.82,2025-11-01,36-45
ORD103386,2025-11-18,CUST1879,36.0,Female,East,Sports,Water Bottle,3.0,43.68,10.0,UPI,4.0,117.94,2025-11-01,36-45
ORD101831,2025-11-19,CUST1709,42.0,Male,West,Sports,Water Bottle,2.0,69.72,25.0,Credit Card,5.0,104.58,2025-11-01,36-45
ORD103075,2025-11-19,CUST1646,30.0,Male,South,Home & Kitchen,Desk Lamp,2.0,50.17,15.0,UPI,5.0,85.29,2025-11-01,26-35
ORD103324,2025-11-19,CUST1944,33.0,Female,West,Electronics,Headphones,2.0,180.74,0.0,Credit Card,4.0,361.48,2025-11-01,26-35
ORD101050,2025-11-19,CUST1888,38.0,Female,West,Sports,Running Shoes,2.0,16.56,25.0,Debit Card,4.0,24.84,2025-11-01,36-45
ORD100859,2025-11-19,CUST1496,48.0,Female,South,Sports,Dumbbell Set,1.0,41.43,0.0,Debit Card,4.0,41.43,2025-11-01,46-55
ORD103385,2025-11-19,CUST2175,38.0,Female,North,Home & Kitchen,Desk Lamp,2.0,50.97,0.0,Cash on Delivery,4.0,101.94,2025-11-01,36-45
ORD102331,2025-11-19,CUST1406,33.0,Female,Unknown,Electronics,Bluetooth Speaker,2.0,168.02,10.0,UPI,4.0,302.44,2025-11-01,26-35
ORD101673,2025-11-19,CUST1697,53.0,Male,East,Beauty,Lipstick Set,1.0,41.2,25.0,Credit Card,4.0,30.9,2025-11-01,46-55
ORD101684,2025-11-19,CUST1537,41.0,Female,East,Sports,Yoga Mat,1.0,26.35,10.0,Cash on Delivery,5.0,23.72,2025-11-01,36-45
ORD102831,2025-11-19,CUST1612,50.0,Female,West,Clothing,T-Shirt,1.0,56.01,5.0,UPI,3.0,53.21,2025-11-01,46-55
ORD102298,2025-11-20,CUST1045,53.0,Female,North,Clothing,T-Shirt,1.0,41.9,15.0,Credit Card,3.0,35.61,2025-11-01,46-55
ORD102801,2025-11-20,CUST1111,38.0,Male,North,Home & Kitchen,Cookware Set,1.0,95.56,0.0,Cash on Delivery,4.0,95.56,2025-11-01,36-45
ORD103361,2025-11-20,CUST1516,32.0,Male,North,Sports,Water Bottle,1.0,28.51,0.0,UPI,5.0,28.51,2025-11-01,26-35
ORD103449,2025-11-20,CUST1197,38.0,Female,West,Clothing,T-Shirt,1.0,23.26,5.0,Cash on Delivery,3.0,22.1,2025-11-01,36-45
ORD101740,2025-11-20,CUST1780,41.0,Female,South,Sports,Yoga Mat,2.0,44.05,5.0,Credit Card,5.0,83.7,2025-11-01,36-45
ORD103298,2025-11-20,CUST1325,54.0,Male,South,Home & Kitchen,Bedsheet Set,1.0,94.57,0.0,Debit Card,4.0,94.57,2025-11-01,46-55
ORD103437,2025-11-20,CUST1886,41.0,Female,East,Clothing,Jacket,1.0,54.54,0.0,Cash on Delivery,5.0,54.54,2025-11-01,36-45
ORD103282,2025-11-20,CUST1794,33.0,Male,North,Electronics,Headphones,1.0,202.73,0.0,Credit Card,4.0,202.73,2025-11-01,26-35
ORD102917,2025-11-20,CUST1336,45.0,Male,South,Sports,Yoga Mat,3.0,33.61,10.0,Credit Card,4.0,90.75,2025-11-01,36-45
ORD103436,2025-11-20,CUST1052,30.0,Male,West,Sports,Water Bottle,4.0,21.1,10.0,UPI,4.0,75.96,2025-11-01,26-35
ORD103145,2025-11-20,CUST1938,45.0,Female,East,Home & Kitchen,Cookware Set,2.0,73.83,10.0,Credit Card,4.0,132.89,2025-11-01,36-45
ORD103167,2025-11-20,CUST1218,19.0,Female,South,Home & Kitchen,Air Fryer,4.0,77.62,10.0,UPI,3.0,279.43,2025-11-01,18-25
ORD100657,2025-11-20,CUST1451,43.0,Female,West,Clothing,Jeans,1.0,54.66,25.0,Credit Card,3.0,41.0,2025-11-01,36-45
ORD103180,2025-11-20,CUST1666,45.0,Female,North,Sports,Dumbbell Set,3.0,31.24,0.0,UPI,4.0,93.72,2025-11-01,36-45
ORD103317,2025-11-20,CUST1851,36.0,Male,West,Clothing,Jacket,2.0,76.73,0.0,UPI,5.0,153.46,2025-11-01,36-45
ORD100877,2025-11-20,CUST1532,36.0,Male,Unknown,Electronics,Bluetooth Speaker,2.0,161.87,0.0,UPI,4.0,323.74,2025-11-01,36-45
ORD101214,2025-11-20,CUST1580,42.0,Male,East,Electronics,Headphones,5.0,101.31,0.0,Credit Card,5.0,506.55,2025-11-01,36-45
ORD101989,2025-11-20,CUST1274,36.0,Female,East,Home & Kitchen,Desk Lamp,4.0,25.6,0.0,Credit Card,4.0,102.4,2025-11-01,36-45
ORD103256,2025-11-20,CUST2089,33.0,Female,South,Electronics,Headphones,1.0,162.37,5.0,Credit Card,4.0,154.25,2025-11-01,26-35
ORD103071,2025-11-20,CUST2147,30.0,Female,North,Home & Kitchen,Cookware Set,2.0,98.7,10.0,Net Banking,4.0,177.66,2025-11-01,26-35
ORD103150,2025-11-21,CUST1753,39.0,Female,North,Home & Kitchen,Air Fryer,3.0,63.83,20.0,UPI,4.0,153.19,2025-11-01,36-45
ORD103104,2025-11-21,CUST1578,36.0,Male,West,Sports,Running Shoes,1.0,50.24,5.0,Credit Card,4.0,47.73,2025-11-01,36-45
ORD101093,2025-11-21,CUST1163,51.0,Female,West,Electronics,Bluetooth Speaker,1.0,158.27,0.0,Debit Card,4.0,158.27,2025-11-01,46-55
ORD101487,2025-11-21,CUST1585,32.0,Female,North,Sports,Running Shoes,3.0,31.63,10.0,Cash on Delivery,5.0,85.4,2025-11-01,26-35
ORD100718,2025-11-21,CUST1018,36.0,Female,West,Sports,Water Bottle,1.0,8.46,5.0,Debit Card,4.0,8.04,2025-11-01,36-45
ORD103395,2025-11-21,CUST2135,38.0,Male,East,Sports,Yoga Mat,1.0,52.71,10.0,UPI,4.0,47.44,2025-11-01,36-45
ORD102123,2025-11-21,CUST1932,26.0,Male,West,Clothing,Jacket,3.0,67.6,0.0,Credit Card,4.0,202.8,2025-11-01,26-35
ORD103110,2025-11-21,CUST1115,36.0,Male,South,Clothing,Jeans,1.0,88.59,10.0,Debit Card,5.0,79.73,2025-11-01,36-45
ORD100204,2025-11-21,CUST1523,36.0,Female,North,Electronics,Tablet,1.0,134.48,0.0,Cash on Delivery,4.0,134.48,2025-11-01,36-45
ORD102974,2025-11-21,CUST2157,36.0,Male,East,Clothing,T-Shirt,1.0,78.22,5.0,UPI,4.0,74.31,2025-11-01,36-45
ORD100047,2025-11-21,CUST1582,33.0,Male,North,Electronics,Headphones,2.0,141.1,15.0,UPI,5.0,239.87,2025-11-01,26-35
ORD103153,2025-11-21,CUST1355,36.0,Female,South,Clothing,Sneakers,1.0,58.34,10.0,Credit Card,4.0,52.51,2025-11-01,36-45
ORD103173,2025-11-21,CUST1745,30.0,Female,West,Clothing,Jeans,2.0,61.01,0.0,Net Banking,3.0,122.02,2025-11-01,26-35
ORD101151,2025-11-21,CUST1452,33.0,Female,South,Clothing,T-Shirt,1.0,5.7,0.0,UPI,4.0,5.7,2025-11-01,26-35
ORD103266,2025-11-21,CUST1891,37.0,Female,South,Electronics,Smartwatch,3.0,135.88,10.0,Credit Card,4.0,366.88,2025-11-01,36-45
ORD103119,2025-11-21,CUST2016,42.0,Female,Unknown,Sports,Running Shoes,1.0,22.14,0.0,Debit Card,4.0,22.14,2025-11-01,36-45
ORD103192,2025-11-21,CUST1650,31.0,Female,East,Clothing,T-Shirt,2.0,107.31,0.0,Credit Card,4.0,214.62,2025-11-01,26-35
ORD103088,2025-11-21,CUST1012,46.0,Female,West,Clothing,T-Shirt,2.0,77.74,10.0,Debit Card,2.0,139.93,2025-11-01,46-55
ORD100499,2025-11-21,CUST2106,50.0,Male,Unknown,Sports,Water Bottle,3.0,48.26,5.0,Credit Card,3.0,137.54,2025-11-01,46-55
ORD103312,2025-11-21,CUST1591,33.0,Female,Unknown,Sports,Yoga Mat,3.0,37.32,0.0,Credit Card,5.0,111.96,2025-11-01,26-35
ORD103373,2025-11-22,CUST1451,39.0,Female,North,Home & Kitchen,Desk Lamp,3.0,103.32,0.0,Credit Card,4.0,309.96,2025-11-01,36-45
ORD102646,2025-11-22,CUST1710,50.0,Male,West,Clothing,Jacket,1.0,44.25,0.0,Net Banking,5.0,44.25,2025-11-01,46-55
ORD103033,2025-11-22,CUST1475,33.0,Male,North,Electronics,Bluetooth Speaker,4.0,163.1,15.0,UPI,4.0,554.54,2025-11-01,26-35
ORD102171,2025-11-22,CUST1342,49.0,Male,North,Beauty,Perfume,1.0,44.48,0.0,Credit Card,4.0,44.48,2025-11-01,46-55
ORD101666,2025-11-22,CUST1490,36.0,Female,Unknown,Clothing,Jeans,2.0,49.64,0.0,UPI,4.0,99.28,2025-11-01,36-45
ORD103262,2025-11-22,CUST1347,18.0,Male,Unknown,Home & Kitchen,Bedsheet Set,1.0,35.85,0.0,Cash on Delivery,5.0,35.85,2025-11-01,18-25
ORD102770,2025-11-22,CUST2031,40.0,Female,West,Clothing,T-Shirt,4.0,43.6,15.0,Credit Card,4.0,148.24,2025-11-01,36-45
ORD103093,2025-11-22,CUST2119,53.0,Male,West,Beauty,Face Cream,1.0,28.15,15.0,Cash on Delivery,4.0,23.93,2025-11-01,46-55
ORD103060,2025-11-22,CUST1227,54.0,Female,West,Electronics,Smartwatch,1.0,152.52,0.0,Cash on Delivery,5.0,152.52,2025-11-01,46-55
ORD100384,2025-11-22,CUST1195,42.0,Female,East,Electronics,Smartwatch,3.0,140.89,0.0,Debit Card,4.0,422.67,2025-11-01,36-45
ORD103442,2025-11-22,CUST2145,38.0,Male,West,Electronics,Headphones,5.0,88.89,0.0,Cash on Delivery,3.0,444.45,2025-11-01,36-45
ORD103201,2025-11-22,CUST1850,32.0,Female,South,Electronics,Smartwatch,1.0,173.24,0.0,Cash on Delivery,3.0,173.24,2025-11-01,26-35
ORD102765,2025-11-22,CUST1127,42.0,Female,South,Beauty,Perfume,4.0,18.69,0.0,Credit Card,4.0,74.76,2025-11-01,36-45
ORD102805,2025-11-22,CUST1356,27.0,Female,East,Home & Kitchen,Air Fryer,1.0,39.58,20.0,Cash on Delivery,4.0,31.66,2025-11-01,26-35
ORD102679,2025-11-23,CUST1440,38.0,Male,South,Sports,Water Bottle,5.0,30.14,15.0,Net Banking,5.0,128.1,2025-11-01,36-45
ORD103412,2025-11-23,CUST1420,28.0,Female,South,Home & Kitchen,Desk Lamp,3.0,82.02,10.0,Debit Card,5.0,221.45,2025-11-01,26-35
ORD103278,2025-11-23,CUST1147,50.0,Male,East,Clothing,Jeans,2.0,75.88,25.0,Debit Card,4.0,113.82,2025-11-01,46-55
ORD103120,2025-11-23,CUST1639,31.0,Female,West,Sports,Dumbbell Set,4.0,46.26,0.0,Credit Card,4.0,185.04,2025-11-01,26-35
ORD102529,2025-11-23,CUST1973,37.0,Female,West,Electronics,Tablet,4.0,44.86,5.0,Debit Card,5.0,170.47,2025-11-01,36-45
ORD103425,2025-11-23,CUST1562,30.0,Male,West,Clothing,Jeans,3.0,63.65,10.0,Credit Card,4.0,171.86,2025-11-01,26-35
ORD100612,2025-11-23,CUST1640,38.0,Female,West,Electronics,Smartwatch,2.0,61.68,0.0,UPI,3.0,123.36,2025-11-01,36-45
ORD103309,2025-11-23,CUST1115,48.0,Male,West,Electronics,Bluetooth Speaker,1.0,66.62,0.0,Credit Card,3.0,66.62,2025-11-01,46-55
ORD103074,2025-11-23,CUST1531,36.0,Male,South,Sports,Running Shoes,1.0,70.6,5.0,Net Banking,3.0,67.07,2025-11-01,36-45
ORD102965,2025-11-23,CUST1472,30.0,Female,West,Sports,Running Shoes,1.0,62.76,0.0,Credit Card,4.0,62.76,2025-11-01,26-35
ORD103025,2025-11-23,CUST1145,57.0,Male,North,Sports,Yoga Mat,2.0,30.89,0.0,Credit Card,5.0,61.78,2025-11-01,56+
ORD100961,2025-11-23,CUST1655,37.0,Female,North,Home & Kitchen,Cookware Set,3.0,51.4,20.0,Credit Card,5.0,123.36,2025-11-01,36-45
ORD103057,2025-11-23,CUST2081,36.0,Male,West,Clothing,T-Shirt,2.0,53.14,5.0,UPI,4.0,100.97,2025-11-01,36-45
ORD103015,2025-11-23,CUST2025,38.0,Female,West,Home & Kitchen,Air Fryer,2.0,112.29,5.0,Credit Card,5.0,213.35,2025-11-01,36-45
ORD102468,2025-11-23,CUST1631,30.0,Male,Unknown,Home & Kitchen,Desk Lamp,2.0,35.46,15.0,Credit Card,5.0,60.28,2025-11-01,26-35
ORD102970,2025-11-23,CUST1821,61.0,Female,South,Home & Kitchen,Desk Lamp,2.0,92.3,5.0,UPI,5.0,175.37,2025-11-01,56+
ORD103096,2025-11-24,CUST1833,48.0,Male,West,Home & Kitchen,Cookware Set,1.0,51.6,0.0,Cash on Delivery,4.0,51.6,2025-11-01,46-55
ORD102662,2025-11-24,CUST1379,57.0,Male,North,Clothing,Jacket,1.0,80.04,10.0,Debit Card,5.0,72.04,2025-11-01,56+
ORD103315,2025-11-24,CUST1501,36.0,Male,West,Sports,Running Shoes,1.0,53.17,0.0,UPI,5.0,53.17,2025-11-01,36-45
ORD102074,2025-11-24,CUST1454,19.0,Female,North,Clothing,T-Shirt,3.0,17.41,5.0,Debit Card,4.0,49.62,2025-11-01,18-25
ORD102984,2025-11-24,CUST1001,19.0,Male,Unknown,Clothing,T-Shirt,3.0,47.67,0.0,UPI,4.0,143.01,2025-11-01,18-25
ORD103126,2025-11-24,CUST1436,41.0,Female,South,Clothing,Sneakers,3.0,23.32,0.0,Credit Card,3.0,69.96,2025-11-01,36-45
ORD103299,2025-11-24,CUST1576,29.0,Male,East,Home & Kitchen,Air Fryer,3.0,60.8,0.0,Credit Card,3.0,182.4,2025-11-01,26-35
ORD101470,2025-11-24,CUST1035,48.0,Female,East,Electronics,Tablet,3.0,18.96,0.0,Credit Card,4.0,56.88,2025-11-01,46-55
ORD103304,2025-11-24,CUST1355,36.0,Female,South,Sports,Yoga Mat,2.0,26.1,0.0,Credit Card,4.0,52.2,2025-11-01,36-45
ORD101599,2025-11-24,CUST1430,36.0,Female,South,Electronics,Bluetooth Speaker,2.0,268.24,5.0,Net Banking,5.0,509.66,2025-11-01,36-45
ORD101542,2025-11-24,CUST2040,32.0,Female,North,Sports,Running Shoes,1.0,54.71,5.0,UPI,4.0,51.97,2025-11-01,26-35
ORD100164,2025-11-24,CUST1344,54.0,Female,West,Beauty,Hair Dryer,4.0,40.62,0.0,UPI,4.0,162.48,2025-11-01,46-55
ORD103009,2025-11-24,CUST2036,33.0,Male,East,Clothing,Sneakers,2.0,52.25,15.0,Credit Card,4.0,88.82,2025-11-01,26-35
ORD103017,2025-11-24,CUST1570,26.0,Male,West,Electronics,Headphones,4.0,257.18,0.0,Credit Card,5.0,1028.72,2025-11-01,26-35
ORD103415,2025-11-24,CUST2020,35.0,Male,East,Sports,Dumbbell Set,1.0,13.65,20.0,Debit Card,5.0,10.92,2025-11-01,26-35
ORD103215,2025-11-24,CUST2145,27.0,Male,West,Beauty,Lipstick Set,1.0,29.52,5.0,UPI,2.0,28.04,2025-11-01,26-35
ORD103124,2025-11-24,CUST1239,35.0,Male,South,Home & Kitchen,Desk Lamp,1.0,35.73,15.0,Net Banking,4.0,30.37,2025-11-01,26-35
ORD102507,2025-11-24,CUST1410,47.0,Female,South,Home & Kitchen,Bedsheet Set,1.0,69.12,5.0,Credit Card,5.0,65.66,2025-11-01,46-55
ORD100056,2025-11-25,CUST1671,36.0,Female,North,Clothing,T-Shirt,2.0,72.07,25.0,UPI,4.0,108.1,2025-11-01,36-45
ORD103182,2025-11-25,CUST1920,49.0,Female,South,Sports,Dumbbell Set,1.0,59.65,10.0,Cash on Delivery,4.0,53.68,2025-11-01,46-55
ORD100807,2025-11-25,CUST1549,50.0,Female,South,Electronics,Bluetooth Speaker,5.0,239.87,15.0,UPI,4.0,1019.45,2025-11-01,46-55
ORD103077,2025-11-25,CUST1473,29.0,Male,North,Sports,Water Bottle,1.0,47.96,5.0,Credit Card,4.0,45.56,2025-11-01,26-35
ORD101432,2025-11-25,CUST1265,36.0,Female,North,Electronics,Bluetooth Speaker,1.0,216.07,10.0,Net Banking,3.0,194.46,2025-11-01,36-45
ORD100687,2025-11-25,CUST2102,29.0,Female,West,Sports,Water Bottle,2.0,43.75,0.0,Credit Card,5.0,87.5,2025-11-01,26-35
ORD103424,2025-11-25,CUST1703,32.0,Female,North,Clothing,Jacket,1.0,58.23,5.0,UPI,3.0,55.32,2025-11-01,26-35
ORD102166,2025-11-25,CUST1996,18.0,Female,East,Beauty,Face Cream,1.0,39.7,20.0,Cash on Delivery,4.0,31.76,2025-11-01,18-25
ORD102923,2025-11-25,CUST1303,32.0,Female,East,Home & Kitchen,Bedsheet Set,3.0,75.41,5.0,Credit Card,4.0,214.92,2025-11-01,26-35
ORD102855,2025-11-25,CUST1798,39.0,Female,West,Beauty,Hair Dryer,1.0,35.43,10.0,UPI,3.0,31.89,2025-11-01,36-45
ORD100264,2025-11-25,CUST2076,50.0,Male,West,Beauty,Perfume,1.0,35.77,15.0,Debit Card,3.0,30.4,2025-11-01,46-55
ORD100525,2025-11-25,CUST1251,47.0,Male,South,Electronics,Bluetooth Speaker,1.0,148.44,0.0,Credit Card,5.0,148.44,2025-11-01,46-55
ORD102112,2025-11-25,CUST1966,38.0,Female,East,Clothing,T-Shirt,1.0,74.92,0.0,Cash on Delivery,2.0,74.92,2025-11-01,36-45
ORD103202,2025-11-25,CUST2049,35.0,Female,South,Home & Kitchen,Bedsheet Set,4.0,45.26,5.0,Debit Card,4.0,171.99,2025-11-01,26-35
ORD103384,2025-11-25,CUST1480,40.0,Male,West,Home & Kitchen,Desk Lamp,1.0,60.92,0.0,Net Banking,4.0,60.92,2025-11-01,36-45
ORD101128,2025-11-25,CUST1274,31.0,Male,South,Electronics,Smartwatch,1.0,240.27,0.0,UPI,4.0,240.27,2025-11-01,26-35
ORD100761,2025-11-25,CUST1322,29.0,Female,West,Clothing,T-Shirt,5.0,60.3,0.0,Credit Card,4.0,301.5,2025-11-01,26-35
ORD103078,2025-11-25,CUST2063,39.0,Male,East,Home & Kitchen,Cookware Set,2.0,78.33,25.0,Net Banking,3.0,117.5,2025-11-01,36-45
ORD100103,2025-11-25,CUST1886,43.0,Male,Unknown,Home & Kitchen,Cookware Set,1.0,79.89,15.0,Credit Card,3.0,67.91,2025-11-01,36-45
ORD100765,2025-11-25,CUST1267,41.0,Male,South,Electronics,Tablet,1.0,95.59,15.0,Credit Card,5.0,81.25,2025-11-01,36-45
ORD101066,2025-11-25,CUST1147,41.0,Female,West,Electronics,Headphones,1.0,153.12,0.0,Credit Card,4.0,153.12,2025-11-01,36-45
ORD101682,2025-11-26,CUST1294,55.0,Female,East,Clothing,Sneakers,2.0,70.29,10.0,Cash on Delivery,4.0,126.52,2025-11-01,46-55
ORD102817,2025-11-26,CUST2180,26.0,Male,North,Clothing,Jeans,2.0,25.06,5.0,UPI,4.0,47.61,2025-11-01,26-35
ORD101907,2025-11-26,CUST2026,47.0,Female,North,Sports,Dumbbell Set,3.0,36.13,15.0,Credit Card,3.0,92.13,2025-11-01,46-55
ORD103143,2025-11-26,CUST1203,19.0,Female,Unknown,Electronics,Smartwatch,3.0,72.12,0.0,Credit Card,3.0,216.36,2025-11-01,18-25
ORD103328,2025-11-26,CUST1173,47.0,Male,East,Home & Kitchen,Bedsheet Set,1.0,58.22,25.0,Credit Card,5.0,43.66,2025-11-01,46-55
ORD103007,2025-11-26,CUST2160,32.0,Male,North,Electronics,Bluetooth Speaker,1.0,113.28,5.0,Cash on Delivery,5.0,107.62,2025-11-01,26-35
ORD102971,2025-11-26,CUST2107,28.0,Male,North,Clothing,T-Shirt,1.0,27.48,0.0,UPI,4.0,27.48,2025-11-01,26-35
ORD101642,2025-11-26,CUST1963,34.0,Male,East,Clothing,Jeans,3.0,86.81,10.0,Credit Card,4.0,234.39,2025-11-01,26-35
ORD101262,2025-11-26,CUST2007,18.0,Male,West,Electronics,Tablet,4.0,160.17,15.0,Net Banking,4.0,544.58,2025-11-01,18-25
ORD102209,2025-11-26,CUST2191,29.0,Male,South,Electronics,Smartwatch,4.0,368.88,0.0,Net Banking,5.0,1475.52,2025-11-01,26-35
ORD103231,2025-11-26,CUST2178,18.0,Male,East,Clothing,Jeans,2.0,87.53,15.0,UPI,3.0,148.8,2025-11-01,18-25
ORD102001,2025-11-26,CUST1174,30.0,Male,East,Electronics,Smartwatch,1.0,76.96,10.0,Cash on Delivery,4.0,69.26,2025-11-01,26-35
ORD103016,2025-11-26,CUST1779,28.0,Male,South,Clothing,T-Shirt,1.0,43.72,5.0,Credit Card,4.0,41.53,2025-11-01,26-35
ORD103118,2025-11-26,CUST1347,42.0,Female,East,Clothing,Jeans,2.0,45.85,15.0,UPI,4.0,77.95,2025-11-01,36-45
ORD102832,2025-11-26,CUST1324,33.0,Female,South,Sports,Water Bottle,1.0,65.33,0.0,UPI,5.0,65.33,2025-11-01,26-35
ORD100417,2025-11-26,CUST1164,22.0,Female,South,Beauty,Lipstick Set,4.0,46.94,5.0,UPI,5.0,178.37,2025-11-01,18-25
ORD100785,2025-11-26,CUST1086,33.0,Female,North,Clothing,Jeans,2.0,63.28,5.0,UPI,4.0,120.23,2025-11-01,26-35
ORD101096,2025-11-26,CUST1844,19.0,Female,South,Electronics,Bluetooth Speaker,1.0,182.16,0.0,Credit Card,4.0,182.16,2025-11-01,18-25
ORD103335,2025-11-26,CUST1904,40.0,Female,East,Clothing,Jeans,1.0,56.89,0.0,Credit Card,3.0,56.89,2025-11-01,36-45
ORD103082,2025-11-26,CUST1201,52.0,Male,South,Electronics,Tablet,1.0,269.96,10.0,Net Banking,3.0,242.96,2025-11-01,46-55
ORD100602,2025-11-26,CUST1529,36.0,Female,North,Electronics,Tablet,1.0,187.48,0.0,Credit Card,3.0,187.48,2025-11-01,36-45
ORD103022,2025-11-26,CUST2126,25.0,Female,North,Clothing,Jacket,5.0,47.52,0.0,Credit Card,5.0,237.6,2025-11-01,18-25
ORD101118,2025-11-26,CUST1684,46.0,Female,West,Sports,Water Bottle,1.0,17.14,10.0,Cash on Delivery,3.0,15.43,2025-11-01,46-55
ORD100404,2025-11-26,CUST1738,22.0,Female,East,Home & Kitchen,Bedsheet Set,1.0,63.55,10.0,UPI,4.0,57.2,2025-11-01,18-25
ORD103136,2025-11-26,CUST1990,30.0,Female,Unknown,Electronics,Smartwatch,2.0,211.54,0.0,Credit Card,4.0,423.08,2025-11-01,26-35
ORD100418,2025-11-26,CUST1866,35.0,Male,East,Sports,Water Bottle,2.0,77.26,0.0,Credit Card,4.0,154.52,2025-11-01,26-35
ORD100906,2025-11-26,CUST1967,49.0,Female,West,Home & Kitchen,Cookware Set,1.0,73.54,15.0,Credit Card,5.0,62.51,2025-11-01,46-55
ORD102989,2025-11-26,CUST2044,36.0,Male,South,Clothing,Sneakers,2.0,31.15,0.0,Cash on Delivery,5.0,62.3,2025-11-01,36-45
ORD103112,2025-11-27,CUST1609,31.0,Male,South,Sports,Dumbbell Set,3.0,46.21,15.0,Net Banking,3.0,117.84,2025-11-01,26-35
ORD103370,2025-11-27,CUST2025,29.0,Male,South,Beauty,Face Cream,2.0,39.13,10.0,Net Banking,4.0,70.43,2025-11-01,26-35
ORD101174,2025-11-27,CUST2144,44.0,Female,East,Electronics,Tablet,5.0,254.27,15.0,Debit Card,4.0,1080.65,2025-11-01,36-45
ORD100174,2025-11-27,CUST1360,37.0,Male,West,Home & Kitchen,Cookware Set,1.0,44.83,0.0,Cash on Delivery,4.0,44.83,2025-11-01,36-45
ORD101091,2025-11-27,CUST1164,34.0,Female,South,Sports,Water Bottle,2.0,33.95,25.0,Credit Card,5.0,50.92,2025-11-01,26-35
ORD103012,2025-11-27,CUST1705,41.0,Male,East,Home & Kitchen,Cookware Set,1.0,37.38,0.0,UPI,5.0,37.38,2025-11-01,36-45
ORD103393,2025-11-27,CUST2158,35.0,Male,West,Electronics,Headphones,1.0,212.35,15.0,Credit Card,4.0,180.5,2025-11-01,26-35
ORD101994,2025-11-27,CUST1018,43.0,Male,North,Electronics,Tablet,1.0,101.34,10.0,Net Banking,5.0,91.21,2025-11-01,36-45
ORD103089,2025-11-28,CUST2157,44.0,Male,North,Electronics,Tablet,2.0,138.73,0.0,Debit Card,4.0,277.46,2025-11-01,36-45
ORD103059,2025-11-28,CUST1368,26.0,Male,North,Electronics,Tablet,1.0,115.74,0.0,Debit Card,3.0,115.74,2025-11-01,26-35
ORD101670,2025-11-28,CUST1209,51.0,Female,West,Clothing,Sneakers,1.0,78.3,15.0,UPI,4.0,66.55,2025-11-01,46-55
ORD100930,2025-11-28,CUST1470,31.0,Male,East,Sports,Yoga Mat,1.0,59.42,0.0,Net Banking,5.0,59.42,2025-11-01,26-35
ORD103087,2025-11-28,CUST2138,32.0,Male,North,Clothing,Jeans,1.0,57.24,10.0,UPI,5.0,51.52,2025-11-01,26-35
ORD103267,2025-11-28,CUST1659,37.0,Female,East,Clothing,Jacket,3.0,58.21,15.0,Cash on Delivery,5.0,148.44,2025-11-01,36-45
ORD103217,2025-11-28,CUST1445,41.0,Male,East,Sports,Running Shoes,1.0,68.19,10.0,UPI,3.0,61.37,2025-11-01,36-45
ORD101829,2025-11-28,CUST1300,42.0,Male,East,Clothing,Jeans,1.0,56.65,0.0,UPI,4.0,56.65,2025-11-01,36-45
ORD101073,2025-11-28,CUST1578,28.0,Female,East,Home & Kitchen,Air Fryer,2.0,87.54,0.0,UPI,4.0,175.08,2025-11-01,26-35
ORD100714,2025-11-28,CUST1970,41.0,Female,South,Beauty,Hair Dryer,1.0,52.72,5.0,UPI,4.0,50.08,2025-11-01,36-45
ORD101369,2025-11-28,CUST1811,37.0,Male,East,Clothing,Jeans,1.0,61.01,5.0,Credit Card,4.0,57.96,2025-11-01,36-45
ORD101160,2025-11-28,CUST1570,34.0,Male,East,Home & Kitchen,Cookware Set,3.0,79.33,15.0,Cash on Delivery,5.0,202.29,2025-11-01,26-35
ORD102096,2025-11-28,CUST1905,36.0,Male,North,Sports,Yoga Mat,2.0,64.49,10.0,Net Banking,3.0,116.08,2025-11-01,36-45
ORD100981,2025-11-28,CUST1345,25.0,Male,South,Home & Kitchen,Cookware Set,3.0,74.77,15.0,UPI,4.0,190.66,2025-11-01,18-25
ORD103359,2025-11-28,CUST1021,26.0,Male,East,Sports,Dumbbell Set,2.0,31.85,5.0,UPI,4.0,60.52,2025-11-01,26-35
ORD103174,2025-11-28,CUST1007,61.0,Male,West,Clothing,Jeans,1.0,62.01,0.0,Debit Card,5.0,62.01,2025-11-01,56+
ORD102255,2025-11-28,CUST2108,43.0,Male,South,Electronics,Bluetooth Speaker,4.0,89.02,0.0,UPI,4.0,356.08,2025-11-01,36-45
ORD101758,2025-11-28,CUST1736,20.0,Male,West,Home & Kitchen,Bedsheet Set,1.0,106.67,0.0,Credit Card,4.0,106.67,2025-11-01,18-25
ORD103083,2025-11-28,CUST1773,36.0,Male,North,Electronics,Bluetooth Speaker,2.0,115.58,20.0,Credit Card,4.0,184.93,2025-11-01,36-45
ORD102611,2025-11-28,CUST1369,31.0,Male,South,Beauty,Face Cream,4.0,39.15,0.0,Cash on Delivery,5.0,156.6,2025-11-01,26-35
ORD103210,2025-11-28,CUST1518,42.0,Male,South,Clothing,T-Shirt,5.0,64.14,0.0,Credit Card,4.0,320.7,2025-11-01,36-45
ORD103111,2025-11-28,CUST1867,46.0,Female,East,Clothing,Jacket,3.0,5.0,15.0,Debit Card,3.0,12.75,2025-11-01,46-55
ORD103368,2025-11-28,CUST2198,35.0,Male,North,Beauty,Perfume,1.0,46.62,20.0,Cash on Delivery,5.0,37.3,2025-11-01,26-35
ORD103019,2025-11-28,CUST1901,43.0,Male,East,Sports,Yoga Mat,4.0,53.35,0.0,Debit Card,2.0,213.4,2025-11-01,36-45
ORD101730,2025-11-28,CUST2148,34.0,Female,Unknown,Electronics,Smartwatch,1.0,195.2,10.0,Cash on Delivery,4.0,175.68,2025-11-01,26-35
ORD103428,2025-11-29,CUST1367,51.0,Male,North,Sports,Yoga Mat,1.0,68.43,0.0,UPI,4.0,68.43,2025-11-01,46-55
ORD103422,2025-11-29,CUST1867,32.0,Male,South,Sports,Yoga Mat,1.0,44.71,10.0,Cash on Delivery,3.0,40.24,2025-11-01,26-35
ORD102744,2025-11-29,CUST1216,50.0,Male,South,Clothing,Sneakers,1.0,54.56,0.0,Debit Card,4.0,54.56,2025-11-01,46-55
ORD103334,2025-11-29,CUST1173,51.0,Male,West,Home & Kitchen,Cookware Set,4.0,56.76,5.0,Credit Card,5.0,215.69,2025-11-01,46-55
ORD103085,2025-11-29,CUST2098,40.0,Male,North,Electronics,Smartwatch,1.0,101.66,0.0,UPI,3.0,101.66,2025-11-01,36-45
ORD103042,2025-11-29,CUST1675,37.0,Female,South,Electronics,Tablet,1.0,97.27,15.0,Credit Card,5.0,82.68,2025-11-01,36-45
ORD103228,2025-11-29,CUST1730,61.0,Male,North,Clothing,Jeans,1.0,51.05,10.0,Debit Card,3.0,45.94,2025-11-01,56+
ORD103064,2025-11-29,CUST1479,45.0,Male,East,Clothing,T-Shirt,1.0,43.82,15.0,Credit Card,4.0,37.25,2025-11-01,36-45
ORD103429,2025-11-29,CUST1339,27.0,Male,East,Home & Kitchen,Desk Lamp,2.0,40.47,15.0,UPI,2.0,68.8,2025-11-01,26-35
ORD102139,2025-11-29,CUST1577,28.0,Female,West,Sports,Dumbbell Set,1.0,59.21,0.0,Credit Card,3.0,59.21,2025-11-01,26-35
ORD103222,2025-11-29,CUST1554,51.0,Female,South,Home & Kitchen,Desk Lamp,1.0,56.47,0.0,Cash on Delivery,3.0,56.47,2025-11-01,46-55
ORD103036,2025-11-29,CUST1746,32.0,Female,West,Sports,Yoga Mat,3.0,39.57,0.0,UPI,5.0,118.71,2025-11-01,26-35
ORD103348,2025-11-30,CUST1406,28.0,Male,East,Beauty,Lipstick Set,1.0,17.28,0.0,Cash on Delivery,3.0,17.28,2025-11-01,26-35
ORD102943,2025-11-30,CUST1014,42.0,Male,East,Electronics,Tablet,3.0,187.99,20.0,Credit Card,5.0,451.18,2025-11-01,36-45
ORD101522,2025-11-30,CUST1499,47.0,Female,South,Beauty,Perfume,3.0,38.69,10.0,Debit Card,5.0,104.46,2025-11-01,46-55
ORD102116,2025-11-30,CUST1707,26.0,Female,West,Electronics,Smartwatch,4.0,232.62,10.0,Credit Card,4.0,837.43,2025-11-01,26-35
ORD100526,2025-11-30,CUST1850,38.0,Male,South,Home & Kitchen,Desk Lamp,2.0,56.94,20.0,Credit Card,5.0,91.1,2025-11-01,36-45
ORD103381,2025-11-30,CUST1447,47.0,Male,West,Beauty,Face Cream,1.0,43.92,20.0,UPI,3.0,35.14,2025-11-01,46-55
ORD101906,2025-11-30,CUST1201,39.0,Male,South,Beauty,Face Cream,4.0,35.05,5.0,UPI,4.0,133.19,2025-11-01,36-45
ORD103301,2025-11-30,CUST1169,26.0,Male,East,Home & Kitchen,Air Fryer,5.0,54.88,5.0,Cash on Delivery,5.0,260.68,2025-11-01,26-35
ORD100937,2025-11-30,CUST1074,36.0,Female,North,Beauty,Perfume,2.0,47.85,0.0,UPI,4.0,95.7,2025-11-01,36-45
ORD103307,2025-11-30,CUST1428,56.0,Male,West,Sports,Dumbbell Set,3.0,33.38,15.0,UPI,4.0,85.12,2025-11-01,56+
ORD102634,2025-11-30,CUST1075,36.0,Female,West,Beauty,Face Cream,2.0,36.07,0.0,Net Banking,4.0,72.14,2025-11-01,36-45
ORD103079,2025-12-01,CUST1506,57.0,Male,South,Clothing,Sneakers,1.0,14.78,15.0,Debit Card,5.0,12.56,2025-12-01,56+
ORD103218,2025-12-01,CUST2100,25.0,Male,West,Clothing,Jeans,1.0,47.57,0.0,UPI,5.0,47.57,2025-12-01,18-25
ORD100629,2025-12-01,CUST2085,54.0,Male,East,Clothing,Sneakers,1.0,88.19,5.0,Credit Card,4.0,83.78,2025-12-01,46-55
ORD103390,2025-12-01,CUST1743,46.0,Male,West,Electronics,Headphones,3.0,220.83,0.0,UPI,4.0,662.49,2025-12-01,46-55
ORD100959,2025-12-01,CUST1627,46.0,Female,West,Home & Kitchen,Desk Lamp,3.0,34.47,0.0,UPI,4.0,103.41,2025-12-01,46-55
ORD100455,2025-12-01,CUST2011,36.0,Male,West,Beauty,Lipstick Set,2.0,23.44,0.0,Credit Card,5.0,46.88,2025-12-01,36-45
ORD103008,2025-12-01,CUST2038,34.0,Female,South,Clothing,Jeans,2.0,65.61,5.0,Credit Card,3.0,124.66,2025-12-01,26-35
ORD102982,2025-12-01,CUST1643,32.0,Male,South,Clothing,Sneakers,1.0,48.04,0.0,UPI,4.0,48.04,2025-12-01,26-35
ORD101314,2025-12-01,CUST1833,19.0,Female,South,Clothing,Sneakers,1.0,66.02,10.0,Credit Card,4.0,59.42,2025-12-01,18-25
ORD102130,2025-12-01,CUST1355,18.0,Female,South,Sports,Dumbbell Set,1.0,34.79,25.0,Debit Card,4.0,26.09,2025-12-01,18-25
ORD103308,2025-12-01,CUST1174,45.0,Female,North,Clothing,Jeans,5.0,78.75,10.0,Credit Card,4.0,354.38,2025-12-01,36-45
ORD103183,2025-12-02,CUST1028,59.0,Male,East,Electronics,Smartwatch,2.0,149.01,0.0,Credit Card,3.0,298.02,2025-12-01,56+
ORD103156,2025-12-02,CUST1451,52.0,Male,South,Home & Kitchen,Bedsheet Set,1.0,60.08,15.0,Credit Card,3.0,51.07,2025-12-01,46-55
ORD103154,2025-12-02,CUST1917,32.0,Female,Unknown,Beauty,Hair Dryer,3.0,27.91,0.0,Credit Card,4.0,83.73,2025-12-01,26-35
ORD103146,2025-12-02,CUST1612,39.0,Female,West,Electronics,Smartwatch,3.0,321.0,5.0,UPI,2.0,914.85,2025-12-01,36-45
ORD103388,2025-12-02,CUST1725,38.0,Female,South,Home & Kitchen,Bedsheet Set,3.0,92.64,25.0,Cash on Delivery,4.0,208.44,2025-12-01,36-45
ORD102843,2025-12-02,CUST1187,55.0,Male,South,Sports,Running Shoes,5.0,56.4,15.0,Cash on Delivery,4.0,239.7,2025-12-01,46-55
ORD100927,2025-12-02,CUST1530,23.0,Male,South,Sports,Running Shoes,1.0,45.2,10.0,Net Banking,4.0,40.68,2025-12-01,18-25
ORD103362,2025-12-02,CUST1194,24.0,Female,West,Sports,Water Bottle,4.0,17.02,0.0,Cash on Delivery,5.0,68.08,2025-12-01,18-25
ORD103379,2025-12-02,CUST1980,39.0,Male,Unknown,Clothing,Sneakers,2.0,59.0,5.0,UPI,3.0,112.1,2025-12-01,36-45
ORD101634,2025-12-02,CUST1316,53.0,Female,Unknown,Home & Kitchen,Air Fryer,4.0,52.49,0.0,Cash on Delivery,5.0,209.96,2025-12-01,46-55
ORD101511,2025-12-02,CUST1347,47.0,Male,South,Electronics,Bluetooth Speaker,1.0,168.24,5.0,UPI,3.0,159.83,2025-12-01,46-55
ORD100755,2025-12-02,CUST1615,32.0,Female,Unknown,Beauty,Perfume,1.0,31.97,10.0,Debit Card,4.0,28.77,2025-12-01,26-35
ORD101813,2025-12-02,CUST1482,36.0,Female,South,Home & Kitchen,Air Fryer,3.0,92.04,5.0,Debit Card,4.0,262.31,2025-12-01,36-45
ORD100015,2025-12-02,CUST1188,33.0,Male,West,Clothing,Jacket,1.0,45.05,5.0,Cash on Delivery,3.0,42.8,2025-12-01,26-35
ORD100423,2025-12-02,CUST1165,34.0,Male,Unknown,Beauty,Perfume,1.0,30.92,0.0,Cash on Delivery,4.0,30.92,2025-12-01,26-35
ORD103346,2025-12-02,CUST1605,46.0,Female,West,Clothing,Jeans,1.0,16.1,0.0,Credit Card,3.0,16.1,2025-12-01,46-55
ORD103107,2025-12-02,CUST1170,27.0,Male,East,Clothing,T-Shirt,3.0,52.87,0.0,Cash on Delivery,5.0,158.61,2025-12-01,26-35
ORD103292,2025-12-02,CUST1885,39.0,Male,North,Sports,Running Shoes,1.0,30.34,15.0,UPI,5.0,25.79,2025-12-01,36-45
ORD103377,2025-12-02,CUST1300,40.0,Male,East,Sports,Yoga Mat,2.0,79.02,5.0,Net Banking,4.0,150.14,2025-12-01,36-45
ORD101225,2025-12-02,CUST1434,36.0,Male,South,Electronics,Smartwatch,3.0,214.83,0.0,Cash on Delivery,5.0,644.49,2025-12-01,36-45
ORD103166,2025-12-03,CUST1960,37.0,Male,North,Home & Kitchen,Cookware Set,2.0,61.06,15.0,UPI,5.0,103.8,2025-12-01,36-45
ORD103148,2025-12-03,CUST1136,41.0,Male,South,Home & Kitchen,Desk Lamp,1.0,71.01,15.0,Cash on Delivery,5.0,60.36,2025-12-01,36-45
ORD103047,2025-12-03,CUST2105,32.0,Female,North,Beauty,Lipstick Set,3.0,39.04,10.0,UPI,5.0,105.41,2025-12-01,26-35
ORD103191,2025-12-03,CUST1591,27.0,Male,West,Sports,Dumbbell Set,5.0,49.39,15.0,Debit Card,4.0,209.91,2025-12-01,26-35
ORD102538,2025-12-03,CUST1596,41.0,Female,East,Home & Kitchen,Air Fryer,4.0,98.39,0.0,Cash on Delivery,4.0,393.56,2025-12-01,36-45
ORD101521,2025-12-03,CUST1826,23.0,Female,West,Electronics,Smartwatch,2.0,264.63,20.0,UPI,4.0,423.41,2025-12-01,18-25
ORD103014,2025-12-03,CUST1384,39.0,Male,North,Beauty,Perfume,1.0,41.0,0.0,Net Banking,3.0,41.0,2025-12-01,36-45
ORD103159,2025-12-03,CUST1386,38.0,Female,West,Home & Kitchen,Cookware Set,1.0,101.29,5.0,UPI,4.0,96.23,2025-12-01,36-45
ORD101291,2025-12-03,CUST1676,27.0,Male,Unknown,Clothing,Jacket,1.0,81.88,0.0,Credit Card,4.0,81.88,2025-12-01,26-35
ORD102948,2025-12-03,CUST1705,26.0,Female,South,Electronics,Bluetooth Speaker,1.0,197.87,5.0,Net Banking,4.0,187.98,2025-12-01,26-35
ORD100192,2025-12-03,CUST1585,36.0,Female,South,Sports,Dumbbell Set,1.0,62.28,0.0,Credit Card,5.0,62.28,2025-12-01,36-45
ORD101699,2025-12-03,CUST1736,48.0,Male,South,Beauty,Perfume,2.0,48.52,0.0,Debit Card,5.0,97.04,2025-12-01,46-55
ORD100989,2025-12-03,CUST2016,26.0,Female,South,Home & Kitchen,Air Fryer,1.0,47.95,10.0,UPI,5.0,43.16,2025-12-01,26-35
ORD103371,2025-12-03,CUST2158,18.0,Male,North,Electronics,Smartwatch,1.0,368.42,10.0,UPI,4.0,331.58,2025-12-01,18-25
ORD103233,2025-12-03,CUST1485,38.0,Female,South,Beauty,Hair Dryer,5.0,39.9,0.0,Cash on Delivery,3.0,199.5,2025-12-01,36-45
ORD100142,2025-12-03,CUST1433,36.0,Male,West,Clothing,Jeans,3.0,38.59,0.0,UPI,4.0,115.77,2025-12-01,36-45
ORD103175,2025-12-03,CUST1864,30.0,Female,East,Clothing,T-Shirt,2.0,69.85,0.0,UPI,4.0,139.7,2025-12-01,26-35
ORD101565,2025-12-03,CUST2124,18.0,Male,South,Electronics,Bluetooth Speaker,1.0,207.14,0.0,Credit Card,4.0,207.14,2025-12-01,18-25
ORD101491,2025-12-03,CUST1050,53.0,Female,East,Sports,Water Bottle,1.0,55.66,10.0,Debit Card,4.0,50.09,2025-12-01,46-55
ORD102477,2025-12-04,CUST1510,36.0,Male,South,Electronics,Headphones,1.0,191.08,0.0,Credit Card,3.0,191.08,2025-12-01,36-45
ORD103432,2025-12-04,CUST1538,40.0,Male,South,Electronics,Headphones,3.0,99.61,0.0,UPI,5.0,298.83,2025-12-01,36-45
ORD102739,2025-12-04,CUST1663,36.0,Female,South,Home & Kitchen,Cookware Set,1.0,34.04,10.0,UPI,5.0,30.64,2025-12-01,36-45
ORD100862,2025-12-04,CUST1786,29.0,Male,East,Home & Kitchen,Cookware Set,1.0,34.47,0.0,Credit Card,4.0,34.47,2025-12-01,26-35
ORD103245,2025-12-04,CUST1197,38.0,Female,South,Beauty,Hair Dryer,2.0,26.85,20.0,Credit Card,3.0,42.96,2025-12-01,36-45
ORD103238,2025-12-04,CUST1393,21.0,Male,East,Beauty,Lipstick Set,1.0,43.01,5.0,Credit Card,4.0,40.86,2025-12-01,18-25
ORD102676,2025-12-04,CUST2002,32.0,Female,South,Sports,Yoga Mat,5.0,24.79,0.0,UPI,4.0,123.95,2025-12-01,26-35
ORD103420,2025-12-04,CUST1134,48.0,Male,West,Sports,Running Shoes,4.0,42.65,10.0,UPI,5.0,153.54,2025-12-01,46-55
ORD103141,2025-12-04,CUST1233,39.0,Female,West,Sports,Running Shoes,1.0,58.51,5.0,Credit Card,3.0,55.58,2025-12-01,36-45
ORD101556,2025-12-04,CUST1922,52.0,Male,South,Home & Kitchen,Bedsheet Set,1.0,76.14,20.0,UPI,4.0,60.91,2025-12-01,46-55
ORD100354,2025-12-04,CUST1580,31.0,Male,West,Sports,Dumbbell Set,1.0,45.67,15.0,Debit Card,5.0,38.82,2025-12-01,26-35
ORD102881,2025-12-04,CUST1728,21.0,Female,East,Beauty,Perfume,2.0,34.58,15.0,UPI,3.0,58.79,2025-12-01,18-25
ORD103340,2025-12-05,CUST1997,30.0,Female,East,Beauty,Lipstick Set,1.0,33.21,15.0,Credit Card,4.0,28.23,2025-12-01,26-35
ORD102851,2025-12-05,CUST1461,55.0,Male,East,Electronics,Smartwatch,2.0,145.62,0.0,Credit Card,4.0,291.24,2025-12-01,46-55
ORD103224,2025-12-05,CUST1405,38.0,Female,South,Beauty,Hair Dryer,4.0,45.49,10.0,Net Banking,5.0,163.76,2025-12-01,36-45
ORD100059,2025-12-05,CUST1845,39.0,Female,West,Home & Kitchen,Desk Lamp,2.0,29.29,15.0,Net Banking,5.0,49.79,2025-12-01,36-45
ORD103259,2025-12-05,CUST2192,39.0,Female,West,Clothing,Jacket,4.0,43.11,10.0,Credit Card,4.0,155.2,2025-12-01,36-45
ORD103363,2025-12-05,CUST1755,41.0,Female,North,Sports,Yoga Mat,1.0,61.15,15.0,Credit Card,3.0,51.98,2025-12-01,36-45
ORD103045,2025-12-05,CUST2011,46.0,Female,North,Electronics,Tablet,4.0,214.92,10.0,UPI,4.0,773.71,2025-12-01,46-55
ORD103252,2025-12-05,CUST1122,39.0,Male,North,Sports,Yoga Mat,2.0,61.24,0.0,Cash on Delivery,5.0,122.48,2025-12-01,36-45
ORD103435,2025-12-05,CUST1160,36.0,Male,East,Clothing,T-Shirt,3.0,51.45,5.0,Credit Card,4.0,146.63,2025-12-01,36-45
ORD100342,2025-12-05,CUST2151,35.0,Female,South,Home & Kitchen,Bedsheet Set,1.0,96.69,15.0,UPI,3.0,82.19,2025-12-01,26-35
ORD101456,2025-12-05,CUST1806,29.0,Female,Unknown,Clothing,Sneakers,5.0,66.78,15.0,Net Banking,4.0,283.82,2025-12-01,26-35
ORD100758,2025-12-05,CUST2195,31.0,Female,East,Beauty,Perfume,3.0,25.64,15.0,Debit Card,4.0,65.38,2025-12-01,26-35
ORD103004,2025-12-05,CUST1421,27.0,Female,West,Home & Kitchen,Cookware Set,1.0,60.25,5.0,Credit Card,3.0,57.24,2025-12-01,26-35
ORD102333,2025-12-05,CUST1657,55.0,Female,North,Electronics,Smartwatch,1.0,262.72,0.0,UPI,3.0,262.72,2025-12-01,46-55
ORD101572,2025-12-05,CUST1759,27.0,Male,North,Clothing,Jacket,4.0,58.07,0.0,Cash on Delivery,4.0,232.28,2025-12-01,26-35
ORD103418,2025-12-05,CUST1659,34.0,Male,Unknown,Clothing,Jeans,5.0,39.15,10.0,Credit Card,4.0,176.18,2025-12-01,26-35
ORD103179,2025-12-05,CUST1829,41.0,Female,East,Electronics,Tablet,1.0,192.03,15.0,Credit Card,4.0,163.23,2025-12-01,36-45
ORD101411,2025-12-05,CUST1186,29.0,Female,West,Home & Kitchen,Air Fryer,3.0,69.24,0.0,Credit Card,5.0,207.72,2025-12-01,26-35
ORD102240,2025-12-05,CUST1158,31.0,Male,West,Sports,Dumbbell Set,2.0,25.27,10.0,Debit Card,5.0,45.49,2025-12-01,26-35
ORD102205,2025-12-05,CUST2076,58.0,Female,West,Clothing,T-Shirt,2.0,69.05,0.0,Cash on Delivery,4.0,138.1,2025-12-01,56+
ORD100117,2025-12-06,CUST1906,36.0,Female,South,Clothing,Jeans,2.0,60.5,0.0,Cash on Delivery,4.0,121.0,2025-12-01,36-45
ORD103325,2025-12-06,CUST1579,32.0,Female,West,Sports,Yoga Mat,3.0,62.98,15.0,Credit Card,5.0,160.6,2025-12-01,26-35
ORD103172,2025-12-06,CUST1205,55.0,Male,North,Electronics,Bluetooth Speaker,1.0,180.96,10.0,Debit Card,5.0,162.86,2025-12-01,46-55
ORD100549,2025-12-06,CUST1391,36.0,Female,South,Electronics,Tablet,1.0,277.35,5.0,Credit Card,4.0,263.48,2025-12-01,36-45
ORD103103,2025-12-06,CUST1125,47.0,Male,Unknown,Electronics,Headphones,1.0,224.57,20.0,UPI,5.0,179.66,2025-12-01,46-55
ORD100496,2025-12-06,CUST1391,18.0,Female,West,Sports,Dumbbell Set,1.0,35.91,0.0,UPI,4.0,35.91,2025-12-01,18-25
ORD100335,2025-12-07,CUST1209,30.0,Female,West,Sports,Running Shoes,1.0,71.91,5.0,Credit Card,4.0,68.31,2025-12-01,26-35
ORD103226,2025-12-07,CUST1394,47.0,Male,West,Electronics,Smartwatch,1.0,169.34,10.0,UPI,5.0,152.41,2025-12-01,46-55
ORD102734,2025-12-07,CUST1914,38.0,Male,West,Clothing,Sneakers,2.0,63.6,15.0,Credit Card,4.0,108.12,2025-12-01,36-45
ORD102651,2025-12-07,CUST1122,24.0,Male,West,Electronics,Smartwatch,2.0,192.82,0.0,Debit Card,4.0,385.64,2025-12-01,18-25
ORD103294,2025-12-07,CUST2099,31.0,Female,West,Beauty,Lipstick Set,3.0,33.55,10.0,Debit Card,3.0,90.58,2025-12-01,26-35
ORD103283,2025-12-07,CUST1252,45.0,Male,North,Beauty,Lipstick Set,2.0,42.46,0.0,UPI,5.0,84.92,2025-12-01,36-45
ORD101636,2025-12-07,CUST1136,36.0,Female,East,Clothing,Sneakers,1.0,61.16,5.0,Net Banking,4.0,58.1,2025-12-01,36-45
ORD103320,2025-12-07,CUST1400,44.0,Male,South,Home & Kitchen,Desk Lamp,4.0,56.27,0.0,Credit Card,4.0,225.08,2025-12-01,36-45
ORD103001,2025-12-07,CUST1531,18.0,Male,West,Sports,Dumbbell Set,1.0,34.83,5.0,UPI,5.0,33.09,2025-12-01,18-25
ORD103039,2025-12-07,CUST2086,43.0,Female,North,Clothing,Sneakers,1.0,56.09,10.0,UPI,5.0,50.48,2025-12-01,36-45
ORD102463,2025-12-07,CUST2197,36.0,Female,North,Beauty,Face Cream,2.0,39.61,10.0,Credit Card,3.0,71.3,2025-12-01,36-45
ORD103333,2025-12-07,CUST1162,34.0,Male,North,Sports,Yoga Mat,2.0,49.55,5.0,Net Banking,4.0,94.14,2025-12-01,26-35
ORD101778,2025-12-07,CUST1760,27.0,Male,North,Sports,Dumbbell Set,3.0,36.52,15.0,UPI,5.0,93.13,2025-12-01,26-35
ORD103323,2025-12-07,CUST1967,31.0,Female,West,Home & Kitchen,Air Fryer,3.0,94.17,15.0,Debit Card,4.0,240.13,2025-12-01,26-35
ORD102336,2025-12-08,CUST1108,29.0,Female,West,Sports,Dumbbell Set,1.0,78.61,0.0,Debit Card,3.0,78.61,2025-12-01,26-35
ORD103122,2025-12-08,CUST1041,29.0,Female,West,Sports,Yoga Mat,2.0,39.3,0.0,Credit Card,4.0,78.6,2025-12-01,26-35
ORD103062,2025-12-08,CUST1308,26.0,Male,East,Clothing,T-Shirt,3.0,60.02,20.0,UPI,5.0,144.05,2025-12-01,26-35
ORD101204,2025-12-08,CUST1992,36.0,Male,North,Home & Kitchen,Air Fryer,4.0,102.33,10.0,Net Banking,3.0,368.39,2025-12-01,36-45
ORD102438,2025-12-08,CUST1537,30.0,Female,West,Home & Kitchen,Air Fryer,1.0,71.67,10.0,Credit Card,2.0,64.5,2025-12-01,26-35
ORD102722,2025-12-08,CUST1751,22.0,Female,South,Home & Kitchen,Bedsheet Set,3.0,96.37,0.0,Credit Card,5.0,289.11,2025-12-01,18-25
ORD102559,2025-12-08,CUST1532,18.0,Male,West,Electronics,Headphones,1.0,145.12,15.0,Net Banking,5.0,123.35,2025-12-01,18-25
ORD102196,2025-12-08,CUST1105,21.0,Female,East,Clothing,Sneakers,2.0,72.61,5.0,UPI,4.0,137.96,2025-12-01,18-25
ORD103099,2025-12-08,CUST1363,48.0,Female,South,Beauty,Hair Dryer,1.0,32.17,0.0,Credit Card,5.0,32.17,2025-12-01,46-55
ORD103286,2025-12-08,CUST1368,35.0,Female,West,Home & Kitchen,Desk Lamp,3.0,69.14,0.0,UPI,3.0,207.42,2025-12-01,26-35
ORD103421,2025-12-08,CUST1770,27.0,Female,East,Clothing,Jeans,5.0,15.93,15.0,Debit Card,4.0,67.7,2025-12-01,26-35
ORD102401,2025-12-08,CUST1277,45.0,Male,East,Clothing,Jacket,2.0,36.79,10.0,UPI,4.0,66.22,2025-12-01,36-45
ORD103330,2025-12-08,CUST1241,18.0,Male,West,Clothing,Jacket,1.0,54.1,5.0,Debit Card,4.0,51.4,2025-12-01,18-25
ORD103220,2025-12-08,CUST1867,45.0,Male,Unknown,Beauty,Lipstick Set,4.0,39.98,10.0,Credit Card,4.0,143.93,2025-12-01,36-45
ORD102372,2025-12-08,CUST2142,36.0,Male,West,Electronics,Tablet,1.0,66.07,5.0,UPI,3.0,62.77,2025-12-01,36-45
ORD103165,2025-12-08,CUST1874,35.0,Male,Unknown,Home & Kitchen,Bedsheet Set,1.0,41.12,0.0,Credit Card,5.0,41.12,2025-12-01,26-35
ORD100090,2025-12-08,CUST1300,34.0,Female,South,Electronics,Smartwatch,2.0,241.06,10.0,UPI,3.0,433.91,2025-12-01,26-35
ORD101228,2025-12-08,CUST2114,36.0,Male,West,Sports,Water Bottle,1.0,44.29,0.0,UPI,4.0,44.29,2025-12-01,36-45
ORD102105,2025-12-09,CUST1105,18.0,Female,West,Sports,Water Bottle,5.0,45.38,10.0,Cash on Delivery,4.0,204.21,2025-12-01,18-25
ORD103213,2025-12-09,CUST1940,40.0,Female,West,Sports,Yoga Mat,1.0,31.17,5.0,Credit Card,4.0,29.61,2025-12-01,36-45
ORD103160,2025-12-09,CUST1263,44.0,Female,South,Sports,Running Shoes,1.0,43.94,10.0,UPI,4.0,39.55,2025-12-01,36-45
ORD102212,2025-12-09,CUST2170,39.0,Male,West,Sports,Water Bottle,2.0,52.01,15.0,Cash on Delivery,4.0,88.42,2025-12-01,36-45
ORD102548,2025-12-09,CUST2103,35.0,Female,Unknown,Electronics,Headphones,2.0,168.2,10.0,Debit Card,4.0,302.76,2025-12-01,26-35
ORD100503,2025-12-09,CUST1977,29.0,Female,North,Beauty,Lipstick Set,1.0,53.59,0.0,Credit Card,3.0,53.59,2025-12-01,26-35
ORD101480,2025-12-09,CUST1998,25.0,Female,Unknown,Electronics,Headphones,2.0,182.6,0.0,Cash on Delivery,4.0,365.2,2025-12-01,18-25
ORD101663,2025-12-09,CUST1966,24.0,Male,South,Home & Kitchen,Desk Lamp,3.0,66.7,0.0,Debit Card,4.0,200.1,2025-12-01,18-25
ORD102841,2025-12-09,CUST1245,36.0,Male,South,Electronics,Tablet,3.0,142.51,5.0,Net Banking,4.0,406.15,2025-12-01,36-45
ORD103048,2025-12-09,CUST1909,46.0,Male,South,Home & Kitchen,Bedsheet Set,5.0,72.92,5.0,UPI,5.0,346.37,2025-12-01,46-55
ORD103313,2025-12-09,CUST2099,36.0,Female,North,Clothing,Jeans,2.0,67.96,0.0,Credit Card,4.0,135.92,2025-12-01,36-45
ORD101807,2025-12-09,CUST1435,58.0,Female,North,Clothing,Jeans,4.0,25.98,10.0,UPI,4.0,93.53,2025-12-01,56+
ORD103140,2025-12-09,CUST1895,36.0,Female,East,Sports,Yoga Mat,1.0,34.52,20.0,Credit Card,4.0,27.62,2025-12-01,36-45
ORD101150,2025-12-09,CUST1284,23.0,Female,West,Clothing,Jacket,1.0,54.54,5.0,UPI,4.0,51.81,2025-12-01,18-25
ORD102012,2025-12-09,CUST2085,44.0,Female,West,Clothing,Jacket,1.0,12.2,20.0,Cash on Delivery,5.0,9.76,2025-12-01,36-45
ORD102672,2025-12-09,CUST1447,33.0,Male,South,Electronics,Tablet,1.0,129.72,0.0,Cash on Delivery,4.0,129.72,2025-12-01,26-35
ORD103029,2025-12-09,CUST1025,36.0,Male,West,Beauty,Lipstick Set,2.0,31.78,15.0,Credit Card,5.0,54.03,2025-12-01,36-45
ORD102536,2025-12-10,CUST1667,44.0,Female,South,Sports,Yoga Mat,1.0,18.32,10.0,Credit Card,4.0,16.49,2025-12-01,36-45
ORD103038,2025-12-10,CUST1261,18.0,Female,East,Clothing,T-Shirt,2.0,34.54,0.0,UPI,3.0,69.08,2025-12-01,18-25
ORD103188,2025-12-10,CUST1184,39.0,Male,West,Clothing,Sneakers,2.0,66.27,0.0,Credit Card,4.0,132.54,2025-12-01,36-45
ORD103032,2025-12-10,CUST1796,37.0,Male,South,Home & Kitchen,Air Fryer,1.0,121.91,0.0,UPI,4.0,121.91,2025-12-01,36-45
ORD102906,2025-12-10,CUST1072,43.0,Male,West,Electronics,Smartwatch,1.0,111.4,5.0,Credit Card,4.0,105.83,2025-12-01,36-45
ORD101038,2025-12-10,CUST1818,30.0,Male,West,Beauty,Face Cream,1.0,18.76,10.0,Cash on Delivery,4.0,16.88,2025-12-01,26-35
ORD101513,2025-12-10,CUST1265,40.0,Female,North,Clothing,Jacket,5.0,43.06,10.0,UPI,5.0,193.77,2025-12-01,36-45
ORD100284,2025-12-10,CUST2118,37.0,Male,North,Home & Kitchen,Air Fryer,1.0,59.34,10.0,UPI,4.0,53.41,2025-12-01,36-45
ORD101898,2025-12-10,CUST1491,48.0,Female,West,Clothing,Jacket,3.0,45.76,5.0,Cash on Delivery,4.0,130.42,2025-12-01,46-55
ORD103106,2025-12-10,CUST1830,31.0,Female,South,Clothing,Jeans,1.0,60.53,5.0,UPI,4.0,57.5,2025-12-01,26-35
ORD100066,2025-12-10,CUST1464,25.0,Female,West,Beauty,Hair Dryer,1.0,41.52,15.0,Debit Card,4.0,35.29,2025-12-01,18-25
ORD101170,2025-12-11,CUST1244,35.0,Female,West,Beauty,Face Cream,1.0,26.06,10.0,UPI,5.0,23.45,2025-12-01,26-35
ORD102845,2025-12-11,CUST2079,32.0,Male,North,Electronics,Bluetooth Speaker,2.0,186.79,0.0,UPI,5.0,373.58,2025-12-01,26-35
ORD100258,2025-12-11,CUST1430,42.0,Male,North,Home & Kitchen,Bedsheet Set,3.0,78.64,0.0,Credit Card,4.0,235.92,2025-12-01,36-45
ORD103094,2025-12-11,CUST1565,31.0,Female,Unknown,Electronics,Tablet,2.0,236.42,0.0,Cash on Delivery,5.0,472.84,2025-12-01,26-35
ORD100171,2025-12-11,CUST2030,35.0,Female,South,Electronics,Smartwatch,2.0,211.56,10.0,UPI,4.0,380.81,2025-12-01,26-35
ORD101440,2025-12-11,CUST1598,43.0,Male,South,Beauty,Perfume,1.0,34.96,10.0,Debit Card,3.0,31.46,2025-12-01,36-45
ORD103270,2025-12-11,CUST1934,45.0,Female,North,Beauty,Face Cream,1.0,34.0,0.0,UPI,3.0,34.0,2025-12-01,36-45
ORD103137,2025-12-11,CUST1501,36.0,Male,West,Electronics,Tablet,3.0,85.67,0.0,UPI,5.0,257.01,2025-12-01,36-45
ORD103227,2025-12-11,CUST1785,50.0,Female,South,Home & Kitchen,Desk Lamp,2.0,74.16,5.0,Cash on Delivery,4.0,140.9,2025-12-01,46-55
ORD103011,2025-12-11,CUST1494,37.0,Male,East,Beauty,Perfume,4.0,26.13,0.0,Net Banking,5.0,104.52,2025-12-01,36-45
ORD103021,2025-12-11,CUST1000,33.0,Female,South,Sports,Yoga Mat,1.0,25.05,5.0,Cash on Delivery,4.0,23.8,2025-12-01,26-35
ORD103023,2025-12-11,CUST2085,45.0,Female,North,Electronics,Headphones,1.0,130.3,0.0,Net Banking,4.0,130.3,2025-12-01,36-45
ORD100336,2025-12-11,CUST1431,42.0,Female,West,Sports,Running Shoes,2.0,28.35,15.0,Debit Card,4.0,48.2,2025-12-01,36-45
ORD100653,2025-12-11,CUST1495,55.0,Male,West,Sports,Dumbbell Set,1.0,66.98,5.0,Credit Card,5.0,63.63,2025-12-01,46-55
ORD103230,2025-12-11,CUST1296,23.0,Female,South,Sports,Water Bottle,1.0,35.55,10.0,Credit Card,4.0,31.99,2025-12-01,18-25
ORD103326,2025-12-11,CUST1819,41.0,Female,South,Beauty,Hair Dryer,1.0,18.17,0.0,UPI,4.0,18.17,2025-12-01,36-45
ORD103209,2025-12-11,CUST1476,28.0,Male,East,Sports,Dumbbell Set,1.0,53.28,25.0,Debit Card,4.0,39.96,2025-12-01,26-35
ORD102511,2025-12-11,CUST1435,54.0,Female,West,Beauty,Face Cream,2.0,28.06,20.0,Credit Card,3.0,44.9,2025-12-01,46-55
ORD103366,2025-12-11,CUST1178,37.0,Male,West,Home & Kitchen,Cookware Set,3.0,101.53,5.0,Cash on Delivery,4.0,289.36,2025-12-01,36-45
ORD102031,2025-12-11,CUST1202,47.0,Female,Unknown,Clothing,Sneakers,2.0,58.57,0.0,Credit Card,5.0,117.14,2025-12-01,46-55
ORD100297,2025-12-11,CUST1579,26.0,Male,North,Electronics,Tablet,1.0,37.11,0.0,Credit Card,3.0,37.11,2025-12-01,26-35
ORD103144,2025-12-12,CUST1692,47.0,Male,West,Clothing,Sneakers,2.0,68.44,0.0,Credit Card,3.0,136.88,2025-12-01,46-55
ORD103311,2025-12-12,CUST1464,23.0,Male,West,Clothing,Sneakers,3.0,18.72,10.0,Credit Card,3.0,50.54,2025-12-01,18-25
ORD103020,2025-12-12,CUST1148,36.0,Female,North,Electronics,Headphones,4.0,219.58,15.0,Cash on Delivery,5.0,746.57,2025-12-01,36-45
ORD103236,2025-12-12,CUST1576,25.0,Male,East,Electronics,Bluetooth Speaker,1.0,168.02,0.0,Cash on Delivery,3.0,168.02,2025-12-01,18-25
ORD100767,2025-12-12,CUST1770,45.0,Female,South,Home & Kitchen,Desk Lamp,1.0,55.92,10.0,UPI,4.0,50.33,2025-12-01,36-45
ORD103358,2025-12-12,CUST1996,24.0,Female,West,Beauty,Perfume,1.0,31.33,0.0,UPI,3.0,31.33,2025-12-01,18-25
ORD101669,2025-12-12,CUST2022,44.0,Male,East,Sports,Water Bottle,3.0,29.01,20.0,UPI,3.0,69.62,2025-12-01,36-45
ORD100400,2025-12-12,CUST1282,43.0,Male,West,Sports,Running Shoes,1.0,59.92,10.0,Cash on Delivery,4.0,53.93,2025-12-01,36-45
ORD100462,2025-12-12,CUST1396,38.0,Male,West,Electronics,Headphones,1.0,172.53,10.0,Debit Card,5.0,155.28,2025-12-01,36-45
ORD103056,2025-12-12,CUST1196,33.0,Male,West,Electronics,Tablet,2.0,235.75,0.0,UPI,4.0,471.5,2025-12-01,26-35
ORD102776,2025-12-12,CUST1238,46.0,Female,South,Electronics,Tablet,2.0,222.1,25.0,Debit Card,4.0,333.15,2025-12-01,46-55
ORD103341,2025-12-12,CUST1758,24.0,Female,North,Beauty,Face Cream,5.0,32.52,5.0,UPI,3.0,154.47,2025-12-01,18-25
ORD102194,2025-12-12,CUST1667,33.0,Male,North,Clothing,Jeans,2.0,91.31,0.0,Credit Card,4.0,182.62,2025-12-01,26-35
ORD103251,2025-12-12,CUST1657,43.0,Male,South,Electronics,Bluetooth Speaker,2.0,100.75,0.0,UPI,4.0,201.5,2025-12-01,36-45
ORD100318,2025-12-12,CUST1920,43.0,Male,Unknown,Home & Kitchen,Bedsheet Set,2.0,71.29,15.0,Credit Card,5.0,121.19,2025-12-01,36-45
ORD100420,2025-12-12,CUST1357,30.0,Female,West,Electronics,Bluetooth Speaker,1.0,56.4,15.0,UPI,4.0,47.94,2025-12-01,26-35
ORD103005,2025-12-13,CUST1273,25.0,Male,North,Clothing,Jeans,2.0,65.9,0.0,Credit Card,3.0,131.8,2025-12-01,18-25
ORD102104,2025-12-13,CUST2066,27.0,Male,East,Beauty,Hair Dryer,2.0,26.39,0.0,Net Banking,4.0,52.78,2025-12-01,26-35
ORD102015,2025-12-13,CUST1356,29.0,Female,North,Electronics,Bluetooth Speaker,5.0,215.61,15.0,Credit Card,4.0,916.34,2025-12-01,26-35
ORD101858,2025-12-13,CUST1713,24.0,Female,North,Clothing,T-Shirt,3.0,55.65,5.0,UPI,4.0,158.6,2025-12-01,18-25
ORD100057,2025-12-13,CUST1507,23.0,Female,West,Home & Kitchen,Air Fryer,1.0,63.05,5.0,Cash on Delivery,4.0,59.9,2025-12-01,18-25
ORD103447,2025-12-13,CUST1178,18.0,Female,South,Beauty,Perfume,4.0,36.92,5.0,UPI,5.0,140.3,2025-12-01,18-25
ORD103430,2025-12-13,CUST1963,18.0,Female,South,Home & Kitchen,Desk Lamp,1.0,79.27,5.0,UPI,4.0,75.31,2025-12-01,18-25
ORD103441,2025-12-13,CUST1052,39.0,Female,West,Beauty,Perfume,2.0,34.22,0.0,UPI,5.0,68.44,2025-12-01,36-45
ORD103269,2025-12-13,CUST1983,36.0,Female,East,Beauty,Perfume,2.0,48.43,0.0,Debit Card,4.0,96.86,2025-12-01,36-45
ORD100122,2025-12-13,CUST1850,46.0,Male,West,Sports,Water Bottle,1.0,22.88,15.0,Debit Card,5.0,19.45,2025-12-01,46-55
ORD101268,2025-12-13,CUST1113,36.0,Male,West,Beauty,Hair Dryer,3.0,41.5,0.0,UPI,5.0,124.5,2025-12-01,36-45
ORD103157,2025-12-13,CUST1275,44.0,Female,South,Clothing,T-Shirt,2.0,69.08,15.0,Debit Card,3.0,117.44,2025-12-01,36-45
ORD103391,2025-12-13,CUST1786,45.0,Male,North,Beauty,Lipstick Set,3.0,33.35,0.0,Cash on Delivery,4.0,100.05,2025-12-01,36-45
ORD103185,2025-12-13,CUST1439,40.0,Male,North,Clothing,T-Shirt,3.0,55.35,0.0,UPI,5.0,166.05,2025-12-01,36-45
ORD102445,2025-12-13,CUST1726,31.0,Female,West,Home & Kitchen,Bedsheet Set,2.0,99.9,0.0,Credit Card,5.0,199.8,2025-12-01,26-35
ORD101529,2025-12-13,CUST1660,35.0,Female,South,Home & Kitchen,Desk Lamp,1.0,44.07,25.0,UPI,4.0,33.05,2025-12-01,26-35
ORD103184,2025-12-13,CUST1875,42.0,Male,South,Electronics,Headphones,3.0,9.19,20.0,UPI,4.0,22.06,2025-12-01,36-45
ORD103128,2025-12-13,CUST2016,22.0,Male,North,Home & Kitchen,Bedsheet Set,1.0,46.32,15.0,Credit Card,3.0,39.37,2025-12-01,18-25
ORD102929,2025-12-13,CUST1513,24.0,Female,West,Beauty,Hair Dryer,3.0,24.1,15.0,Cash on Delivery,4.0,61.46,2025-12-01,18-25
ORD103050,2025-12-13,CUST1720,45.0,Female,West,Sports,Yoga Mat,5.0,67.25,10.0,Credit Card,3.0,302.62,2025-12-01,36-45
ORD101375,2025-12-13,CUST1263,29.0,Female,East,Electronics,Bluetooth Speaker,1.0,334.37,0.0,Credit Card,3.0,334.37,2025-12-01,26-35
ORD101319,2025-12-13,CUST1145,37.0,Female,North,Electronics,Bluetooth Speaker,3.0,74.69,0.0,Credit Card,4.0,224.07,2025-12-01,36-45
ORD102995,2025-12-13,CUST1697,48.0,Male,West,Home & Kitchen,Bedsheet Set,1.0,90.77,5.0,UPI,3.0,86.23,2025-12-01,46-55
ORD100913,2025-12-13,CUST1764,54.0,Male,East,Beauty,Perfume,1.0,36.77,5.0,Cash on Delivery,4.0,34.93,2025-12-01,46-55
ORD101662,2025-12-14,CUST1765,38.0,Male,East,Home & Kitchen,Cookware Set,3.0,80.05,0.0,Debit Card,4.0,240.15,2025-12-01,36-45
ORD103417,2025-12-14,CUST1998,36.0,Male,South,Sports,Running Shoes,3.0,66.48,5.0,UPI,4.0,189.47,2025-12-01,36-45
ORD103349,2025-12-14,CUST1545,33.0,Female,South,Beauty,Face Cream,2.0,34.81,10.0,Debit Card,3.0,62.66,2025-12-01,26-35
ORD103044,2025-12-14,CUST1374,54.0,Male,West,Electronics,Headphones,1.0,103.89,0.0,UPI,5.0,103.89,2025-12-01,46-55
ORD103383,2025-12-14,CUST1691,46.0,Male,Unknown,Beauty,Hair Dryer,1.0,28.46,10.0,Credit Card,3.0,25.61,2025-12-01,46-55
ORD103052,2025-12-14,CUST1118,35.0,Male,West,Home & Kitchen,Cookware Set,3.0,71.78,5.0,UPI,5.0,204.57,2025-12-01,26-35
ORD100531,2025-12-14,CUST1064,46.0,Female,South,Sports,Water Bottle,3.0,38.63,5.0,UPI,4.0,110.1,2025-12-01,46-55
ORD101252,2025-12-14,CUST1156,45.0,Male,West,Clothing,T-Shirt,2.0,11.92,0.0,Cash on Delivery,3.0,23.84,2025-12-01,36-45
ORD103170,2025-12-14,CUST1934,45.0,Female,South,Beauty,Hair Dryer,1.0,21.32,15.0,Credit Card,4.0,18.12,2025-12-01,36-45
ORD103028,2025-12-14,CUST1806,45.0,Female,Unknown,Home & Kitchen,Cookware Set,1.0,61.87,10.0,UPI,4.0,55.68,2025-12-01,36-45
ORD103265,2025-12-14,CUST1557,52.0,Female,West,Clothing,Jeans,3.0,55.27,5.0,UPI,3.0,157.52,2025-12-01,46-55
ORD103080,2025-12-14,CUST2067,27.0,Male,South,Sports,Water Bottle,4.0,30.89,20.0,Debit Card,4.0,98.85,2025-12-01,26-35
ORD103189,2025-12-15,CUST1422,43.0,Male,North,Electronics,Headphones,3.0,121.58,0.0,Net Banking,3.0,364.74,2025-12-01,36-45
ORD103066,2025-12-15,CUST1737,38.0,Male,West,Electronics,Smartwatch,1.0,268.58,5.0,Debit Card,4.0,255.15,2025-12-01,36-45
ORD103208,2025-12-15,CUST2093,33.0,Male,South,Home & Kitchen,Cookware Set,5.0,81.82,0.0,Credit Card,4.0,409.1,2025-12-01,26-35
ORD103305,2025-12-15,CUST1335,45.0,Female,East,Clothing,Sneakers,3.0,43.02,0.0,Cash on Delivery,4.0,129.06,2025-12-01,36-45
ORD100115,2025-12-15,CUST1560,49.0,Female,South,Clothing,Jeans,1.0,49.54,5.0,Cash on Delivery,3.0,47.06,2025-12-01,46-55
ORD103392,2025-12-15,CUST1170,28.0,Female,East,Clothing,Jacket,1.0,15.94,15.0,UPI,5.0,13.55,2025-12-01,26-35
ORD100004,2025-12-15,CUST2120,46.0,Male,East,Sports,Water Bottle,3.0,36.85,5.0,Cash on Delivery,4.0,105.02,2025-12-01,46-55
ORD103423,2025-12-15,CUST1702,33.0,Male,East,Electronics,Smartwatch,1.0,150.15,0.0,UPI,4.0,150.15,2025-12-01,26-35
ORD101923,2025-12-15,CUST1433,41.0,Male,East,Sports,Dumbbell Set,2.0,16.89,25.0,Cash on Delivery,4.0,25.34,2025-12-01,36-45
ORD103198,2025-12-15,CUST2077,47.0,Female,West,Electronics,Smartwatch,2.0,201.46,5.0,Debit Card,4.0,382.77,2025-12-01,46-55
ORD100076,2025-12-15,CUST1084,41.0,Male,South,Clothing,Jeans,2.0,16.28,0.0,UPI,3.0,32.56,2025-12-01,36-45
ORD100695,2025-12-15,CUST1848,22.0,Male,West,Sports,Dumbbell Set,3.0,64.9,0.0,UPI,5.0,194.7,2025-12-01,18-25
ORD102930,2025-12-15,CUST1488,34.0,Male,East,Home & Kitchen,Bedsheet Set,1.0,96.09,10.0,Credit Card,4.0,86.48,2025-12-01,26-35
ORD103365,2025-12-15,CUST1449,40.0,Male,North,Home & Kitchen,Desk Lamp,1.0,79.93,15.0,UPI,4.0,67.94,2025-12-01,36-45
ORD103098,2025-12-15,CUST1410,53.0,Female,West,Sports,Dumbbell Set,3.0,45.73,15.0,Debit Card,3.0,116.61,2025-12-01,46-55
ORD102404,2025-12-15,CUST1565,31.0,Male,South,Clothing,Jeans,1.0,42.7,0.0,Cash on Delivery,4.0,42.7,2025-12-01,26-35
ORD100650,2025-12-15,CUST2131,25.0,Male,East,Clothing,Jacket,2.0,56.71,0.0,Debit Card,5.0,113.42,2025-12-01,18-25
ORD103369,2025-12-15,CUST1245,48.0,Male,North,Sports,Running Shoes,1.0,37.48,25.0,Debit Card,4.0,28.11,2025-12-01,46-55
ORD103376,2025-12-15,CUST2115,33.0,Female,South,Beauty,Hair Dryer,2.0,16.93,15.0,Net Banking,5.0,28.78,2025-12-01,26-35
ORD102456,2025-12-15,CUST1847,38.0,Female,Unknown,Home & Kitchen,Air Fryer,2.0,55.62,10.0,UPI,3.0,100.12,2025-12-01,36-45
ORD102990,2025-12-15,CUST1033,31.0,Female,West,Home & Kitchen,Cookware Set,1.0,49.48,10.0,Cash on Delivery,4.0,44.53,2025-12-01,26-35
ORD103319,2025-12-15,CUST1542,34.0,Female,West,Clothing,Jeans,1.0,27.85,10.0,Credit Card,3.0,25.06,2025-12-01,26-35
ORD100379,2025-12-16,CUST1937,31.0,Male,East,Beauty,Lipstick Set,1.0,43.38,5.0,Credit Card,4.0,41.21,2025-12-01,26-35
ORD103407,2025-12-16,CUST1646,36.0,Female,West,Sports,Running Shoes,2.0,33.73,5.0,Credit Card,4.0,64.09,2025-12-01,36-45
ORD103072,2025-12-16,CUST1802,24.0,Female,South,Beauty,Hair Dryer,1.0,37.24,5.0,UPI,4.0,35.38,2025-12-01,18-25
ORD103260,2025-12-16,CUST1570,53.0,Female,West,Sports,Water Bottle,2.0,35.05,20.0,Credit Card,5.0,56.08,2025-12-01,46-55
ORD103092,2025-12-16,CUST2177,37.0,Female,North,Sports,Yoga Mat,2.0,52.26,10.0,Credit Card,4.0,94.07,2025-12-01,36-45
ORD102229,2025-12-16,CUST1078,38.0,Female,East,Clothing,Jacket,4.0,86.17,0.0,UPI,4.0,344.68,2025-12-01,36-45
ORD100126,2025-12-16,CUST1117,36.0,Male,South,Electronics,Smartwatch,1.0,86.24,0.0,Credit Card,3.0,86.24,2025-12-01,36-45
ORD103246,2025-12-16,CUST1960,36.0,Female,Unknown,Electronics,Tablet,2.0,41.77,0.0,Credit Card,4.0,83.54,2025-12-01,36-45
ORD100487,2025-12-16,CUST1091,50.0,Male,North,Home & Kitchen,Bedsheet Set,2.0,59.21,10.0,Debit Card,4.0,106.58,2025-12-01,46-55
ORD103002,2025-12-16,CUST1536,36.0,Female,North,Electronics,Tablet,2.0,160.76,20.0,UPI,4.0,257.22,2025-12-01,36-45
ORD100295,2025-12-16,CUST1187,33.0,Male,Unknown,Electronics,Headphones,1.0,65.31,5.0,Cash on Delivery,2.0,62.04,2025-12-01,26-35
ORD102263,2025-12-16,CUST1541,52.0,Male,East,Clothing,Jacket,1.0,50.39,20.0,Credit Card,4.0,40.31,2025-12-01,46-55
ORD102594,2025-12-16,CUST1390,36.0,Male,South,Electronics,Smartwatch,4.0,265.56,0.0,UPI,4.0,1062.24,2025-12-01,36-45
ORD102485,2025-12-16,CUST1464,36.0,Male,South,Sports,Running Shoes,2.0,43.72,5.0,UPI,4.0,83.07,2025-12-01,36-45
ORD102763,2025-12-17,CUST2007,29.0,Female,South,Sports,Dumbbell Set,1.0,25.42,10.0,UPI,5.0,22.88,2025-12-01,26-35
ORD103296,2025-12-17,CUST1338,48.0,Male,North,Electronics,Tablet,1.0,103.58,0.0,Net Banking,4.0,103.58,2025-12-01,46-55
ORD101566,2025-12-17,CUST1149,21.0,Male,East,Electronics,Smartwatch,1.0,184.12,5.0,UPI,3.0,174.91,2025-12-01,18-25
ORD103084,2025-12-17,CUST1718,36.0,Female,North,Electronics,Headphones,1.0,186.03,5.0,UPI,4.0,176.73,2025-12-01,36-45
ORD103433,2025-12-17,CUST2186,57.0,Male,North,Sports,Dumbbell Set,1.0,41.5,15.0,Net Banking,4.0,35.28,2025-12-01,56+
ORD103295,2025-12-17,CUST1294,31.0,Female,South,Home & Kitchen,Bedsheet Set,1.0,79.21,10.0,UPI,3.0,71.29,2025-12-01,26-35
ORD103113,2025-12-17,CUST1569,33.0,Male,South,Clothing,T-Shirt,1.0,66.61,20.0,Net Banking,4.0,53.29,2025-12-01,26-35
ORD102565,2025-12-17,CUST2051,35.0,Female,East,Electronics,Tablet,1.0,254.51,0.0,UPI,4.0,254.51,2025-12-01,26-35
ORD101134,2025-12-17,CUST1720,32.0,Female,North,Beauty,Face Cream,3.0,47.47,10.0,Debit Card,4.0,128.17,2025-12-01,26-35
ORD103255,2025-12-17,CUST1278,43.0,Male,North,Clothing,Sneakers,5.0,58.34,15.0,Credit Card,3.0,247.95,2025-12-01,36-45
ORD101705,2025-12-17,CUST1553,44.0,Female,East,Clothing,Jacket,2.0,33.52,25.0,UPI,4.0,50.28,2025-12-01,36-45
ORD103302,2025-12-17,CUST1823,36.0,Male,West,Sports,Water Bottle,1.0,66.53,10.0,Cash on Delivery,4.0,59.88,2025-12-01,36-45
ORD101949,2025-12-17,CUST1977,25.0,Female,North,Clothing,T-Shirt,1.0,65.59,0.0,Debit Card,3.0,65.59,2025-12-01,18-25
ORD102716,2025-12-17,CUST1748,47.0,Male,North,Clothing,Sneakers,1.0,87.85,10.0,UPI,5.0,79.06,2025-12-01,46-55
ORD101549,2025-12-17,CUST2187,36.0,Male,East,Beauty,Hair Dryer,1.0,43.92,10.0,Cash on Delivery,4.0,39.53,2025-12-01,36-45
ORD102632,2025-12-17,CUST1541,48.0,Female,South,Sports,Water Bottle,1.0,31.79,10.0,Credit Card,4.0,28.61,2025-12-01,46-55
ORD103343,2025-12-18,CUST2112,46.0,Male,North,Electronics,Bluetooth Speaker,2.0,264.9,10.0,Credit Card,4.0,476.82,2025-12-01,46-55
ORD101836,2025-12-18,CUST1166,25.0,Female,West,Electronics,Smartwatch,1.0,240.62,5.0,Credit Card,5.0,228.59,2025-12-01,18-25
ORD102607,2025-12-18,CUST2028,27.0,Male,West,Clothing,T-Shirt,2.0,82.66,20.0,UPI,3.0,132.26,2025-12-01,26-35
ORD103336,2025-12-18,CUST1098,48.0,Female,North,Sports,Water Bottle,2.0,59.37,10.0,Net Banking,5.0,106.87,2025-12-01,46-55
ORD102695,2025-12-18,CUST1314,24.0,Male,Unknown,Electronics,Headphones,1.0,171.05,10.0,UPI,5.0,153.95,2025-12-01,18-25
ORD100249,2025-12-18,CUST1371,33.0,Male,North,Beauty,Perfume,3.0,13.3,10.0,UPI,3.0,35.91,2025-12-01,26-35
ORD103426,2025-12-18,CUST1375,39.0,Male,West,Beauty,Hair Dryer,1.0,39.56,0.0,UPI,4.0,39.56,2025-12-01,36-45
ORD100852,2025-12-18,CUST1741,31.0,Male,East,Home & Kitchen,Cookware Set,3.0,24.98,15.0,UPI,4.0,63.7,2025-12-01,26-35
ORD100994,2025-12-18,CUST1937,34.0,Female,West,Electronics,Headphones,4.0,235.48,0.0,Credit Card,4.0,941.92,2025-12-01,26-35
ORD103171,2025-12-18,CUST1612,46.0,Male,West,Sports,Running Shoes,1.0,67.9,5.0,Credit Card,3.0,64.5,2025-12-01,46-55
ORD102650,2025-12-18,CUST1474,42.0,Male,West,Electronics,Bluetooth Speaker,1.0,149.73,5.0,UPI,5.0,142.24,2025-12-01,36-45
ORD103355,2025-12-18,CUST1867,26.0,Female,West,Clothing,Sneakers,1.0,75.43,0.0,UPI,4.0,75.43,2025-12-01,26-35
ORD103321,2025-12-18,CUST1376,40.0,Male,South,Clothing,Jeans,3.0,32.81,15.0,Debit Card,4.0,83.67,2025-12-01,36-45
ORD103155,2025-12-18,CUST1824,33.0,Female,East,Clothing,Jacket,2.0,100.77,0.0,Cash on Delivery,5.0,201.54,2025-12-01,26-35
ORD102874,2025-12-18,CUST1091,56.0,Female,South,Electronics,Tablet,2.0,195.27,15.0,Credit Card,5.0,331.96,2025-12-01,56+
ORD103053,2025-12-18,CUST1701,34.0,Female,East,Clothing,T-Shirt,2.0,54.72,5.0,UPI,3.0,103.97,2025-12-01,26-35
ORD103024,2025-12-18,CUST1085,44.0,Female,East,Sports,Dumbbell Set,1.0,39.76,5.0,Credit Card,5.0,37.77,2025-12-01,36-45
ORD102665,2025-12-18,CUST1550,38.0,Female,South,Home & Kitchen,Bedsheet Set,1.0,71.29,5.0,UPI,4.0,67.73,2025-12-01,36-45
ORD100710,2025-12-18,CUST1101,43.0,Female,North,Sports,Water Bottle,4.0,48.29,5.0,Cash on Delivery,3.0,183.5,2025-12-01,36-45
ORD103445,2025-12-18,CUST1149,32.0,Male,West,Clothing,T-Shirt,1.0,35.68,20.0,Credit Card,5.0,28.54,2025-12-01,26-35
ORD100016,2025-12-19,CUST1973,37.0,Male,South,Home & Kitchen,Bedsheet Set,2.0,62.56,0.0,UPI,3.0,125.12,2025-12-01,36-45
ORD102005,2025-12-19,CUST1741,23.0,Female,East,Sports,Dumbbell Set,2.0,48.67,0.0,Cash on Delivery,4.0,97.34,2025-12-01,18-25
ORD100707,2025-12-19,CUST2077,25.0,Female,East,Sports,Yoga Mat,3.0,52.98,0.0,Cash on Delivery,5.0,158.94,2025-12-01,18-25
ORD103125,2025-12-19,CUST1314,23.0,Male,North,Home & Kitchen,Bedsheet Set,2.0,87.37,25.0,Credit Card,5.0,131.06,2025-12-01,18-25
ORD102114,2025-12-19,CUST1008,36.0,Female,East,Sports,Yoga Mat,1.0,41.05,0.0,Net Banking,3.0,41.05,2025-12-01,36-45
ORD103244,2025-12-19,CUST2170,36.0,Male,West,Clothing,Jeans,4.0,64.78,0.0,Cash on Delivery,3.0,259.12,2025-12-01,36-45
ORD103263,2025-12-19,CUST1158,48.0,Female,South,Electronics,Tablet,1.0,163.52,0.0,UPI,4.0,163.52,2025-12-01,46-55
ORD103132,2025-12-19,CUST1437,66.0,Male,North,Clothing,Jeans,2.0,61.99,0.0,Cash on Delivery,4.0,123.98,2025-12-01,56+
ORD102274,2025-12-19,CUST1928,66.0,Male,West,Electronics,Tablet,1.0,94.87,0.0,Cash on Delivery,4.0,94.87,2025-12-01,56+
ORD103061,2025-12-19,CUST1405,46.0,Female,South,Sports,Running Shoes,1.0,77.2,5.0,UPI,4.0,73.34,2025-12-01,46-55
ORD102180,2025-12-19,CUST1274,35.0,Male,West,Sports,Water Bottle,1.0,78.1,5.0,Cash on Delivery,3.0,74.19,2025-12-01,26-35
ORD103367,2025-12-19,CUST1918,33.0,Female,West,Sports,Dumbbell Set,1.0,52.45,20.0,Credit Card,5.0,41.96,2025-12-01,26-35
ORD103402,2025-12-19,CUST2079,33.0,Female,North,Home & Kitchen,Cookware Set,1.0,29.4,20.0,Credit Card,3.0,23.52,2025-12-01,26-35
ORD103257,2025-12-20,CUST1721,35.0,Female,East,Home & Kitchen,Bedsheet Set,1.0,55.51,10.0,Cash on Delivery,4.0,49.96,2025-12-01,26-35
ORD103040,2025-12-20,CUST1020,31.0,Female,South,Clothing,T-Shirt,2.0,80.33,0.0,Credit Card,2.0,160.66,2025-12-01,26-35
ORD101149,2025-12-20,CUST1215,25.0,Male,North,Electronics,Bluetooth Speaker,3.0,180.82,5.0,Debit Card,4.0,515.34,2025-12-01,18-25
ORD100099,2025-12-20,CUST2039,29.0,Male,North,Beauty,Lipstick Set,1.0,17.15,0.0,Credit Card,4.0,17.15,2025-12-01,26-35
ORD100352,2025-12-20,CUST1548,45.0,Male,South,Electronics,Bluetooth Speaker,2.0,153.86,5.0,UPI,4.0,292.33,2025-12-01,36-45
ORD103063,2025-12-20,CUST1961,38.0,Male,South,Home & Kitchen,Cookware Set,1.0,47.35,0.0,UPI,4.0,47.35,2025-12-01,36-45
ORD103444,2025-12-20,CUST1494,25.0,Female,North,Clothing,Jeans,2.0,47.72,10.0,Credit Card,5.0,85.9,2025-12-01,18-25
ORD101876,2025-12-20,CUST1610,19.0,Female,South,Electronics,Tablet,1.0,145.33,0.0,Debit Card,4.0,145.33,2025-12-01,18-25
ORD100113,2025-12-20,CUST1285,36.0,Male,Unknown,Beauty,Hair Dryer,4.0,46.79,5.0,Credit Card,4.0,177.8,2025-12-01,36-45
ORD101527,2025-12-20,CUST1012,31.0,Female,West,Beauty,Hair Dryer,1.0,29.71,5.0,Debit Card,4.0,28.22,2025-12-01,26-35
ORD100890,2025-12-20,CUST1771,20.0,Male,North,Sports,Yoga Mat,1.0,26.91,0.0,UPI,3.0,26.91,2025-12-01,18-25
ORD100120,2025-12-20,CUST1683,53.0,Male,North,Clothing,T-Shirt,3.0,57.51,0.0,Cash on Delivery,4.0,172.53,2025-12-01,46-55
ORD100331,2025-12-20,CUST1447,26.0,Female,South,Clothing,Sneakers,2.0,75.12,0.0,Credit Card,4.0,150.24,2025-12-01,26-35
ORD103095,2025-12-20,CUST1638,26.0,Male,South,Electronics,Headphones,1.0,150.23,15.0,Debit Card,4.0,127.7,2025-12-01,26-35
ORD103347,2025-12-20,CUST1344,52.0,Male,South,Electronics,Bluetooth Speaker,2.0,213.31,15.0,Credit Card,4.0,362.63,2025-12-01,46-55
ORD103446,2025-12-20,CUST1530,36.0,Female,West,Clothing,Jacket,1.0,71.36,15.0,UPI,4.0,60.66,2025-12-01,36-45
ORD101489,2025-12-20,CUST1341,33.0,Female,North,Clothing,Sneakers,5.0,78.04,15.0,Debit Card,3.0,331.67,2025-12-01,26-35
ORD101766,2025-12-21,CUST1932,57.0,Male,Unknown,Clothing,Jacket,1.0,41.23,5.0,Credit Card,3.0,39.17,2025-12-01,56+
ORD103117,2025-12-21,CUST1010,42.0,Female,North,Home & Kitchen,Bedsheet Set,3.0,95.3,10.0,Credit Card,4.0,257.31,2025-12-01,36-45
ORD103448,2025-12-21,CUST1002,32.0,Male,South,Electronics,Bluetooth Speaker,1.0,48.65,20.0,Credit Card,5.0,38.92,2025-12-01,26-35
ORD101924,2025-12-21,CUST1699,26.0,Male,West,Clothing,Sneakers,2.0,49.28,10.0,Debit Card,4.0,88.7,2025-12-01,26-35
ORD101269,2025-12-21,CUST1197,38.0,Female,West,Sports,Running Shoes,1.0,51.49,0.0,Credit Card,4.0,51.49,2025-12-01,36-45
ORD103086,2025-12-21,CUST1169,47.0,Male,West,Home & Kitchen,Bedsheet Set,1.0,50.06,10.0,UPI,4.0,45.05,2025-12-01,46-55
ORD102688,2025-12-21,CUST1665,43.0,Female,East,Electronics,Headphones,5.0,131.19,25.0,UPI,4.0,491.96,2025-12-01,36-45
ORD100632,2025-12-21,CUST1895,23.0,Female,North,Clothing,Jacket,2.0,73.39,0.0,Cash on Delivery,3.0,146.78,2025-12-01,18-25
ORD101376,2025-12-21,CUST1201,18.0,Male,South,Beauty,Face Cream,2.0,44.42,0.0,Credit Card,4.0,88.84,2025-12-01,18-25
ORD101571,2025-12-21,CUST1697,41.0,Male,South,Home & Kitchen,Desk Lamp,2.0,81.84,10.0,Cash on Delivery,4.0,147.31,2025-12-01,36-45
ORD103151,2025-12-21,CUST1815,36.0,Male,West,Clothing,Jacket,2.0,72.88,5.0,Credit Card,4.0,138.47,2025-12-01,36-45
ORD100390,2025-12-21,CUST1776,35.0,Male,North,Home & Kitchen,Air Fryer,1.0,47.83,0.0,Cash on Delivery,3.0,47.83,2025-12-01,26-35
ORD103419,2025-12-21,CUST2095,20.0,Male,West,Electronics,Bluetooth Speaker,1.0,198.75,5.0,UPI,4.0,188.81,2025-12-01,18-25
ORD100881,2025-12-21,CUST2020,54.0,Male,Unknown,Clothing,Sneakers,1.0,53.81,0.0,Credit Card,4.0,53.81,2025-12-01,46-55
ORD103187,2025-12-21,CUST1513,27.0,Male,South,Beauty,Hair Dryer,1.0,26.95,5.0,Credit Card,5.0,25.6,2025-12-01,26-35
ORD101873,2025-12-21,CUST1460,46.0,Female,West,Sports,Water Bottle,5.0,44.22,10.0,UPI,5.0,198.99,2025-12-01,46-55
ORD103242,2025-12-21,CUST1858,23.0,Male,South,Clothing,T-Shirt,3.0,93.74,10.0,Credit Card,5.0,253.1,2025-12-01,18-25
ORD103293,2025-12-21,CUST1379,40.0,Female,South,Sports,Dumbbell Set,1.0,36.13,0.0,Credit Card,3.0,36.13,2025-12-01,36-45
ORD101087,2025-12-22,CUST2111,36.0,Male,West,Clothing,Jacket,1.0,13.55,0.0,UPI,3.0,13.55,2025-12-01,36-45
ORD101137,2025-12-22,CUST2077,48.0,Female,West,Sports,Dumbbell Set,3.0,53.29,5.0,UPI,5.0,151.88,2025-12-01,46-55
ORD102417,2025-12-22,CUST1628,56.0,Female,North,Clothing,Jacket,3.0,54.28,5.0,Credit Card,4.0,154.7,2025-12-01,56+
ORD103034,2025-12-22,CUST1439,52.0,Male,North,Electronics,Smartwatch,1.0,188.59,0.0,Cash on Delivery,5.0,188.59,2025-12-01,46-55
ORD103131,2025-12-22,CUST1806,43.0,Female,South,Beauty,Face Cream,2.0,30.14,10.0,UPI,2.0,54.25,2025-12-01,36-45
ORD103000,2025-12-22,CUST1645,36.0,Male,South,Beauty,Lipstick Set,1.0,53.86,0.0,Net Banking,5.0,53.86,2025-12-01,36-45
ORD101541,2025-12-22,CUST1158,51.0,Female,East,Clothing,T-Shirt,1.0,45.43,0.0,Credit Card,3.0,45.43,2025-12-01,46-55
ORD101567,2025-12-22,CUST1009,40.0,Male,North,Sports,Water Bottle,3.0,56.04,15.0,Net Banking,5.0,142.9,2025-12-01,36-45
ORD100029,2025-12-22,CUST1153,26.0,Male,West,Beauty,Hair Dryer,1.0,60.5,20.0,Cash on Delivery,4.0,48.4,2025-12-01,26-35
ORD102018,2025-12-22,CUST1044,33.0,Female,North,Electronics,Smartwatch,5.0,279.04,15.0,Credit Card,4.0,1185.92,2025-12-01,26-35
ORD103318,2025-12-22,CUST1117,41.0,Male,West,Clothing,T-Shirt,2.0,68.01,10.0,Debit Card,4.0,122.42,2025-12-01,36-45
ORD103364,2025-12-22,CUST2050,54.0,Female,East,Home & Kitchen,Air Fryer,2.0,89.16,0.0,Cash on Delivery,5.0,178.32,2025-12-01,46-55
ORD101817,2025-12-22,CUST1310,48.0,Male,West,Sports,Yoga Mat,2.0,73.23,0.0,Credit Card,5.0,146.46,2025-12-01,46-55
ORD103018,2025-12-22,CUST1941,47.0,Male,East,Clothing,Sneakers,1.0,36.69,10.0,Debit Card,4.0,33.02,2025-12-01,46-55
ORD100435,2025-12-23,CUST1113,24.0,Male,North,Home & Kitchen,Cookware Set,3.0,82.99,15.0,UPI,4.0,211.62,2025-12-01,18-25
ORD102547,2025-12-23,CUST1907,50.0,Male,North,Home & Kitchen,Bedsheet Set,2.0,70.12,0.0,UPI,4.0,140.24,2025-12-01,46-55
ORD100009,2025-12-23,CUST2125,34.0,Male,South,Beauty,Lipstick Set,2.0,31.12,0.0,Credit Card,4.0,62.24,2025-12-01,26-35
ORD103178,2025-12-23,CUST2072,35.0,Female,West,Beauty,Lipstick Set,1.0,25.8,20.0,UPI,4.0,20.64,2025-12-01,26-35
ORD101656,2025-12-23,CUST1495,44.0,Male,North,Clothing,Jeans,1.0,80.5,20.0,Credit Card,4.0,64.4,2025-12-01,36-45
ORD101612,2025-12-23,CUST1231,58.0,Male,Unknown,Sports,Dumbbell Set,1.0,29.9,0.0,UPI,5.0,29.9,2025-12-01,56+
ORD103314,2025-12-23,CUST1831,46.0,Male,East,Electronics,Tablet,1.0,92.61,10.0,Credit Card,4.0,83.35,2025-12-01,46-55
ORD100964,2025-12-23,CUST1313,45.0,Female,South,Sports,Yoga Mat,1.0,60.44,15.0,Net Banking,2.0,51.37,2025-12-01,36-45
ORD103243,2025-12-23,CUST1594,18.0,Female,West,Clothing,Jacket,2.0,58.03,0.0,Cash on Delivery,3.0,116.06,2025-12-01,18-25
ORD101154,2025-12-23,CUST2052,53.0,Male,South,Clothing,Jeans,2.0,68.63,5.0,UPI,4.0,130.4,2025-12-01,46-55
ORD101661,2025-12-23,CUST1305,38.0,Male,North,Electronics,Bluetooth Speaker,4.0,30.15,0.0,Credit Card,4.0,120.6,2025-12-01,36-45
ORD101057,2025-12-23,CUST1665,18.0,Male,Unknown,Clothing,Jacket,1.0,56.58,10.0,Debit Card,5.0,50.92,2025-12-01,18-25
ORD103197,2025-12-23,CUST1235,30.0,Female,South,Home & Kitchen,Cookware Set,3.0,80.14,0.0,UPI,4.0,240.42,2025-12-01,26-35
ORD103414,2025-12-23,CUST1551,29.0,Female,North,Sports,Yoga Mat,1.0,81.72,0.0,Credit Card,3.0,81.72,2025-12-01,26-35
ORD103109,2025-12-23,CUST1854,36.0,Male,North,Home & Kitchen,Desk Lamp,3.0,49.46,10.0,Debit Card,3.0,133.54,2025-12-01,36-45
ORD103037,2025-12-24,CUST1872,36.0,Male,West,Beauty,Hair Dryer,2.0,54.68,0.0,UPI,4.0,109.36,2025-12-01,36-45
ORD103345,2025-12-24,CUST1074,37.0,Female,South,Electronics,Bluetooth Speaker,1.0,146.28,10.0,Cash on Delivery,5.0,131.65,2025-12-01,36-45
ORD103027,2025-12-24,CUST1636,36.0,Female,West,Electronics,Bluetooth Speaker,1.0,168.61,5.0,Credit Card,5.0,160.18,2025-12-01,36-45
ORD100733,2025-12-24,CUST1716,31.0,Female,North,Clothing,Jeans,3.0,44.89,0.0,Credit Card,4.0,134.67,2025-12-01,26-35
ORD102308,2025-12-24,CUST1609,31.0,Male,North,Clothing,T-Shirt,1.0,76.47,5.0,Cash on Delivery,4.0,72.65,2025-12-01,26-35
ORD101750,2025-12-24,CUST1201,35.0,Male,North,Clothing,T-Shirt,3.0,41.52,0.0,Net Banking,3.0,124.56,2025-12-01,26-35
ORD103247,2025-12-24,CUST1341,46.0,Female,East,Sports,Running Shoes,1.0,65.33,15.0,Debit Card,5.0,55.53,2025-12-01,46-55
ORD103331,2025-12-25,CUST1348,46.0,Female,West,Clothing,T-Shirt,1.0,36.66,15.0,Credit Card,4.0,31.16,2025-12-01,46-55
ORD102396,2025-12-25,CUST1877,55.0,Female,West,Sports,Running Shoes,2.0,39.11,0.0,UPI,4.0,78.22,2025-12-01,46-55
ORD102400,2025-12-25,CUST1439,35.0,Female,East,Beauty,Perfume,1.0,57.26,0.0,UPI,5.0,57.26,2025-12-01,26-35
ORD103054,2025-12-25,CUST1192,31.0,Male,North,Beauty,Hair Dryer,2.0,5.0,0.0,Credit Card,4.0,10.0,2025-12-01,26-35
ORD100095,2025-12-25,CUST2126,54.0,Male,West,Electronics,Smartwatch,1.0,294.68,10.0,Cash on Delivery,4.0,265.21,2025-12-01,46-55
ORD100909,2025-12-25,CUST1248,46.0,Male,North,Beauty,Perfume,5.0,45.32,5.0,Credit Card,4.0,215.27,2025-12-01,46-55
ORD103041,2025-12-25,CUST1464,37.0,Male,West,Sports,Yoga Mat,2.0,51.84,15.0,UPI,4.0,88.13,2025-12-01,36-45
ORD103403,2025-12-25,CUST2147,35.0,Female,West,Electronics,Tablet,2.0,173.83,10.0,Credit Card,4.0,312.89,2025-12-01,26-35
ORD103303,2025-12-25,CUST1806,58.0,Male,South,Home & Kitchen,Air Fryer,1.0,34.95,10.0,UPI,4.0,31.46,2025-12-01,56+
ORD103248,2025-12-25,CUST1444,23.0,Female,North,Clothing,Jacket,4.0,69.93,0.0,Debit Card,4.0,279.72,2025-12-01,18-25
ORD102508,2025-12-25,CUST1994,24.0,Female,North,Sports,Dumbbell Set,3.0,17.38,10.0,Cash on Delivery,4.0,46.93,2025-12-01,18-25
ORD101936,2025-12-25,CUST1677,42.0,Female,North,Beauty,Lipstick Set,4.0,32.56,0.0,Credit Card,5.0,130.24,2025-12-01,36-45
ORD103235,2025-12-25,CUST1329,39.0,Female,South,Clothing,Jeans,1.0,38.79,0.0,Net Banking,3.0,38.79,2025-12-01,36-45
ORD100167,2025-12-25,CUST2140,40.0,Male,North,Home & Kitchen,Desk Lamp,3.0,59.44,15.0,Credit Card,4.0,151.57,2025-12-01,36-45
ORD103116,2025-12-25,CUST1064,66.0,Male,West,Sports,Dumbbell Set,2.0,53.7,20.0,Credit Card,3.0,85.92,2025-12-01,56+
ORD101947,2025-12-25,CUST1261,22.0,Female,East,Clothing,T-Shirt,2.0,70.48,20.0,Net Banking,4.0,112.77,2025-12-01,18-25
ORD100967,2025-12-25,CUST2186,47.0,Female,South,Home & Kitchen,Desk Lamp,3.0,83.6,10.0,Debit Card,3.0,225.72,2025-12-01,46-55
ORD102098,2025-12-25,CUST2021,29.0,Female,North,Home & Kitchen,Air Fryer,2.0,72.21,10.0,UPI,5.0,129.98,2025-12-01,26-35
ORD103068,2025-12-25,CUST2125,40.0,Male,West,Clothing,Sneakers,1.0,25.14,15.0,UPI,4.0,21.37,2025-12-01,36-45
ORD103003,2025-12-25,CUST1464,28.0,Female,East,Beauty,Perfume,1.0,33.33,15.0,Credit Card,5.0,28.33,2025-12-01,26-35
ORD103380,2025-12-25,CUST1049,30.0,Female,North,Sports,Water Bottle,4.0,24.82,25.0,UPI,4.0,74.46,2025-12-01,26-35
ORD103204,2025-12-26,CUST1493,61.0,Female,North,Clothing,Jeans,1.0,22.12,10.0,Net Banking,3.0,19.91,2025-12-01,56+
ORD103297,2025-12-26,CUST1632,58.0,Female,South,Clothing,Jacket,1.0,63.79,5.0,Cash on Delivery,4.0,60.6,2025-12-01,56+
ORD103289,2025-12-26,CUST1008,54.0,Female,South,Electronics,Headphones,2.0,5.0,10.0,UPI,3.0,9.0,2025-12-01,46-55
ORD103332,2025-12-26,CUST1550,27.0,Male,West,Electronics,Bluetooth Speaker,2.0,200.2,5.0,UPI,3.0,380.38,2025-12-01,26-35
ORD103102,2025-12-26,CUST1058,36.0,Female,North,Electronics,Smartwatch,1.0,158.51,15.0,Net Banking,4.0,134.73,2025-12-01,36-45
ORD103123,2025-12-26,CUST1208,30.0,Female,East,Home & Kitchen,Air Fryer,1.0,53.5,25.0,Cash on Delivery,5.0,40.12,2025-12-01,26-35
ORD103431,2025-12-26,CUST1952,30.0,Female,West,Clothing,T-Shirt,1.0,91.36,0.0,Debit Card,4.0,91.36,2025-12-01,26-35
ORD103049,2025-12-26,CUST2128,18.0,Female,West,Clothing,Jacket,1.0,36.84,5.0,UPI,3.0,35.0,2025-12-01,18-25
ORD103164,2025-12-26,CUST1437,36.0,Male,South,Electronics,Tablet,4.0,189.76,0.0,Cash on Delivery,4.0,759.04,2025-12-01,36-45
ORD103219,2025-12-26,CUST1215,18.0,Female,North,Beauty,Face Cream,5.0,25.35,15.0,Cash on Delivery,5.0,107.74,2025-12-01,18-25
ORD100763,2025-12-26,CUST1498,20.0,Male,South,Home & Kitchen,Air Fryer,2.0,105.08,0.0,Net Banking,2.0,210.16,2025-12-01,18-25
ORD102284,2025-12-26,CUST1939,40.0,Female,West,Clothing,T-Shirt,1.0,46.1,0.0,UPI,5.0,46.1,2025-12-01,36-45
ORD103374,2025-12-26,CUST1334,36.0,Male,Unknown,Electronics,Bluetooth Speaker,5.0,300.88,20.0,Credit Card,5.0,1203.52,2025-12-01,36-45
ORD103149,2025-12-26,CUST1086,26.0,Male,West,Clothing,Jeans,2.0,44.74,0.0,Credit Card,4.0,89.48,2025-12-01,26-35
ORD102300,2025-12-27,CUST1921,29.0,Female,Unknown,Sports,Yoga Mat,2.0,34.88,15.0,Net Banking,4.0,59.3,2025-12-01,26-35
ORD103216,2025-12-27,CUST2109,40.0,Female,Unknown,Sports,Yoga Mat,1.0,74.29,0.0,Credit Card,4.0,74.29,2025-12-01,36-45
ORD100149,2025-12-27,CUST1340,36.0,Female,East,Clothing,T-Shirt,1.0,34.7,20.0,Cash on Delivery,3.0,27.76,2025-12-01,36-45
ORD101600,2025-12-27,CUST2070,38.0,Male,Unknown,Sports,Running Shoes,1.0,73.47,0.0,Credit Card,4.0,73.47,2025-12-01,36-45
ORD101127,2025-12-27,CUST1585,34.0,Female,North,Electronics,Headphones,1.0,126.44,0.0,Cash on Delivery,4.0,126.44,2025-12-01,26-35
ORD101551,2025-12-27,CUST1012,43.0,Male,North,Beauty,Perfume,3.0,18.38,0.0,UPI,4.0,55.14,2025-12-01,36-45
ORD103091,2025-12-27,CUST1718,47.0,Male,Unknown,Electronics,Smartwatch,1.0,173.06,5.0,Cash on Delivery,4.0,164.41,2025-12-01,46-55
ORD101970,2025-12-27,CUST1205,38.0,Female,South,Sports,Running Shoes,2.0,47.33,15.0,Credit Card,5.0,80.46,2025-12-01,36-45
ORD101574,2025-12-27,CUST1560,30.0,Male,South,Sports,Dumbbell Set,2.0,48.03,10.0,Credit Card,4.0,86.45,2025-12-01,26-35
ORD100153,2025-12-27,CUST1572,25.0,Female,South,Home & Kitchen,Cookware Set,2.0,93.39,15.0,Credit Card,3.0,158.76,2025-12-01,18-25
ORD103254,2025-12-27,CUST1656,18.0,Male,West,Home & Kitchen,Bedsheet Set,4.0,105.57,10.0,UPI,5.0,380.05,2025-12-01,18-25
ORD100144,2025-12-27,CUST1031,33.0,Female,East,Sports,Running Shoes,4.0,60.11,10.0,Cash on Delivery,5.0,216.4,2025-12-01,26-35
ORD103416,2025-12-28,CUST1061,36.0,Female,East,Beauty,Perfume,1.0,51.2,0.0,Debit Card,3.0,51.2,2025-12-01,36-45
ORD103372,2025-12-28,CUST2170,31.0,Female,West,Sports,Running Shoes,3.0,42.42,10.0,Credit Card,5.0,114.53,2025-12-01,26-35
ORD103241,2025-12-28,CUST1406,22.0,Female,West,Electronics,Headphones,1.0,241.63,10.0,UPI,5.0,217.47,2025-12-01,18-25
ORD100864,2025-12-28,CUST1933,41.0,Female,North,Electronics,Headphones,4.0,238.3,5.0,Net Banking,3.0,905.54,2025-12-01,36-45
ORD100414,2025-12-28,CUST1326,28.0,Female,East,Sports,Water Bottle,2.0,50.75,0.0,Credit Card,4.0,101.5,2025-12-01,26-35
ORD103261,2025-12-28,CUST1373,36.0,Male,East,Sports,Yoga Mat,2.0,45.32,10.0,Net Banking,4.0,81.58,2025-12-01,36-45
ORD103306,2025-12-28,CUST1257,41.0,Female,West,Home & Kitchen,Bedsheet Set,3.0,71.29,5.0,Debit Card,3.0,203.18,2025-12-01,36-45
ORD103344,2025-12-28,CUST1709,45.0,Female,West,Clothing,Jeans,1.0,44.8,5.0,Debit Card,3.0,42.56,2025-12-01,36-45
ORD101953,2025-12-28,CUST1179,30.0,Female,North,Sports,Yoga Mat,1.0,7.94,0.0,Credit Card,5.0,7.94,2025-12-01,26-35
ORD103090,2025-12-28,CUST1017,40.0,Male,South,Beauty,Hair Dryer,1.0,39.75,10.0,Net Banking,4.0,35.78,2025-12-01,36-45
ORD103199,2025-12-28,CUST1382,36.0,Female,West,Home & Kitchen,Desk Lamp,2.0,67.65,20.0,Debit Card,4.0,108.24,2025-12-01,36-45
ORD103181,2025-12-28,CUST1709,36.0,Female,East,Beauty,Perfume,1.0,37.25,25.0,Credit Card,3.0,27.94,2025-12-01,36-45
ORD101971,2025-12-28,CUST1579,37.0,Male,West,Home & Kitchen,Bedsheet Set,2.0,116.24,5.0,UPI,5.0,220.86,2025-12-01,36-45
ORD100189,2025-12-28,CUST1362,39.0,Female,West,Sports,Water Bottle,2.0,55.77,15.0,UPI,4.0,94.81,2025-12-01,36-45
ORD101005,2025-12-28,CUST1037,31.0,Male,South,Sports,Yoga Mat,2.0,47.7,15.0,Debit Card,5.0,81.09,2025-12-01,26-35
ORD100667,2025-12-28,CUST1024,26.0,Female,West,Beauty,Face Cream,1.0,25.9,10.0,Credit Card,5.0,23.31,2025-12-01,26-35
ORD103357,2025-12-29,CUST1240,37.0,Female,South,Sports,Yoga Mat,2.0,64.07,15.0,Cash on Delivery,4.0,108.92,2025-12-01,36-45
ORD103162,2025-12-29,CUST1985,45.0,Male,Unknown,Electronics,Headphones,1.0,277.7,25.0,Credit Card,5.0,208.27,2025-12-01,36-45
ORD100581,2025-12-29,CUST1790,52.0,Male,East,Beauty,Face Cream,1.0,10.1,10.0,Credit Card,4.0,9.09,2025-12-01,46-55
ORD101762,2025-12-29,CUST2022,42.0,Female,East,Home & Kitchen,Cookware Set,1.0,105.75,5.0,UPI,3.0,100.46,2025-12-01,36-45
ORD103076,2025-12-29,CUST1181,34.0,Female,South,Clothing,T-Shirt,1.0,47.19,10.0,UPI,5.0,42.47,2025-12-01,26-35
ORD100979,2025-12-29,CUST2162,18.0,Male,North,Home & Kitchen,Cookware Set,3.0,55.38,0.0,Debit Card,4.0,166.14,2025-12-01,18-25
ORD103139,2025-12-29,CUST2065,40.0,Male,West,Sports,Water Bottle,1.0,77.73,0.0,UPI,4.0,77.73,2025-12-01,36-45
ORD101223,2025-12-29,CUST1356,18.0,Male,South,Beauty,Face Cream,1.0,49.63,15.0,UPI,4.0,42.19,2025-12-01,18-25
ORD103010,2025-12-29,CUST1725,46.0,Male,South,Electronics,Bluetooth Speaker,1.0,295.09,15.0,Cash on Delivery,5.0,250.83,2025-12-01,46-55
ORD101848,2025-12-29,CUST2051,38.0,Female,West,Electronics,Tablet,1.0,166.24,0.0,Debit Card,5.0,166.24,2025-12-01,36-45
ORD103067,2025-12-29,CUST1288,26.0,Male,Unknown,Sports,Water Bottle,1.0,20.77,10.0,Credit Card,4.0,18.69,2025-12-01,26-35
ORD102867,2025-12-29,CUST1939,43.0,Female,East,Clothing,Jeans,1.0,96.95,10.0,Cash on Delivery,4.0,87.26,2025-12-01,36-45
ORD100002,2025-12-29,CUST2055,51.0,Male,West,Sports,Dumbbell Set,1.0,22.92,5.0,Credit Card,5.0,21.77,2025-12-01,46-55
ORD100814,2025-12-29,CUST1779,60.0,Male,South,Home & Kitchen,Bedsheet Set,2.0,52.88,0.0,Credit Card,5.0,105.76,2025-12-01,56+
ORD103375,2025-12-29,CUST2150,31.0,Male,South,Electronics,Smartwatch,1.0,57.31,0.0,Net Banking,3.0,57.31,2025-12-01,26-35
ORD103069,2025-12-29,CUST1402,18.0,Female,West,Clothing,T-Shirt,3.0,50.62,0.0,Credit Card,4.0,151.86,2025-12-01,18-25
ORD103405,2025-12-29,CUST1380,34.0,Male,North,Sports,Dumbbell Set,1.0,34.26,10.0,Credit Card,3.0,30.83,2025-12-01,26-35
ORD102473,2025-12-29,CUST1823,40.0,Female,North,Clothing,Jeans,3.0,46.87,0.0,Net Banking,2.0,140.61,2025-12-01,36-45
ORD100001,2025-12-29,CUST2168,44.0,Male,North,Electronics,Tablet,2.0,196.43,0.0,Debit Card,5.0,392.86,2025-12-01,36-45
ORD102136,2025-12-30,CUST1153,42.0,Male,South,Clothing,T-Shirt,2.0,40.7,15.0,Debit Card,5.0,69.19,2025-12-01,36-45
ORD103013,2025-12-30,CUST1565,36.0,Male,South,Sports,Running Shoes,1.0,64.04,5.0,Cash on Delivery,5.0,60.84,2025-12-01,36-45
ORD100375,2025-12-30,CUST2050,47.0,Female,West,Sports,Yoga Mat,1.0,5.0,0.0,Cash on Delivery,4.0,5.0,2025-12-01,46-55
ORD100275,2025-12-30,CUST1237,36.0,Male,South,Beauty,Lipstick Set,1.0,33.49,5.0,Cash on Delivery,5.0,31.82,2025-12-01,36-45
ORD100867,2025-12-30,CUST1976,36.0,Female,Unknown,Electronics,Tablet,1.0,166.26,10.0,Credit Card,4.0,149.63,2025-12-01,36-45
ORD103205,2025-12-30,CUST1586,18.0,Female,West,Home & Kitchen,Air Fryer,2.0,82.75,20.0,Net Banking,3.0,132.4,2025-12-01,18-25
ORD100411,2025-12-30,CUST1019,23.0,Female,North,Home & Kitchen,Bedsheet Set,2.0,106.44,5.0,Cash on Delivery,4.0,202.24,2025-12-01,18-25
ORD103399,2025-12-30,CUST1319,58.0,Female,East,Beauty,Perfume,4.0,47.04,0.0,UPI,3.0,188.16,2025-12-01,56+
ORD101048,2025-12-30,CUST1056,36.0,Male,North,Electronics,Tablet,4.0,256.41,0.0,Debit Card,4.0,1025.64,2025-12-01,36-45
ORD100606,2025-12-30,CUST1018,44.0,Male,West,Clothing,Jacket,1.0,32.5,10.0,UPI,4.0,29.25,2025-12-01,36-45
ORD102442,2025-12-30,CUST1320,36.0,Male,Unknown,Electronics,Headphones,2.0,258.89,10.0,Credit Card,4.0,466.0,2025-12-01,36-45
ORD100729,2025-12-30,CUST1396,35.0,Female,South,Beauty,Face Cream,3.0,12.56,15.0,UPI,5.0,32.03,2025-12-01,26-35
ORD103281,2025-12-30,CUST1582,30.0,Female,West,Sports,Yoga Mat,1.0,47.3,5.0,Cash on Delivery,3.0,44.93,2025-12-01,26-35
ORD103221,2025-12-30,CUST1302,41.0,Male,North,Beauty,Face Cream,1.0,17.43,5.0,Net Banking,4.0,16.56,2025-12-01,36-45
ORD103291,2025-12-30,CUST2170,47.0,Female,Unknown,Clothing,Sneakers,3.0,92.71,10.0,Cash on Delivery,5.0,250.32,2025-12-01,46-55
ORD103163,2025-12-30,CUST1003,32.0,Female,Unknown,Sports,Yoga Mat,2.0,20.31,0.0,Credit Card,4.0,40.62,2025-12-01,26-35
ORD102246,2025-12-30,CUST1862,36.0,Female,East,Clothing,Jeans,3.0,62.12,0.0,Debit Card,4.0,186.36,2025-12-01,36-45
ORD102227,2025-12-30,CUST1653,52.0,Female,West,Beauty,Face Cream,1.0,36.84,20.0,UPI,5.0,29.47,2025-12-01,46-55
ORD102870,2025-12-30,CUST1240,52.0,Male,North,Beauty,Hair Dryer,4.0,40.64,20.0,Cash on Delivery,4.0,130.05,2025-12-01,46-55
ORD100574,2025-12-30,CUST1130,47.0,Male,North,Electronics,Tablet,1.0,60.23,5.0,UPI,4.0,57.22,2025-12-01,46-55
ORD100060,2025-12-30,CUST1763,38.0,Male,North,Home & Kitchen,Bedsheet Set,1.0,47.19,15.0,Debit Card,5.0,40.11,2025-12-01,36-45
ORD101783,2025-12-30,CUST1112,30.0,Female,West,Electronics,Bluetooth Speaker,1.0,169.4,15.0,Credit Card,4.0,143.99,2025-12-01,26-35
ORD102991,2025-12-30,CUST1095,39.0,Female,South,Home & Kitchen,Air Fryer,2.0,110.91,25.0,Credit Card,3.0,166.36,2025-12-01,36-45
ORD103438,2025-12-31,CUST1964,41.0,Male,North,Home & Kitchen,Cookware Set,1.0,99.69,10.0,Credit Card,3.0,89.72,2025-12-01,36-45
ORD103026,2025-12-31,CUST1312,30.0,Male,South,Sports,Water Bottle,1.0,21.81,20.0,Credit Card,5.0,17.45,2025-12-01,26-35
ORD100467,2025-12-31,CUST2094,49.0,Male,North,Home & Kitchen,Desk Lamp,2.0,70.7,15.0,Debit Card,5.0,120.19,2025-12-01,46-55
ORD102492,2025-12-31,CUST2078,44.0,Male,North,Clothing,Jeans,2.0,51.02,10.0,Credit Card,4.0,91.84,2025-12-01,36-45
ORD103389,2025-12-31,CUST2119,37.0,Male,South,Electronics,Smartwatch,3.0,114.56,0.0,Credit Card,4.0,343.68,2025-12-01,36-45
ORD103168,2025-12-31,CUST1906,53.0,Male,Unknown,Sports,Running Shoes,3.0,35.03,0.0,Debit Card,4.0,105.09,2025-12-01,46-55
ORD101434,2025-12-31,CUST1406,25.0,Female,South,Beauty,Lipstick Set,4.0,34.63,0.0,UPI,4.0,138.52,2025-12-01,18-25
ORD103051,2025-12-31,CUST2184,26.0,Female,Unknown,Sports,Yoga Mat,1.0,46.23,0.0,Credit Card,3.0,46.23,2025-12-01,26-35
ORD103274,2025-12-31,CUST1908,36.0,Female,East,Electronics,Tablet,3.0,188.63,20.0,UPI,4.0,452.71,2025-12-01,36-45
ORD102019,2025-12-31,CUST1710,35.0,Female,South,Sports,Yoga Mat,1.0,92.89875,15.0,UPI,3.0,78.96,2025-12-01,26-35
ORD103249,2025-12-31,CUST2096,31.0,Female,East,Sports,Water Bottle,1.0,30.62,10.0,UPI,3.0,27.56,2025-12-01,26-35
ORD103396,2025-12-31,CUST1261,45.0,Female,South,Electronics,Bluetooth Speaker,1.0,95.58,20.0,Credit Card,5.0,76.46,2025-12-01,36-45
ORD101862,2025-12-31,CUST1175,48.0,Female,East,Clothing,Sneakers,3.0,67.46,15.0,Credit Card,5.0,172.02,2025-12-01,46-55
